run_id,data_source,trade_id,ticker_a,ticker_b,basket,feat_vol,feat_pnl_proxy,feat_abs_entry_z,feat_confidence,feat_exit_z,feat_velocity,feat_bars_held,feat_half_life,label
20261005T183107Z,alpaca_live_path_harvest,1,AAPL,MSFT,mag7,3.0015378941764266,0.0,1.9661521588632735,0.6067947584031368,-1.9661521588632735,-1.7808393584966098,0.0,0.6666666666666666,1
20261005T183107Z,alpaca_live_path_harvest,2,AAPL,MSFT,mag7,3.1415554695927894,0.857986252294594,1.9661521588632735,0.609789508580085,-1.1081659065686795,-0.7641774671339704,1.0,0.6666666666666666,1
20261005T183107Z,alpaca_live_path_harvest,3,AAPL,MSFT,mag7,3.2336702434265012,2.3690161059383947,1.9661521588632735,0.6074502703868286,0.40286394707512135,0.13438138895430712,2.0,0.6666666666666666,1
20261005T183107Z,alpaca_live_path_harvest,4,AAPL,MSFT,mag7,3.211934283965149,1.8907681168573882,1.9661521588632735,0.65838975677992,-0.07538404200588533,-1.0695653639844636,3.0,0.6666666666666666,1
20261005T183107Z,alpaca_live_path_harvest,5,AAPL,MSFT,mag7,3.172343842538625,2.4225507079526016,1.9661521588632735,0.6579124527918667,0.4563985490893279,1.1448954340978275,4.0,0.6666666666666666,1
20261005T183107Z,alpaca_live_path_harvest,6,AAPL,MSFT,mag7,3.4056077914984475,2.9880580289987178,1.9661521588632735,0.6514162104822335,1.0219058701354444,2.4931346588995895,5.0,0.6666666666666666,1
20261005T183107Z,alpaca_live_path_harvest,7,AAPL,MSFT,mag7,3.6180314968353176,3.1287315311376105,1.9661521588632735,0.6343436130939996,1.1625793722743367,1.9772786364190211,6.0,0.6666666666666666,1
20261005T183107Z,alpaca_live_path_harvest,8,AAPL,MSFT,mag7,3.6200727081619313,1.7741037812850693,1.9661521588632735,0.6343546738923157,-0.19204837757820414,-0.42682891520551036,7.0,0.6666666666666666,1
20261005T183107Z,alpaca_live_path_harvest,9,AAPL,MSFT,mag7,3.792704228930649,0.8482838998818902,1.9661521588632735,0.6285485892138843,-1.1178682589813833,-0.7980300871590146,8.0,0.6666666666666666,1
20261005T183107Z,alpaca_live_path_harvest,10,AAPL,MSFT,mag7,4.068647370063254,0.5405509357613674,1.9661521588632735,0.6201845947395855,-1.4256012231019062,-1.5721439479480694,9.0,0.6666666666666666,1
20261005T183107Z,alpaca_live_path_harvest,11,AAPL,MSFT,mag7,4.4652845171144815,3.556777863105717,1.9661521588632735,0.5988173448093892,1.5906257042424432,0.45798366944800933,10.0,0.6666666666666666,1
20261005T183107Z,alpaca_live_path_harvest,12,AAPL,MSFT,mag7,4.526171525435667,1.2613395957518776,1.9661521588632735,0.5976158290602649,-0.7048125631113958,-1.6482170342695839,11.0,0.6666666666666666,1
20261005T183107Z,alpaca_live_path_harvest,13,AAPL,MSFT,mag7,4.9740133499609716,0.034788213946068236,1.9661521588632735,0.5730126625439891,-1.9313639449172053,-1.6375927372934656,12.0,0.6666666666666666,1
20261005T183107Z,alpaca_live_path_harvest,14,AAPL,MSFT,mag7,4.972479729853405,3.2609081188830773,1.9661521588632735,0.5634483152653855,1.2947559600198038,1.8640077639275376,13.0,0.6666666666666666,1
20261005T183107Z,alpaca_live_path_harvest,15,AAPL,MSFT,mag7,4.937628427168526,1.421445854156798,1.9661521588632735,0.5619062969007209,-0.5447063047064755,0.6372354109149171,14.0,0.6666666666666666,1
20261005T183107Z,alpaca_live_path_harvest,16,AAPL,MSFT,mag7,4.54127621113795,1.4937299863506464,1.9661521588632735,0.5615460557858428,-0.4724221725126272,-1.8005027946330017,15.0,0.6666666666666666,1
20261005T183107Z,alpaca_live_path_harvest,17,AAPL,MSFT,mag7,8.386121332504027,6.554123023858628,1.9661521588632735,0.42778409388959876,4.587970864995354,6.1133237019232585,16.0,0.6666666666666666,0
20261005T183107Z,alpaca_live_path_harvest,18,AAPL,MSFT,mag7,8.390639501046971,2.398129464060794,1.9661521588632735,0.4273862711280579,0.43197730519752087,2.251130112175781,17.0,0.6666666666666666,1
20261005T183107Z,alpaca_live_path_harvest,19,AAPL,MSFT,mag7,9.028570626749474,4.249621826959715,1.9661521588632735,0.40986389534571227,2.283469668096442,1.9922718011168854,18.0,0.6666666666666666,0
20261005T183107Z,alpaca_live_path_harvest,20,AAPL,MSFT,mag7,9.095799314294334,2.9727968539554084,1.9661521588632735,0.40959949278302593,1.0066446950921346,1.9658397541277508,19.0,0.6666666666666666,1
20261005T183107Z,alpaca_live_path_harvest,21,AAPL,MSFT,mag7,9.10432268159641,2.609913477611859,1.9661521588632735,0.418890494865866,0.6437613187485856,1.4804036229854431,20.0,0.6666666666666666,1
20261005T183107Z,alpaca_live_path_harvest,22,AAPL,MSFT,mag7,9.46147908146457,3.7555599827357242,1.9661521588632735,0.4144169565194392,1.7894078238724507,-2.8597133564018464,21.0,0.6666666666666666,0
20261005T183107Z,alpaca_live_path_harvest,23,AAPL,MSFT,mag7,9.564198426534945,1.3200469342437375,1.9661521588632735,0.4109836041670106,-0.6461052246195361,-1.13680207901254,22.0,0.6666666666666666,1
20261005T183107Z,alpaca_live_path_harvest,24,AAPL,MSFT,mag7,10.207721649096303,0.08041435640930761,1.9661521588632735,0.39285828681730545,-1.885737802453966,-5.413160683097544,23.0,0.6666666666666666,1
20261005T183107Z,alpaca_live_path_harvest,25,AAPL,MSFT,mag7,9.971007316720799,1.7425143139534902,1.9661521588632735,0.3921031485317033,-0.22363784490978322,-1.5594690301457603,24.0,0.6666666666666666,1
20261005T183107Z,alpaca_live_path_harvest,26,AAPL,MSFT,mag7,10.005812387801797,2.966252697866974,1.9661521588632735,0.3901547495358833,1.0001005390037006,0.5702469199176903,25.0,0.6666666666666666,1
20261005T183107Z,alpaca_live_path_harvest,27,AAPL,MSFT,mag7,10.680118402611317,0.16937293890565575,1.9661521588632735,0.37610369316109654,-1.7967792199576178,-5.074291067492004,26.0,0.6666666666666666,1
20261005T183107Z,alpaca_live_path_harvest,28,AAPL,MSFT,mag7,10.47219901239578,1.1356826699696496,1.9661521588632735,0.37310620106586967,-0.830469488893624,-0.4905872366673293,27.0,0.6666666666666666,1
20261005T183107Z,alpaca_live_path_harvest,29,AAPL,MSFT,mag7,10.665714496817042,3.32016629919494,1.9661521588632735,0.3702621671210216,1.3540141403316663,4.61683843067309,28.0,0.6666666666666666,0
20261005T183107Z,alpaca_live_path_harvest,30,AAPL,MSFT,mag7,10.62329344708617,1.619592899995328,1.9661521588632735,0.3736284611471921,-0.34655925886794564,-0.17883690017806658,29.0,0.6666666666666666,1
20261005T183107Z,alpaca_live_path_harvest,31,AAPL,MSFT,mag7,10.67282522867518,1.3677886194504532,1.9661521588632735,0.37274158417979497,-0.5983635394128204,-2.281657161813314,30.0,0.6666666666666666,1
20261005T183107Z,alpaca_live_path_harvest,32,AAPL,MSFT,mag7,8.378524652936905,2.484126404456494,1.9661521588632735,0.37402990358445615,0.5179742455932205,3.422438484226473,31.0,0.6666666666666666,1
20261005T183107Z,alpaca_live_path_harvest,33,AAPL,MSFT,mag7,8.643079968432108,3.1276215266257976,1.9661521588632735,0.37914000015071186,1.161469367762524,3.103377405895327,32.0,0.6666666666666666,0
20261005T183107Z,alpaca_live_path_harvest,34,AAPL,MSFT,mag7,7.91869800772824,2.1446380158886336,1.9661521588632735,0.379334279116573,0.1784858570253601,-1.6505181637307715,33.0,0.6666666666666666,1
20261005T183107Z,alpaca_live_path_harvest,35,AAPL,MSFT,mag7,7.9870798441164474,1.0147817938312387,1.9661521588632735,0.3759569288100491,-0.9513703650320348,-0.8965944625098701,34.0,0.6666666666666666,1
20261005T183107Z,alpaca_live_path_harvest,36,AAPL,MSFT,mag7,7.920987637600112,1.550410105142888,1.9661521588632735,0.3762083687437542,-0.4157420537203855,0.3032245024893768,35.0,0.6666666666666666,1
20261005T183107Z,alpaca_live_path_harvest,37,AAPL,MSFT,mag7,7.082997321415912,1.4546633438767145,1.9661521588632735,0.4273438167576871,-0.5114888149865591,-1.5478320244642532,36.0,0.6666666666666666,1
20261005T183107Z,alpaca_live_path_harvest,38,AAPL,MSFT,mag7,7.087949995020585,1.4219167845306169,1.9661521588632735,0.42534486359365187,-0.5442353743326567,-2.65701115800926,37.0,0.6666666666666666,1
20261005T183107Z,alpaca_live_path_harvest,39,AAPL,MSFT,mag7,6.469452543100461,1.2881255018271136,1.9661521588632735,0.4453293519738409,-0.6780266570361599,-1.438120374356083,38.0,0.6666666666666666,1
20261005T183107Z,alpaca_live_path_harvest,40,AAPL,MSFT,mag7,6.483797089001727,1.5968841891433831,1.9661521588632735,0.45125917893934925,-0.3692679697198904,0.8010002999873791,39.0,0.6666666666666666,1
20261005T183107Z,alpaca_live_path_harvest,41,AAPL,MSFT,mag7,6.190336903990746,1.0817600844600865,1.9661521588632735,0.451388681381493,-0.8843920744031869,-0.7745494647869918,40.0,0.6666666666666666,1
20261005T183107Z,alpaca_live_path_harvest,42,AAPL,MSFT,mag7,5.424362012073302,1.631038497256644,1.9661521588632735,0.4817549894268995,-0.3351136616066294,0.2422003749871692,41.0,0.6666666666666666,1
20261005T183107Z,alpaca_live_path_harvest,43,AAPL,MSFT,mag7,5.29725508521603,2.1102797749053837,1.9661521588632735,0.48022225399923096,0.1441276160421103,1.0474990112750446,42.0,0.6666666666666666,1
20261005T183107Z,alpaca_live_path_harvest,44,AAPL,MSFT,mag7,4.439297058210076,2.245347628209225,1.9661521588632735,0.500117186267805,0.27919546934595146,1.5270202323783792,43.0,0.6666666666666666,0
20261005T183107Z,alpaca_live_path_harvest,45,AAPL,MSFT,mag7,4.445081107500471,1.9214487276792986,1.9661521588632735,0.4998828686369441,-0.044703431183975,0.5402072427126654,44.0,0.6666666666666666,1
20261005T183107Z,alpaca_live_path_harvest,46,AAPL,MSFT,mag7,4.430378722348906,1.4361271175452213,1.9661521588632735,0.513682678066217,-0.5300250413180523,0.5352547089729456,45.0,0.6666666666666666,1
20261005T183107Z,alpaca_live_path_harvest,47,AAPL,MSFT,mag7,4.171398795997558,1.6679520545441964,1.9661521588632735,0.545990020760126,-0.29820010431907706,-0.002592865015139978,46.0,0.6666666666666666,1
20261005T183107Z,alpaca_live_path_harvest,48,AAPL,MSFT,mag7,2.8772920962669293,1.885223403886871,1.9661521588632735,0.5535060900930122,-0.0809287549764026,-0.40082568704141863,47.0,0.6666666666666666,1
20261005T183107Z,alpaca_live_path_harvest,49,AAPL,MSFT,mag7,2.7645033554195897,2.0639936803396752,1.9661521588632735,0.5973778426860703,0.09784152147640164,-0.3240328716224724,48.0,0.6666666666666666,0
20261005T183107Z,alpaca_live_path_harvest,50,AAPL,MSFT,mag7,2.5469095350466966,1.92915548513313,1.9661521588632735,0.5970953177112157,-0.036996673730143495,0.005332711025056369,49.0,0.6666666666666666,1
20261005T183107Z,alpaca_live_path_harvest,51,AAPL,MSFT,mag7,2.5876294614098994,1.958262759419689,1.9661521588632735,0.600582010205383,-0.007889399443584532,0.7969349494284416,50.0,0.6666666666666666,0
20261005T183107Z,alpaca_live_path_harvest,52,AAPL,MSFT,mag7,4.41906880546652,0.0,2.498249277339306,0.5999761042240611,-2.498249277339306,-2.8436753169541134,0.0,0.13333333333333333,1
20261005T183107Z,alpaca_live_path_harvest,53,AAPL,MSFT,mag7,4.711957274209834,1.049841663631025,2.498249277339306,0.5817350276589985,-1.448407613708281,-0.23578986980401168,1.0,0.13333333333333333,1
20261005T183107Z,alpaca_live_path_harvest,54,AAPL,MSFT,mag7,4.401084736879073,1.4565741378767747,2.498249277339306,0.5740212441916778,-1.0416751394625314,-1.718827806008369,2.0,0.13333333333333333,1
20261005T183107Z,alpaca_live_path_harvest,55,AAPL,MSFT,mag7,4.772681431269428,0.5716955745904215,2.498249277339306,0.5506808965684644,-1.9265537027488846,-2.205706735417459,3.0,0.13333333333333333,1
20261005T183107Z,alpaca_live_path_harvest,56,AAPL,MSFT,mag7,4.892999763164138,3.742424447066382,2.498249277339306,0.5427076646713751,1.244175169727076,0.7522788303652078,4.0,0.13333333333333333,1
20261005T183107Z,alpaca_live_path_harvest,57,AAPL,MSFT,mag7,5.171927612214748,3.8651957204210694,2.498249277339306,0.5375195255211644,1.3669464430817633,3.3065934621943485,5.0,0.13333333333333333,1
20261005T183107Z,alpaca_live_path_harvest,58,AAPL,MSFT,mag7,5.721292125334606,0.19583410140755664,2.498249277339306,0.5134128951566008,-2.3024151759317495,-0.9072883992795141,6.0,0.13333333333333333,1
20261005T183107Z,alpaca_live_path_harvest,59,AAPL,MSFT,mag7,5.774323116250123,3.0048113325024124,2.498249277339306,0.5265964881231162,0.506562055163106,1.1921860695384567,7.0,0.13333333333333333,1
20261005T183107Z,alpaca_live_path_harvest,60,AAPL,MSFT,mag7,6.582091689905355,4.954742107057559,2.498249277339306,0.49813712473019545,2.456492829718253,3.9561359258448987,8.0,0.13333333333333333,0
20261005T183107Z,alpaca_live_path_harvest,61,AAPL,MSFT,mag7,6.848756844355905,0.8709958782396772,2.498249277339306,0.4915826591693568,-1.627253399099629,-2.696513305554845,9.0,0.13333333333333333,1
20261005T183107Z,alpaca_live_path_harvest,62,AAPL,MSFT,mag7,6.742375064651747,1.8246156640816436,2.498249277339306,0.49233180703371293,-0.6736336132576627,-1.9059813320492367,10.0,0.13333333333333333,0
20261005T183107Z,alpaca_live_path_harvest,63,AAPL,MSFT,mag7,7.406526043731774,0.0,2.2795156776242615,0.46605485666449514,2.2795156776242615,0.14063422289543723,0.0,0.13333333333333333,1
20261005T183107Z,alpaca_live_path_harvest,64,AAPL,MSFT,mag7,7.51643209995743,1.4681314162803152,2.2795156776242615,0.46315308266650845,0.8113842613439464,2.554690222834131,1.0,0.13333333333333333,1
20261005T183107Z,alpaca_live_path_harvest,65,AAPL,MSFT,mag7,7.019143645816139,2.8765993607734948,2.2795156776242615,0.4645107485622797,-0.5970836831492332,0.20916180747010457,2.0,0.13333333333333333,1
20261005T183107Z,alpaca_live_path_harvest,66,AAPL,MSFT,mag7,7.1640713354516965,0.6996549828066192,2.2795156776242615,0.45644458062080306,1.5798606948176424,1.6796569762033982,3.0,0.13333333333333333,1
20261005T183107Z,alpaca_live_path_harvest,67,AAPL,MSFT,mag7,7.010307509306875,2.075141138961332,2.2795156776242615,0.45834336975661605,0.2043745386629296,-0.14035339180983328,4.0,0.13333333333333333,1
20261005T183107Z,alpaca_live_path_harvest,68,AAPL,MSFT,mag7,6.687612273044346,3.2675454060347056,2.2795156776242615,0.4560404453658843,-0.9880297284104441,-3.3395543628391122,5.0,0.13333333333333333,0
20261005T183107Z,alpaca_live_path_harvest,69,AAPL,MSFT,mag7,6.960496298180462,0.6298209797801704,2.2795156776242615,0.4439147641722096,1.6496946978440912,1.041067718725003,6.0,0.13333333333333333,1
20261005T183107Z,alpaca_live_path_harvest,70,AAPL,MSFT,mag7,6.87220110257668,2.1543175567531287,2.2795156776242615,0.4601293441687899,0.12519812087113288,0.8222784645010165,7.0,0.13333333333333333,1
20261005T183107Z,alpaca_live_path_harvest,71,AAPL,MSFT,mag7,6.029639797336506,1.4439271347168807,2.2795156776242615,0.4647451363618803,0.8355885429073808,-0.6672544783093827,8.0,0.13333333333333333,1
20261005T183107Z,alpaca_live_path_harvest,72,AAPL,MSFT,mag7,6.087551044694304,1.356898006793633,2.2795156776242615,0.4670896122357819,0.9226176708306287,0.9171676698126021,9.0,0.13333333333333333,1
20261005T183107Z,alpaca_live_path_harvest,73,AAPL,MSFT,mag7,5.875607834581565,3.131188467378191,2.2795156776242615,0.4794788985369692,-0.8516727897539293,0.19724149992697448,10.0,0.13333333333333333,0
20261005T183107Z,alpaca_live_path_harvest,74,AAPL,MSFT,mag7,5.531327423382103,0.0,1.6190460409812892,0.5047466447249851,-1.6190460409812892,-1.9454777423438259,0.0,0.13333333333333333,1
20261005T183107Z,alpaca_live_path_harvest,75,AAPL,MSFT,mag7,7.083233565436353,-0.9480267352075737,1.6190460409812892,0.4674639745870854,-2.567072776188863,-4.11648827250832,1.0,0.13333333333333333,1
20261005T183107Z,alpaca_live_path_harvest,76,AAPL,MSFT,mag7,7.364275695078415,-0.28170877448802156,1.6190460409812892,0.44554291908679383,-1.9007548154693108,-3.49706174185859,2.0,0.13333333333333333,1
20261005T183107Z,alpaca_live_path_harvest,77,AAPL,MSFT,mag7,9.462582120185775,4.410578960041334,1.6190460409812892,0.3997928951719443,2.7915329190600446,4.067316960971539,3.0,0.13333333333333333,0
20261005T183107Z,alpaca_live_path_harvest,78,AAPL,MSFT,mag7,9.437106765431425,2.1986098410650805,1.6190460409812892,0.4039363031611188,0.5795638000837912,-0.050970750794340346,4.0,0.13333333333333333,1
20261005T183107Z,alpaca_live_path_harvest,79,AAPL,MSFT,mag7,9.283303840960436,1.6590510212896854,1.6190460409812892,0.4040189675911881,0.04000498030839625,1.967702908952424,5.0,0.13333333333333333,1
20261005T183107Z,alpaca_live_path_harvest,80,AAPL,MSFT,mag7,9.320194613040861,2.1829611356837297,1.6190460409812892,0.4055143569809729,0.5639150947024404,4.314943936537714,6.0,0.13333333333333333,1
20261005T183107Z,alpaca_live_path_harvest,81,AAPL,MSFT,mag7,9.131414919166271,1.2688886330200129,1.6190460409812892,0.4118817552596425,-0.35015740796127626,2.1944772503980743,7.0,0.13333333333333333,1
20261005T183107Z,alpaca_live_path_harvest,82,AAPL,MSFT,mag7,9.180820241191666,0.9170606508342326,1.6190460409812892,0.40957392040145874,-0.7019853901470566,-5.299058731140951,8.0,0.13333333333333333,1
20261005T183107Z,alpaca_live_path_harvest,83,AAPL,MSFT,mag7,9.167094648643074,2.2217401544483426,1.6190460409812892,0.4098360051691213,0.6026941134670535,0.07406047470361728,9.0,0.13333333333333333,1
20261005T183107Z,alpaca_live_path_harvest,84,AAPL,MSFT,mag7,9.452031700481605,2.702339487436108,1.6190460409812892,0.40567628528365246,1.083293446454819,1.7244808003492267,10.0,0.13333333333333333,0
20261005T183107Z,alpaca_live_path_harvest,85,AAPL,MSFT,mag7,5.943385597315566,0.0,2.010334495451836,0.4688006380724085,-2.010334495451836,-2.317039329343686,0.0,0.13333333333333333,1
20261005T183107Z,alpaca_live_path_harvest,86,AAPL,MSFT,mag7,6.007848010779495,2.552705538369094,2.010334495451836,0.4752586128615644,0.5423710429172582,0.5243015869221381,1.0,0.13333333333333333,1
20261005T183107Z,alpaca_live_path_harvest,87,AAPL,MSFT,mag7,6.009139139855652,2.4502309101109727,2.010334495451836,0.48553613350038405,0.4398964146591367,0.05908770171646438,2.0,0.13333333333333333,1
20261005T183107Z,alpaca_live_path_harvest,88,AAPL,MSFT,mag7,5.840133526088828,2.2831854022819322,2.010334495451836,0.48885294989916767,0.27285090683009655,0.3836415816647104,3.0,0.13333333333333333,1
20261005T183107Z,alpaca_live_path_harvest,89,AAPL,MSFT,mag7,6.000981676243747,3.329459802247489,2.010334495451836,0.4853828845030311,1.319125306795653,0.9633358098378949,4.0,0.13333333333333333,0
20261005T183107Z,alpaca_live_path_harvest,90,AAPL,MSFT,mag7,5.955422602466367,1.5082270630470314,2.010334495451836,0.5036524175364592,-0.5021074324048045,2.346899876506609,5.0,0.13333333333333333,1
20261005T183107Z,alpaca_live_path_harvest,91,AAPL,MSFT,mag7,5.823759550784983,1.6781326327171595,2.010334495451836,0.5023941970712978,-0.3322018627346764,-1.1243662454677292,6.0,0.13333333333333333,1
20261005T183107Z,alpaca_live_path_harvest,92,AAPL,MSFT,mag7,5.626982357762618,1.7523259595531433,2.010334495451836,0.5030816122109281,-0.2580085358986926,-0.7763843106622061,7.0,0.13333333333333333,0
20261005T183107Z,alpaca_live_path_harvest,93,AAPL,MSFT,mag7,16.14720574285582,-3.257360207713042,2.010334495451836,0.28681449771262674,-5.267694703164878,-12.096892577402855,8.0,0.13333333333333333,0
20261005T183107Z,alpaca_live_path_harvest,1,NVDA,AMD,semis,4.397864397858587,0.0,2.661413907363442,0.6593677049705602,-2.661413907363442,-3.1482075759552854,0.0,0.6666666666666666,1
20261005T183107Z,alpaca_live_path_harvest,2,NVDA,AMD,semis,4.527783977498147,1.5015855792508712,2.661413907363442,0.6568604229715044,-1.159828328112571,-2.0707734608495914,1.0,0.6666666666666666,1
20261005T183107Z,alpaca_live_path_harvest,3,NVDA,AMD,semis,4.213904061521269,2.6766040376933153,2.661413907363442,0.6568127910628712,0.015190130329873049,-0.08718680466384399,2.0,0.6666666666666666,1
20261005T183107Z,alpaca_live_path_harvest,4,NVDA,AMD,semis,4.296517480814576,1.6881567422491548,2.661413907363442,0.6558348792494046,-0.9732571651142873,-1.0622393749685954,3.0,0.6666666666666666,1
20261005T183107Z,alpaca_live_path_harvest,5,NVDA,AMD,semis,4.559302587139493,0.8138480425516867,2.661413907363442,0.6392007263499618,-1.8475658648117554,-0.8134983111665293,4.0,0.6666666666666666,1
20261005T183107Z,alpaca_live_path_harvest,6,NVDA,AMD,semis,4.869530957366707,0.7972537331747782,2.661413907363442,0.6254935236519295,-1.864160174188664,0.48533821756822704,5.0,0.6666666666666666,1
20261005T183107Z,alpaca_live_path_harvest,7,NVDA,AMD,semis,4.853184541507328,2.5345189252179887,2.661413907363442,0.6278188706075082,-0.12689498214545333,0.6654412625758823,6.0,0.6666666666666666,1
20261005T183107Z,alpaca_live_path_harvest,8,NVDA,AMD,semis,4.814941411190189,2.4756616453894695,2.661413907363442,0.6439325578596152,-0.18575226197397257,-0.3602876493640849,7.0,0.6666666666666666,1
20261005T183107Z,alpaca_live_path_harvest,9,NVDA,AMD,semis,5.047535191532679,4.0277037085273095,2.661413907363442,0.630963863576193,1.3662898011638673,1.7938475893967847,8.0,0.6666666666666666,1
20261005T183107Z,alpaca_live_path_harvest,10,NVDA,AMD,semis,5.064786834619954,3.215871901679429,2.661413907363442,0.6314874693573883,0.5544579943159867,1.9500945185158742,9.0,0.6666666666666666,1
20261005T183107Z,alpaca_live_path_harvest,11,NVDA,AMD,semis,4.877439231928696,3.372082133147259,2.661413907363442,0.6275351206562902,0.7106682257838165,2.1757769313877815,10.0,0.6666666666666666,1
20261005T183107Z,alpaca_live_path_harvest,12,NVDA,AMD,semis,4.525921847082341,3.0858516318508715,2.661413907363442,0.6257559300956744,0.4244377244874295,0.5458979416881334,11.0,0.6666666666666666,1
20261005T183107Z,alpaca_live_path_harvest,13,NVDA,AMD,semis,5.5214206344628565,5.1708099627295265,2.661413907363442,0.5936078752436347,2.5093960553660843,2.3743175819824613,12.0,0.6666666666666666,1
20261005T183107Z,alpaca_live_path_harvest,14,NVDA,AMD,semis,6.218639341509324,-0.043858816622787344,2.661413907363442,0.5684438369709971,-2.7052727239862295,-3.5645392317472955,13.0,0.6666666666666666,1
20261005T183107Z,alpaca_live_path_harvest,15,NVDA,AMD,semis,6.202059048697455,2.244391853362329,2.661413907363442,0.569210804488477,-0.41702205400111325,-0.8414073265054582,14.0,0.6666666666666666,1
20261005T183107Z,alpaca_live_path_harvest,16,NVDA,AMD,semis,9.013426113745991,6.786030650948231,2.661413907363442,0.48377824642941714,4.124616743584788,4.57218697362473,15.0,0.6666666666666666,0
20261005T183107Z,alpaca_live_path_harvest,17,NVDA,AMD,semis,8.97125622108878,3.367425158191601,2.661413907363442,0.4849279056266994,0.7060112508281589,0.6358976712227502,16.0,0.6666666666666666,1
20261005T183107Z,alpaca_live_path_harvest,18,NVDA,AMD,semis,8.980987221421245,2.490394465882756,2.661413907363442,0.48500924611602897,-0.1710194414806861,-2.249709548398772,17.0,0.6666666666666666,1
20261005T183107Z,alpaca_live_path_harvest,19,NVDA,AMD,semis,8.916235734384667,2.305813785858647,2.661413907363442,0.48501969963832214,-0.3556001215047951,2.1898763695122,18.0,0.6666666666666666,1
20261005T183107Z,alpaca_live_path_harvest,20,NVDA,AMD,semis,8.5715919893731,2.7091355559327503,2.661413907363442,0.48618057770677947,0.04772164856930816,0.6107363270757162,19.0,0.6666666666666666,1
20261005T183107Z,alpaca_live_path_harvest,21,NVDA,AMD,semis,8.129352591871655,2.9007605061600317,2.661413907363442,0.49793257260864826,0.2393465987965896,-4.7310520659134,20.0,0.6666666666666666,1
20261005T183107Z,alpaca_live_path_harvest,22,NVDA,AMD,semis,8.079554643730338,3.227813833402423,2.661413907363442,0.4998289612359809,0.5663999260389808,-0.16801616123937607,21.0,0.6666666666666666,1
20261005T183107Z,alpaca_live_path_harvest,23,NVDA,AMD,semis,8.269089859553517,1.7956341029028766,2.661413907363442,0.49609951441052647,-0.8657798044605656,-0.8847005703669538,22.0,0.6666666666666666,1
20261005T183107Z,alpaca_live_path_harvest,24,NVDA,AMD,semis,8.30254606647621,3.601864055359364,2.661413907363442,0.4955929057566409,0.9404501479959222,1.6161351849396965,23.0,0.6666666666666666,1
20261005T183107Z,alpaca_live_path_harvest,25,NVDA,AMD,semis,8.341907351161282,3.488370628575229,2.661413907363442,0.5032378582014747,0.826956721211787,0.9939742043776618,24.0,0.6666666666666666,1
20261005T183107Z,alpaca_live_path_harvest,26,NVDA,AMD,semis,8.46508624601893,2.131242327643971,2.661413907363442,0.5125904051155593,-0.5301715797194715,-0.9458959347672021,25.0,0.6666666666666666,1
20261005T183107Z,alpaca_live_path_harvest,27,NVDA,AMD,semis,8.49039223445408,3.3714806378476867,2.661413907363442,0.5130792329921144,0.7100667304842443,0.23965477970020288,26.0,0.6666666666666666,1
20261005T183107Z,alpaca_live_path_harvest,28,NVDA,AMD,semis,8.24387091339505,3.4217275040956405,2.661413907363442,0.5139776707350563,0.7603135967321982,2.0972650549255207,27.0,0.6666666666666666,1
20261005T183107Z,alpaca_live_path_harvest,29,NVDA,AMD,semis,8.608278538642752,0.3715167869588556,2.661413907363442,0.48139509980693845,-2.2898971204045866,-4.3346930350116795,28.0,0.6666666666666666,1
20261005T183107Z,alpaca_live_path_harvest,30,NVDA,AMD,semis,8.573840172572364,3.4927184756127656,2.661413907363442,0.4797755531366107,0.8313045682493233,0.06224952046728731,29.0,0.6666666666666666,1
20261005T183107Z,alpaca_live_path_harvest,31,NVDA,AMD,semis,5.917554329450277,2.0373384303648083,2.661413907363442,0.4767359305816254,-0.6240754769986337,-0.23978372423754307,30.0,0.6666666666666666,1
20261005T183107Z,alpaca_live_path_harvest,32,NVDA,AMD,semis,5.936794109275065,2.0064983994395997,2.661413907363442,0.47367575175508664,-0.6549155079238423,-1.8953607633599063,31.0,0.6666666666666666,1
20261005T183107Z,alpaca_live_path_harvest,33,NVDA,AMD,semis,6.19609698081213,3.6130201462383775,2.661413907363442,0.47853443992721123,0.9516062388749351,0.32271893923746686,32.0,0.6666666666666666,0
20261005T183107Z,alpaca_live_path_harvest,34,NVDA,AMD,semis,6.249927238025029,3.2649220686944855,2.661413907363442,0.4979747176453098,0.6035081613310435,4.045788867679545,33.0,0.6666666666666666,1
20261005T183107Z,alpaca_live_path_harvest,35,NVDA,AMD,semis,6.59984129851626,1.5955654347094848,2.661413907363442,0.49118114600097457,-1.0658484726539574,-2.6434259166628578,34.0,0.6666666666666666,1
20261005T183107Z,alpaca_live_path_harvest,36,NVDA,AMD,semis,6.621312464319211,3.031787147270418,2.661413907363442,0.5722081968430173,0.37037323990697607,1.3946984054003564,35.0,0.6666666666666666,1
20261005T183107Z,alpaca_live_path_harvest,37,NVDA,AMD,semis,6.559040914630464,2.787117074417484,2.661413907363442,0.5755352986411333,0.12570316705404197,1.0916800962736546,36.0,0.6666666666666666,1
20261005T183107Z,alpaca_live_path_harvest,38,NVDA,AMD,semis,6.515348212053691,2.042094572397778,2.661413907363442,0.5715191199286526,-0.619319334965664,-2.262430540200069,37.0,0.6666666666666666,1
20261005T183107Z,alpaca_live_path_harvest,39,NVDA,AMD,semis,6.329458966659483,2.9100945490622285,2.661413907363442,0.5720469994684516,0.24868064169878637,-0.5956757983583941,38.0,0.6666666666666666,1
20261005T183107Z,alpaca_live_path_harvest,40,NVDA,AMD,semis,6.138261255710534,2.660401562101747,2.661413907363442,0.5720467117052328,-0.0010123452616949261,1.47248714872444,39.0,0.6666666666666666,1
20261005T183107Z,alpaca_live_path_harvest,41,NVDA,AMD,semis,6.1730594516927075,3.1236149371921926,2.661413907363442,0.5704784153047445,0.46220102982875033,0.15014971325327905,40.0,0.6666666666666666,1
20261005T183107Z,alpaca_live_path_harvest,42,NVDA,AMD,semis,6.034320235672129,2.7618872529512943,2.661413907363442,0.5725651103521272,0.10047334558785195,0.0563259047196766,41.0,0.6666666666666666,1
20261005T183107Z,alpaca_live_path_harvest,43,NVDA,AMD,semis,5.843866823020478,2.587481135065224,2.661413907363442,0.5787442108867413,-0.07393277229821847,0.8938479507803152,42.0,0.6666666666666666,1
20261005T183107Z,alpaca_live_path_harvest,44,NVDA,AMD,semis,4.126878654639288,2.4581346480055855,2.661413907363442,0.5853139042424375,-0.20327925935785676,-0.48896752491615986,43.0,0.6666666666666666,1
20261005T183107Z,alpaca_live_path_harvest,45,NVDA,AMD,semis,4.012212226541275,1.8857770464169077,2.661413907363442,0.5879974098252625,-0.7756368609465344,-0.8952967352634005,44.0,0.6666666666666666,1
20261005T183107Z,alpaca_live_path_harvest,46,NVDA,AMD,semis,4.261069697739074,1.4966027424067294,2.661413907363442,0.5804483946530158,-1.1648111649567128,-2.0980108157011843,45.0,0.6666666666666666,1
20261005T183107Z,alpaca_live_path_harvest,47,NVDA,AMD,semis,4.140501206580691,2.2313685113541593,2.661413907363442,0.5866685030938253,-0.43004539600928293,-0.6685326659338671,46.0,0.6666666666666666,1
20261005T183107Z,alpaca_live_path_harvest,48,NVDA,AMD,semis,3.6916540127100754,2.7940417361051715,2.661413907363442,0.5936219874423165,0.13262782874172926,0.32771704204062074,47.0,0.6666666666666666,1
20261005T183107Z,alpaca_live_path_harvest,49,NVDA,AMD,semis,3.411935995526297,2.1791018879642237,2.661413907363442,0.6542133777262317,-0.4823120193992187,-0.3623803503029478,48.0,0.6666666666666666,1
20261005T183107Z,alpaca_live_path_harvest,50,NVDA,AMD,semis,3.6813117842632535,1.2483400781378213,2.661413907363442,0.6450195339988734,-1.4130738292256209,-0.9539541539671064,49.0,0.6666666666666666,1
20261005T183107Z,alpaca_live_path_harvest,51,NVDA,AMD,semis,4.0195044148292665,3.490961378046218,2.661413907363442,0.6330914296887981,0.8295474706827757,2.6033575932468067,50.0,0.6666666666666666,0
20261005T183107Z,alpaca_live_path_harvest,1,MU,WDC,memory,9.555931981314092,0.0,2.6767417867553633,0.6731596199178537,-2.6767417867553633,-6.734920780465655,0.0,0.6666666666666666,1
20261005T183107Z,alpaca_live_path_harvest,2,MU,WDC,memory,11.369023075376438,5.466820449902461,2.6767417867553633,0.6411167451553096,2.790078663147098,4.350202561746426,1.0,0.6666666666666666,0
20261005T183107Z,alpaca_live_path_harvest,3,MU,WDC,memory,10.879055781544679,3.4914355610112175,2.6767417867553633,0.6397283295267139,0.8146937742558542,1.9031885416579144,2.0,0.6666666666666666,1
20261005T183107Z,alpaca_live_path_harvest,4,MU,WDC,memory,11.130196084333072,2.059446884482851,2.6767417867553633,0.6421742143624214,-0.6172949022725123,-1.7320422673270515,3.0,0.6666666666666666,1
20261005T183107Z,alpaca_live_path_harvest,5,MU,WDC,memory,12.434664106392013,0.6086005572604778,2.6767417867553633,0.631154460263052,-2.0681412294948855,-3.059678629489656,4.0,0.6666666666666666,1
20261005T183107Z,alpaca_live_path_harvest,6,MU,WDC,memory,12.714507305311328,1.5549180235039024,2.6767417867553633,0.624734673674558,-1.121823763251461,2.085598170151536,5.0,0.6666666666666666,1
20261005T183107Z,alpaca_live_path_harvest,7,MU,WDC,memory,12.013384002416505,2.00104080935181,2.6767417867553633,0.6218299091891446,-0.6757009774035533,-6.513096138811591,6.0,0.6666666666666666,1
20261005T183107Z,alpaca_live_path_harvest,8,MU,WDC,memory,12.13345037145255,1.897599736771656,2.6767417867553633,0.6230574379134446,-0.7791420499837074,-3.1961241373408145,7.0,0.6666666666666666,1
20261005T183107Z,alpaca_live_path_harvest,9,MU,WDC,memory,13.970472518596795,5.235296685377428,2.6767417867553633,0.5970713287733562,2.5585548986220648,6.243536631028246,8.0,0.6666666666666666,0
20261005T183107Z,alpaca_live_path_harvest,10,MU,WDC,memory,13.899241559469939,2.6305782313282444,2.6767417867553633,0.6000062096118338,-0.046163555427118884,3.824079995824934,9.0,0.6666666666666666,1
20261005T183107Z,alpaca_live_path_harvest,11,MU,WDC,memory,13.617464699605083,1.9088195901871399,2.6767417867553633,0.5990513386372582,-0.7679221965682236,0.6404318043895614,10.0,0.6666666666666666,1
20261005T183107Z,alpaca_live_path_harvest,12,MU,WDC,memory,13.6900078181659,3.252052963167634,2.6767417867553633,0.6084385741315341,0.5753111764122708,2.628248563242687,11.0,0.6666666666666666,1
20261005T183107Z,alpaca_live_path_harvest,13,MU,WDC,memory,14.140092342414329,3.845434592996908,2.6767417867553633,0.6028061854185771,1.1686928062415447,4.1213833805669875,12.0,0.6666666666666666,1
20261005T183107Z,alpaca_live_path_harvest,14,MU,WDC,memory,14.872642607447496,0.9435632820335003,2.6767417867553633,0.5915611260642873,-1.733178504721863,-9.039156295277872,13.0,0.6666666666666666,1
20261005T183107Z,alpaca_live_path_harvest,15,MU,WDC,memory,14.875392385241346,2.804221666936625,2.6767417867553633,0.5923126372528765,0.12747988018126163,0.3597286887982136,14.0,0.6666666666666666,1
20261005T183107Z,alpaca_live_path_harvest,16,MU,WDC,memory,14.672880837755622,0.9973709775408184,2.6767417867553633,0.5866026372939208,-1.679370809214545,-2.290229632678404,15.0,0.6666666666666666,1
20261005T183107Z,alpaca_live_path_harvest,17,MU,WDC,memory,12.782558197615709,2.916422990132232,2.6767417867553633,0.5870452172191299,0.2396812033768685,-0.7268051754674388,16.0,0.6666666666666666,1
20261005T183107Z,alpaca_live_path_harvest,18,MU,WDC,memory,14.143710780667673,4.5808461776954,2.6767417867553633,0.5683417787102101,1.9041043909400366,2.0018317046324112,17.0,0.6666666666666666,0
20261005T183107Z,alpaca_live_path_harvest,19,MU,WDC,memory,14.320299619293444,1.7933437385743223,2.6767417867553633,0.5662222612997837,-0.8833980481810412,1.6028577516530504,18.0,0.6666666666666666,1
20261005T183107Z,alpaca_live_path_harvest,20,MU,WDC,memory,18.769853735542508,-0.854239937610306,2.6767417867553633,0.5095169944155703,-3.5309817243656694,-10.569477633050052,19.0,0.6666666666666666,1
20261005T183107Z,alpaca_live_path_harvest,21,MU,WDC,memory,18.745730015119836,2.061901182632162,2.6767417867553633,0.5150506340975874,-0.6148406041232014,1.8475170144647906,20.0,0.6666666666666666,1
20261005T183107Z,alpaca_live_path_harvest,22,MU,WDC,memory,19.39486918786989,3.828856725448392,2.6767417867553633,0.5248456486521915,1.152114938693029,2.6557778713324867,21.0,0.6666666666666666,1
20261005T183107Z,alpaca_live_path_harvest,23,MU,WDC,memory,19.986235059608234,1.3267350226396863,2.6767417867553633,0.5217289197851149,-1.350006764115677,-8.891966559436128,22.0,0.6666666666666666,1
20261005T183107Z,alpaca_live_path_harvest,24,MU,WDC,memory,18.397780465077773,1.7101835096472588,2.6767417867553633,0.5192011877378696,-0.9665582771081044,-1.1406619773362423,23.0,0.6666666666666666,1
20261005T183107Z,alpaca_live_path_harvest,25,MU,WDC,memory,19.66119613297558,4.1118914110933815,2.6767417867553633,0.5104299165077157,1.4351496243380177,14.43629001144767,24.0,0.6666666666666666,0
20261005T183107Z,alpaca_live_path_harvest,26,MU,WDC,memory,20.71336265443728,4.029791869243797,2.6767417867553633,0.5012459868037366,1.3530500824884337,6.145875655334851,25.0,0.6666666666666666,0
20261005T183107Z,alpaca_live_path_harvest,27,MU,WDC,memory,20.686136382157816,1.9386119237905302,2.6767417867553633,0.4997898580651381,-0.7381298629648331,-5.632028198666819,26.0,0.6666666666666666,1
20261005T183107Z,alpaca_live_path_harvest,28,MU,WDC,memory,20.211393950727306,2.770128283624563,2.6767417867553633,0.5002103187219946,0.09338649686919978,4.5196185499211765,27.0,0.6666666666666666,1
20261005T183107Z,alpaca_live_path_harvest,29,MU,WDC,memory,20.088254430782346,1.7435164858932741,2.6767417867553633,0.5134453455208918,-0.9332253008620893,0.10063630842473685,28.0,0.6666666666666666,1
20261005T183107Z,alpaca_live_path_harvest,30,MU,WDC,memory,20.13063126963034,2.959277934082973,2.6767417867553633,0.5127013369490612,0.2825361473276096,-3.533927473220376,29.0,0.6666666666666666,1
20261005T183107Z,alpaca_live_path_harvest,31,MU,WDC,memory,20.15255886511641,3.522562124235135,2.6767417867553633,0.5083463011542446,0.8458203374797717,-1.692614784043235,30.0,0.6666666666666666,1
20261005T183107Z,alpaca_live_path_harvest,32,MU,WDC,memory,20.385498642219183,3.4026286884624435,2.6767417867553633,0.5066949379239861,0.7258869017070801,4.5077948732420055,31.0,0.6666666666666666,1
20261005T183107Z,alpaca_live_path_harvest,33,MU,WDC,memory,19.209181353294966,2.73198157808457,2.6767417867553633,0.5113151904843525,0.0552397913292069,-0.25599623541717165,32.0,0.6666666666666666,1
20261005T183107Z,alpaca_live_path_harvest,34,MU,WDC,memory,19.48159520586696,3.4782537035198966,2.6767417867553633,0.5125587677518071,0.8015119167645331,5.471176985578699,33.0,0.6666666666666666,1
20261005T183107Z,alpaca_live_path_harvest,35,MU,WDC,memory,15.142011410203589,1.4431400714773637,2.6767417867553633,0.505914522276851,-1.2336017152779997,-4.917514601549828,34.0,0.6666666666666666,1
20261005T183107Z,alpaca_live_path_harvest,36,MU,WDC,memory,14.90017542243641,2.7508806360511637,2.6767417867553633,0.5112207665206041,0.07413884929580052,-2.592373806236117,35.0,0.6666666666666666,1
20261005T183107Z,alpaca_live_path_harvest,37,MU,WDC,memory,14.29116876249346,2.8287313229782183,2.6767417867553633,0.5114907659914104,0.1519895362228549,-1.9251958811409053,36.0,0.6666666666666666,1
20261005T183107Z,alpaca_live_path_harvest,38,MU,WDC,memory,13.466744689051291,3.6375627559883426,2.6767417867553633,0.5188855103365266,0.9608209692329793,2.851604462058458,37.0,0.6666666666666666,0
20261005T183107Z,alpaca_live_path_harvest,39,MU,WDC,memory,12.618275383745674,2.553634270601725,2.6767417867553633,0.5202788548018921,-0.12310751615363792,-3.045677286509181,38.0,0.6666666666666666,1
20261005T183107Z,alpaca_live_path_harvest,40,MU,WDC,memory,11.600076152240245,3.076460851399242,2.6767417867553633,0.5880738522838939,0.39971906464387874,5.253032124417052,39.0,0.6666666666666666,1
20261005T183107Z,alpaca_live_path_harvest,41,MU,WDC,memory,10.324219004080552,2.6591738889124215,2.6767417867553633,0.5920966328951991,-0.017567897842941965,-0.12459805967157536,40.0,0.6666666666666666,1
20261005T183107Z,alpaca_live_path_harvest,42,MU,WDC,memory,9.884742018911945,2.4084450071617014,2.6767417867553633,0.5992146949143348,-0.2682967795936618,-1.271807211541386,41.0,0.6666666666666666,1
20261005T183107Z,alpaca_live_path_harvest,43,MU,WDC,memory,10.062476265445623,2.372187902849901,2.6767417867553633,0.6169819390117783,-0.30455388390546234,-4.137441254871146,42.0,0.6666666666666666,1
20261005T183107Z,alpaca_live_path_harvest,44,MU,WDC,memory,9.19040900752362,3.282471758492761,2.6767417867553633,0.629640319496811,0.6057299717373977,2.2092499900612097,43.0,0.6666666666666666,1
20261005T183107Z,alpaca_live_path_harvest,45,MU,WDC,memory,9.505362085255333,3.483579399040607,2.6767417867553633,0.6439956501085056,0.8068376122852438,1.2226004299630517,44.0,0.6666666666666666,1
20261005T183107Z,alpaca_live_path_harvest,46,MU,WDC,memory,9.116140882590814,2.611650078266713,2.6767417867553633,0.6666642416283711,-0.0650917084886502,-0.11359739057672869,45.0,0.6666666666666666,1
20261005T183107Z,alpaca_live_path_harvest,47,MU,WDC,memory,8.799968864104441,2.9308251176136624,2.6767417867553633,0.6775954792860094,0.254083330858299,1.8082645366541101,46.0,0.6666666666666666,1
20261005T183107Z,alpaca_live_path_harvest,48,MU,WDC,memory,9.000668264660389,2.2726769693876046,2.6767417867553633,0.6737703809897096,-0.40406481736775884,0.02873629825339776,47.0,0.6666666666666666,1
20261005T183107Z,alpaca_live_path_harvest,49,MU,WDC,memory,10.210995085920933,1.2510943741826164,2.6767417867553633,0.6566359480582139,-1.425647412572747,-6.013572547858496,48.0,0.6666666666666666,1
20261005T183107Z,alpaca_live_path_harvest,50,MU,WDC,memory,9.279013908755795,3.5831454585253764,2.6767417867553633,0.6496527161393196,0.9064036717700129,0.17565883229467544,49.0,0.6666666666666666,0
20261005T183107Z,alpaca_live_path_harvest,51,MU,WDC,memory,13.06115535285167,0.5719252343193166,2.6767417867553633,0.6006887158591468,-2.1048165524360467,-6.695711257425534,50.0,0.6666666666666666,0
20261005T183107Z,alpaca_live_path_harvest,1,MSFT,ORCL,hyperscaler,13.567256200928988,0.0,1.7456885241069122,0.5431570155299075,1.7456885241069122,1.5490928895144862,0.0,0.6666666666666666,1
20261005T183107Z,alpaca_live_path_harvest,2,MSFT,ORCL,hyperscaler,13.599210016160283,1.3966319545051027,1.7456885241069122,0.5427416422327275,0.34905656960180953,0.4405162804637143,1.0,0.6666666666666666,1
20261005T183107Z,alpaca_live_path_harvest,3,MSFT,ORCL,hyperscaler,17.191238788248526,3.9818705790516065,1.7456885241069122,0.49038553729238366,-2.236182054944694,-6.7579627853258675,2.0,0.6666666666666666,1
20261005T183107Z,alpaca_live_path_harvest,4,MSFT,ORCL,hyperscaler,17.301997170369027,1.3007012218335139,1.7456885241069122,0.48890381825445955,0.4449873022733982,-1.8458393535149185,3.0,0.6666666666666666,1
20261005T183107Z,alpaca_live_path_harvest,5,MSFT,ORCL,hyperscaler,16.0562799519592,1.525435793874278,1.7456885241069122,0.49427493597054145,0.22025273023263425,2.8357828722563,4.0,0.6666666666666666,1
20261005T183107Z,alpaca_live_path_harvest,6,MSFT,ORCL,hyperscaler,15.161794940296417,1.7088911297539324,1.7456885241069122,0.49519147933161956,0.03679739435297983,-5.421618369888813,5.0,0.6666666666666666,1
20261005T183107Z,alpaca_live_path_harvest,7,MSFT,ORCL,hyperscaler,15.956688597123414,0.44464115450882025,1.7456885241069122,0.4817078771731356,1.301047369598092,3.4664052985404963,6.0,0.6666666666666666,1
20261005T183107Z,alpaca_live_path_harvest,8,MSFT,ORCL,hyperscaler,15.946536258150308,1.409005780047277,1.7456885241069122,0.48147337533741213,0.33668274405963516,9.206185253191586,7.0,0.6666666666666666,1
20261005T183107Z,alpaca_live_path_harvest,9,MSFT,ORCL,hyperscaler,16.49241420008004,2.5292864881162855,1.7456885241069122,0.47696799784553545,-0.7835979640093733,-3.792768251185555,8.0,0.6666666666666666,1
20261005T183107Z,alpaca_live_path_harvest,10,MSFT,ORCL,hyperscaler,18.25733679880853,3.384293263694615,1.7456885241069122,0.47255763569536663,-1.638604739587703,-6.191596144223456,9.0,0.6666666666666666,1
20261005T183107Z,alpaca_live_path_harvest,11,MSFT,ORCL,hyperscaler,17.679713443941544,2.3806465966393797,1.7456885241069122,0.47821787868603644,-0.6349580725324676,-2.2350059998422354,10.0,0.6666666666666666,1
20261005T183107Z,alpaca_live_path_harvest,12,MSFT,ORCL,hyperscaler,17.65575467019013,1.886956734532078,1.7456885241069122,0.47798930484246516,-0.14126821042516566,-5.234587948960154,11.0,0.6666666666666666,1
20261005T183107Z,alpaca_live_path_harvest,13,MSFT,ORCL,hyperscaler,17.620305669841922,1.7783494576082985,1.7456885241069122,0.47907555975830884,-0.032660933501386324,-1.783665415246719,12.0,0.6666666666666666,1
20261005T183107Z,alpaca_live_path_harvest,14,MSFT,ORCL,hyperscaler,17.143684570497907,2.4095505032611464,1.7456885241069122,0.476439286116088,-0.6638619791542341,0.19251073502053942,13.0,0.6666666666666666,1
20261005T183107Z,alpaca_live_path_harvest,15,MSFT,ORCL,hyperscaler,17.272700983354536,0.9290999913221992,1.7456885241069122,0.47415486050699773,0.816588532784713,7.359024086651482,14.0,0.6666666666666666,1
20261005T183107Z,alpaca_live_path_harvest,16,MSFT,ORCL,hyperscaler,15.22476929675896,1.8796026630764742,1.7456885241069122,0.48506599329839395,-0.13391413896956203,1.2443339905374728,15.0,0.6666666666666666,1
20261005T183107Z,alpaca_live_path_harvest,17,MSFT,ORCL,hyperscaler,15.023689142893707,1.8432570545606852,1.7456885241069122,0.4855661125504261,-0.0975685304537729,0.14403236841008038,16.0,0.6666666666666666,1
20261005T183107Z,alpaca_live_path_harvest,18,MSFT,ORCL,hyperscaler,12.655263246123129,0.26884401336186103,1.7456885241069122,0.47583579981557667,1.4768445107450512,4.212582571116388,17.0,0.6666666666666666,1
20261005T183107Z,alpaca_live_path_harvest,19,MSFT,ORCL,hyperscaler,12.569980969244106,1.384850051021798,1.7456885241069122,0.48229482207845953,0.36083847308511413,3.0818344927281602,18.0,0.6666666666666666,1
20261005T183107Z,alpaca_live_path_harvest,20,MSFT,ORCL,hyperscaler,12.754784527821107,2.459873765195347,1.7456885241069122,0.482516112556175,-0.7141852410884348,-3.9160915896771256,19.0,0.6666666666666666,1
20261005T183107Z,alpaca_live_path_harvest,21,MSFT,ORCL,hyperscaler,12.869257974425173,1.2887565164382189,1.7456885241069122,0.5063147474683042,0.45693200766869335,1.916702247293631,20.0,0.6666666666666666,1
20261005T183107Z,alpaca_live_path_harvest,22,MSFT,ORCL,hyperscaler,11.104888485494126,2.196877703667626,1.7456885241069122,0.507531694722352,-0.4511891795607137,-0.8161217995517177,21.0,0.6666666666666666,1
20261005T183107Z,alpaca_live_path_harvest,23,MSFT,ORCL,hyperscaler,10.903154047685991,1.4765162683464585,1.7456885241069122,0.5638407094466847,0.2691722557604536,-3.1993800497173313,22.0,0.6666666666666666,1
20261005T183107Z,alpaca_live_path_harvest,24,MSFT,ORCL,hyperscaler,10.656449046166212,2.14838978653402,1.7456885241069122,0.5652212136997948,-0.40270126242710774,-2.0499534617980317,23.0,0.6666666666666666,1
20261005T183107Z,alpaca_live_path_harvest,25,MSFT,ORCL,hyperscaler,8.338939444761008,1.4000789778531815,1.7456885241069122,0.5648830008838361,0.3456095462537308,2.882989096866845,24.0,0.6666666666666666,1
20261005T183107Z,alpaca_live_path_harvest,26,MSFT,ORCL,hyperscaler,8.25881656327472,2.3964036650711753,1.7456885241069122,0.5619551710414897,-0.6507151409642631,-2.9546102449888165,25.0,0.6666666666666666,1
20261005T183107Z,alpaca_live_path_harvest,27,MSFT,ORCL,hyperscaler,8.235032285367065,1.8497875742791914,1.7456885241069122,0.5969628811606466,-0.10409905017227909,0.9310976509173543,26.0,0.6666666666666666,1
20261005T183107Z,alpaca_live_path_harvest,28,MSFT,ORCL,hyperscaler,8.240024348669134,1.5712113522490552,1.7456885241069122,0.6019872115215341,0.17447717185785716,-0.31345429110061784,27.0,0.6666666666666666,1
20261005T183107Z,alpaca_live_path_harvest,29,MSFT,ORCL,hyperscaler,7.703752456301938,1.4424044625727561,1.7456885241069122,0.6058811135616426,0.3032840615341561,1.8536042518842237,28.0,0.6666666666666666,1
20261005T183107Z,alpaca_live_path_harvest,30,MSFT,ORCL,hyperscaler,7.307535011251195,1.6861112483534217,1.7456885241069122,0.6616599494027657,0.05957727575349058,-0.7407503226902691,29.0,0.6666666666666666,1
20261005T183107Z,alpaca_live_path_harvest,31,MSFT,ORCL,hyperscaler,12.490215293655064,4.54217674625843,1.7456885241069122,0.5658613180833673,-2.7964882221515177,-5.990568290653914,30.0,0.6666666666666666,0
20261005T183107Z,alpaca_live_path_harvest,32,MSFT,ORCL,hyperscaler,12.652554022524164,1.306780247424672,1.7456885241069122,0.5630180354907439,0.43890827668224036,1.5271793781999805,31.0,0.6666666666666666,1
20261005T183107Z,alpaca_live_path_harvest,33,MSFT,ORCL,hyperscaler,11.365728032589331,1.5217697914811492,1.7456885241069122,0.56215378239031,0.22391873262576306,0.19688887294678353,32.0,0.6666666666666666,1
20261005T183107Z,alpaca_live_path_harvest,34,MSFT,ORCL,hyperscaler,11.248455249138447,1.634311219475946,1.7456885241069122,0.5668770611851227,0.11137730463096628,-0.48165520737005635,33.0,0.6666666666666666,1
20261005T183107Z,alpaca_live_path_harvest,35,MSFT,ORCL,hyperscaler,11.13527069600693,1.5717345189489147,1.7456885241069122,0.5724022115058165,0.17395400515799747,0.22931496934642154,34.0,0.6666666666666666,1
20261005T183107Z,alpaca_live_path_harvest,36,MSFT,ORCL,hyperscaler,10.928245720361273,1.991428193527529,1.7456885241069122,0.5722392256250453,-0.24573966942061687,6.921895795317823,35.0,0.6666666666666666,1
20261005T183107Z,alpaca_live_path_harvest,37,MSFT,ORCL,hyperscaler,11.079445335335526,2.4359881649002473,1.7456885241069122,0.5678280916657092,-0.6902996407933351,-3.2786174768945444,36.0,0.6666666666666666,1
20261005T183107Z,alpaca_live_path_harvest,38,MSFT,ORCL,hyperscaler,11.232240590080126,1.1892515572264273,1.7456885241069122,0.5891739974345022,0.556436966880485,0.7347536054906414,37.0,0.6666666666666666,1
20261005T183107Z,alpaca_live_path_harvest,39,MSFT,ORCL,hyperscaler,11.456639412491906,2.511202274234049,1.7456885241069122,0.5870377650576122,-0.765513750127137,-2.5893612016000587,38.0,0.6666666666666666,1
20261005T183107Z,alpaca_live_path_harvest,40,MSFT,ORCL,hyperscaler,11.559123355769977,1.1523546657235726,1.7456885241069122,0.5852178488712129,0.5933338583833397,0.8938549937297353,39.0,0.6666666666666666,1
20261005T183107Z,alpaca_live_path_harvest,41,MSFT,ORCL,hyperscaler,11.466474943387583,1.568642508507299,1.7456885241069122,0.58888835468948,0.1770460155996131,0.8772170994859835,40.0,0.6666666666666666,1
20261005T183107Z,alpaca_live_path_harvest,42,MSFT,ORCL,hyperscaler,11.519112176479105,1.4210333819041274,1.7456885241069122,0.5889187254905708,0.32465514220278485,2.4784278984737966,41.0,0.6666666666666666,1
20261005T183107Z,alpaca_live_path_harvest,43,MSFT,ORCL,hyperscaler,11.46807179573512,1.8210198666454258,1.7456885241069122,0.5907817227781852,-0.07533134253851358,-1.6854160698821374,42.0,0.6666666666666666,1
20261005T183107Z,alpaca_live_path_harvest,44,MSFT,ORCL,hyperscaler,11.456705382030524,1.3229049901556338,1.7456885241069122,0.5898799195776361,0.42278353395127855,3.008023092853432,43.0,0.6666666666666666,1
20261005T183107Z,alpaca_live_path_harvest,45,MSFT,ORCL,hyperscaler,11.630955857365466,2.6384114330574358,1.7456885241069122,0.5878600315827661,-0.8927229089505234,-3.54905657426699,44.0,0.6666666666666666,0
20261005T183107Z,alpaca_live_path_harvest,46,MSFT,ORCL,hyperscaler,6.2707574369966546,1.3042472099586289,1.7456885241069122,0.5886229280116239,0.4414413141482833,0.5907400547283714,45.0,0.6666666666666666,1
20261005T183107Z,alpaca_live_path_harvest,47,MSFT,ORCL,hyperscaler,6.0281822551866275,1.5162444223389364,1.7456885241069122,0.588359275796523,0.22944410176797578,-0.35453473097857113,46.0,0.6666666666666666,1
20261005T183107Z,alpaca_live_path_harvest,48,MSFT,ORCL,hyperscaler,5.956812680520529,1.4732436060238878,1.7456885241069122,0.5888975677730909,0.27244491808302435,0.4622882828998172,47.0,0.6666666666666666,1
20261005T183107Z,alpaca_live_path_harvest,49,MSFT,ORCL,hyperscaler,6.109554241102346,1.0781041624918577,1.7456885241069122,0.5881235797852011,0.6675843616150545,0.2737899063860823,48.0,0.6666666666666666,1
20261005T183107Z,alpaca_live_path_harvest,50,MSFT,ORCL,hyperscaler,6.060759446536726,1.6607981092056527,1.7456885241069122,0.5885073326528361,0.08489041490125956,2.137826729437518,49.0,0.6666666666666666,0
20261005T183107Z,alpaca_live_path_harvest,51,MSFT,ORCL,hyperscaler,6.784100011687353,0.3736971087721195,1.7456885241069122,0.7064958199536068,1.3719914153347927,1.7001024660327289,50.0,0.6666666666666666,0
20261005T183107Z,alpaca_live_path_harvest,1,NVDA,MU,semis_memory,7.361815582962262,0.0,2.0756655183572237,0.5173432426667869,-2.0756655183572237,-1.9042410548699138,0.0,0.6666666666666666,1
20261005T183107Z,alpaca_live_path_harvest,2,NVDA,MU,semis_memory,7.372641254433386,2.5001462294552814,2.0756655183572237,0.5352609784453097,0.42448071109805774,-0.3626930838576527,1.0,0.6666666666666666,1
20261005T183107Z,alpaca_live_path_harvest,3,NVDA,MU,semis_memory,8.295178441989092,-0.429310822180232,2.0756655183572237,0.5057216250287844,-2.5049763405374557,-2.2063180346070626,2.0,0.6666666666666666,1
20261005T183107Z,alpaca_live_path_harvest,4,NVDA,MU,semis_memory,8.353426844542547,2.941290150151269,2.0756655183572237,0.4994921456271814,0.8656246317940456,0.8162381305646023,3.0,0.6666666666666666,1
20261005T183107Z,alpaca_live_path_harvest,5,NVDA,MU,semis_memory,8.16935365131114,2.641771394788233,2.0756655183572237,0.4970851109878269,0.5661058764310094,-0.2229690228530444,4.0,0.6666666666666666,1
20261005T183107Z,alpaca_live_path_harvest,6,NVDA,MU,semis_memory,8.305717420982274,0.9298203203074167,2.0756655183572237,0.4955943284602571,-1.145845198049807,1.3622872560216195,5.0,0.6666666666666666,1
20261005T183107Z,alpaca_live_path_harvest,7,NVDA,MU,semis_memory,7.894340670613586,2.2833376917430384,2.0756655183572237,0.4963859975943196,0.20767217338581465,-0.33801855667264247,6.0,0.6666666666666666,1
20261005T183107Z,alpaca_live_path_harvest,8,NVDA,MU,semis_memory,8.175836123085979,2.9965417250815607,2.0756655183572237,0.49855079702431687,0.9208762067243369,4.948011413435699,7.0,0.6666666666666666,1
20261005T183107Z,alpaca_live_path_harvest,9,NVDA,MU,semis_memory,8.199456530826415,2.3535245637734628,2.0756655183572237,0.5019126925742642,0.2778590454162392,-0.8266473872353686,8.0,0.6666666666666666,1
20261005T183107Z,alpaca_live_path_harvest,10,NVDA,MU,semis_memory,7.97610962752377,2.5457889665253632,2.0756655183572237,0.5068555210537223,0.4701234481681397,-0.12335471598067897,9.0,0.6666666666666666,1
20261005T183107Z,alpaca_live_path_harvest,11,NVDA,MU,semis_memory,8.55428545546625,0.3298673172179385,2.0756655183572237,0.4917481851506171,-1.7457982011392852,-1.0239011243489358,10.0,0.6666666666666666,1
20261005T183107Z,alpaca_live_path_harvest,12,NVDA,MU,semis_memory,8.495725249217003,1.1762458359393835,2.0756655183572237,0.5000500567456119,-0.8994196824178402,-1.7903183057480816,11.0,0.6666666666666666,1
20261005T183107Z,alpaca_live_path_harvest,13,NVDA,MU,semis_memory,8.424167629641946,1.6312464834648086,2.0756655183572237,0.49953971599911345,-0.44441903489241513,-2.246688704647164,12.0,0.6666666666666666,1
20261005T183107Z,alpaca_live_path_harvest,14,NVDA,MU,semis_memory,8.349070304651189,2.1426398479517075,2.0756655183572237,0.4995618600007397,0.06697432959448375,-0.5741823378368565,13.0,0.6666666666666666,1
20261005T183107Z,alpaca_live_path_harvest,15,NVDA,MU,semis_memory,8.246985115335276,2.7257341710205565,2.0756655183572237,0.5058718744134265,0.6500686526633328,0.0037517106018185586,14.0,0.6666666666666666,1
20261005T183107Z,alpaca_live_path_harvest,16,NVDA,MU,semis_memory,7.653471632064065,2.9536063598839046,2.0756655183572237,0.5023164354349233,0.8779408415266812,3.843039727742229,15.0,0.6666666666666666,1
20261005T183107Z,alpaca_live_path_harvest,17,NVDA,MU,semis_memory,7.6664942088405015,1.3184694034345252,2.0756655183572237,0.5046100880378086,-0.7571961149226983,0.28869435548967315,16.0,0.6666666666666666,1
20261005T183107Z,alpaca_live_path_harvest,18,NVDA,MU,semis_memory,6.409818979481318,1.2451575304010114,2.0756655183572237,0.5048702754177871,-0.8305079879562124,-0.44769096228304195,17.0,0.6666666666666666,1
20261005T183107Z,alpaca_live_path_harvest,19,NVDA,MU,semis_memory,6.170265040179518,2.525626595137182,2.0756655183572237,0.5046929836707,0.44996107677995867,0.6230025222012614,18.0,0.6666666666666666,1
20261005T183107Z,alpaca_live_path_harvest,20,NVDA,MU,semis_memory,6.652441792378938,3.500218894502378,2.0756655183572237,0.49613809822975674,1.4245533761451545,1.2042123813618502,19.0,0.6666666666666666,1
20261005T183107Z,alpaca_live_path_harvest,21,NVDA,MU,semis_memory,7.2406814035433085,0.3388277194573226,2.0756655183572237,0.4996628824904038,-1.736837798899901,-3.9273048170193476,20.0,0.6666666666666666,1
20261005T183107Z,alpaca_live_path_harvest,22,NVDA,MU,semis_memory,7.345129196016767,2.8184666566955645,2.0756655183572237,0.4985002371069753,0.7428011383383408,2.053209107925602,21.0,0.6666666666666666,1
20261005T183107Z,alpaca_live_path_harvest,23,NVDA,MU,semis_memory,7.953088705552359,3.8894924757582334,2.0756655183572237,0.5107812985999437,1.81382695740101,3.9145238367681485,22.0,0.6666666666666666,0
20261005T183107Z,alpaca_live_path_harvest,24,NVDA,MU,semis_memory,7.922949584191073,1.8927884367568024,2.0756655183572237,0.5152907862400576,-0.1828770816004212,-0.9065693648258957,23.0,0.6666666666666666,1
20261005T183107Z,alpaca_live_path_harvest,25,NVDA,MU,semis_memory,8.337554983029984,3.4210929310539324,2.0756655183572237,0.5055815666549754,1.3454274126967087,0.05377861473104417,24.0,0.6666666666666666,1
20261005T183107Z,alpaca_live_path_harvest,26,NVDA,MU,semis_memory,8.041744051202334,3.566905892597978,2.0756655183572237,0.5003281179617067,1.4912403742407545,5.1766810276301785,25.0,0.6666666666666666,1
20261005T183107Z,alpaca_live_path_harvest,27,NVDA,MU,semis_memory,7.717516289442091,2.7356334572960073,2.0756655183572237,0.4983671099731543,0.6599679389387835,0.23964341046389565,26.0,0.6666666666666666,1
20261005T183107Z,alpaca_live_path_harvest,28,NVDA,MU,semis_memory,8.792178449182199,0.2635273911163867,2.0756655183572237,0.47794461847965464,-1.812138127240837,-5.620515039875647,27.0,0.6666666666666666,1
20261005T183107Z,alpaca_live_path_harvest,29,NVDA,MU,semis_memory,8.85328410260849,1.7770379345355152,2.0756655183572237,0.47761497747845283,-0.29862758382170856,-0.19213827705566472,28.0,0.6666666666666666,1
20261005T183107Z,alpaca_live_path_harvest,30,NVDA,MU,semis_memory,8.846535443207832,2.030291509700572,2.0756655183572237,0.4789799239812763,-0.045374008656651775,-2.2359993647788086,29.0,0.6666666666666666,1
20261005T183107Z,alpaca_live_path_harvest,31,NVDA,MU,semis_memory,9.041997535209948,3.299725851971439,2.0756655183572237,0.48883754208386404,1.2240603336142155,-0.4873086028913747,30.0,0.6666666666666666,1
20261005T183107Z,alpaca_live_path_harvest,32,NVDA,MU,semis_memory,8.988262875362716,1.4889350088547362,2.0756655183572237,0.4922728501632178,-0.5867305095024875,-2.093313072611653,31.0,0.6666666666666666,1
20261005T183107Z,alpaca_live_path_harvest,33,NVDA,MU,semis_memory,8.734144179006812,2.5658296575556494,2.0756655183572237,0.49456301231351757,0.49016413919842583,3.7628045589799286,32.0,0.6666666666666666,1
20261005T183107Z,alpaca_live_path_harvest,34,NVDA,MU,semis_memory,8.77349845886329,1.9294957364820748,2.0756655183572237,0.49423398028160304,-0.14616978187514887,0.3321778768287345,33.0,0.6666666666666666,1
20261005T183107Z,alpaca_live_path_harvest,35,NVDA,MU,semis_memory,8.619119838443698,2.977131982067365,2.0756655183572237,0.49159258263367783,0.9014664637101415,1.6253232086764,34.0,0.6666666666666666,1
20261005T183107Z,alpaca_live_path_harvest,36,NVDA,MU,semis_memory,7.483321534730105,2.634311214312777,2.0756655183572237,0.4924104355810258,0.5586456959555536,-0.9837153232480318,35.0,0.6666666666666666,1
20261005T183107Z,alpaca_live_path_harvest,37,NVDA,MU,semis_memory,7.509303990715676,2.055449128237818,2.0756655183572237,0.4979721237724301,-0.020216390119405778,0.9660648374502614,36.0,0.6666666666666666,1
20261005T183107Z,alpaca_live_path_harvest,38,NVDA,MU,semis_memory,7.028535114785966,1.6868182827977756,2.0756655183572237,0.5029883423092915,-0.38884723555944806,-1.342024214536235,37.0,0.6666666666666666,1
20261005T183107Z,alpaca_live_path_harvest,39,NVDA,MU,semis_memory,7.140174029667165,1.5246164398615654,2.0756655183572237,0.49903903521300474,-0.5510490784956584,-0.625038487575489,38.0,0.6666666666666666,1
20261005T183107Z,alpaca_live_path_harvest,40,NVDA,MU,semis_memory,6.924622776970478,2.9985823988757376,2.0756655183572237,0.5029651091938605,0.9229168805185138,0.04222003590998043,39.0,0.6666666666666666,1
20261005T183107Z,alpaca_live_path_harvest,41,NVDA,MU,semis_memory,7.173642920675094,3.7817422400075653,2.0756655183572237,0.5164802159937952,1.7060767216503414,1.8882885370074063,40.0,0.6666666666666666,0
20261005T183107Z,alpaca_live_path_harvest,42,NVDA,MU,semis_memory,7.243507953134173,1.3712999829471941,2.0756655183572237,0.5099636995588167,-0.7043655354100296,-0.9730860123163723,41.0,0.6666666666666666,1
20261005T183107Z,alpaca_live_path_harvest,43,NVDA,MU,semis_memory,5.849274397620967,2.4849821987938796,2.0756655183572237,0.524183642098127,0.4093166804366558,1.3927573910578985,42.0,0.6666666666666666,1
20261005T183107Z,alpaca_live_path_harvest,44,NVDA,MU,semis_memory,5.937598484844269,3.101982167894844,2.0756655183572237,0.5210291878138203,1.0263166495376201,2.600923837137202,43.0,0.6666666666666666,0
20261005T183107Z,alpaca_live_path_harvest,45,NVDA,MU,semis_memory,5.994033498647192,1.646520906363237,2.0756655183572237,0.5268619535392791,-0.4291446119939868,-1.891955188081596,44.0,0.6666666666666666,1
20261005T183107Z,alpaca_live_path_harvest,46,NVDA,MU,semis_memory,5.795759748875012,1.5742460991166145,2.0756655183572237,0.5399545213707885,-0.5014194192406092,-3.304999528388703,45.0,0.6666666666666666,1
20261005T183107Z,alpaca_live_path_harvest,47,NVDA,MU,semis_memory,5.698483267203836,1.4312498560203704,2.0756655183572237,0.5400506934370933,-0.6444156623368534,0.2634577565236441,46.0,0.6666666666666666,1
20261005T183107Z,alpaca_live_path_harvest,48,NVDA,MU,semis_memory,5.733252919351216,2.6307255797781037,2.0756655183572237,0.5825610577295063,0.5550600614208798,0.17313992133817352,47.0,0.6666666666666666,0
20261005T183107Z,alpaca_live_path_harvest,49,NVDA,MU,semis_memory,6.501524124860485,0.6110579159731466,2.0756655183572237,0.5606744929093893,-1.464607602384077,-3.7701417706126334,48.0,0.6666666666666666,1
20261005T183107Z,alpaca_live_path_harvest,50,NVDA,MU,semis_memory,6.3389676113644065,1.7793296882236707,2.0756655183572237,0.5600772796338794,-0.29633583013355314,0.0930756193964271,49.0,0.6666666666666666,0
20261005T183107Z,alpaca_live_path_harvest,51,NVDA,MU,semis_memory,6.572657860434978,0.9445823792313706,2.0756655183572237,0.5612467607151164,-1.1310831391258531,-0.9929376248666187,50.0,0.6666666666666666,0
20261005T183107Z,alpaca_live_path_harvest,1,NVDA,MSFT,semis_hyperscaler,3.8399492972782543,0.0,1.6727816997808467,0.623409027689597,1.6727816997808467,1.524741754617395,0.0,0.6666666666666666,1
20261005T183107Z,alpaca_live_path_harvest,2,NVDA,MSFT,semis_hyperscaler,3.5874295414912516,1.8784005584374968,1.6727816997808467,0.6255080052475595,-0.20561885865664997,-0.5043175049314073,1.0,0.6666666666666666,1
20261005T183107Z,alpaca_live_path_harvest,3,NVDA,MSFT,semis_hyperscaler,3.5112053082632535,2.540337770870636,1.6727816997808467,0.6218467046422212,-0.8675560710897892,-0.23557740613141503,2.0,0.6666666666666666,1
20261005T183107Z,alpaca_live_path_harvest,4,NVDA,MSFT,semis_hyperscaler,3.4902590140626644,1.7431855318082436,1.6727816997808467,0.6217517889063577,-0.07040383202739696,0.13863321520711908,3.0,0.6666666666666666,1
20261005T183107Z,alpaca_live_path_harvest,5,NVDA,MSFT,semis_hyperscaler,3.548895242000828,2.1635491595623906,1.6727816997808467,0.6202089647807804,-0.4907674597815438,-0.4630692202147202,4.0,0.6666666666666666,1
20261005T183107Z,alpaca_live_path_harvest,6,NVDA,MSFT,semis_hyperscaler,3.01904203169732,1.8938716474691404,1.6727816997808467,0.6264940260230552,-0.22108994768829368,-1.428003840776165,5.0,0.6666666666666666,1
20261005T183107Z,alpaca_live_path_harvest,7,NVDA,MSFT,semis_hyperscaler,3.0136095984851154,1.4593618270005153,1.6727816997808467,0.6390588953640398,0.2134198727803313,0.29060659357567714,6.0,0.6666666666666666,1
20261005T183107Z,alpaca_live_path_harvest,8,NVDA,MSFT,semis_hyperscaler,2.7130029438501047,0.7417880803036481,1.6727816997808467,0.6459488116982662,0.9309936194771986,1.310752780507619,7.0,0.6666666666666666,1
20261005T183107Z,alpaca_live_path_harvest,9,NVDA,MSFT,semis_hyperscaler,2.659124497401031,1.2142704724596765,1.6727816997808467,0.6469243860609758,0.4585112273211702,0.3981716663761802,8.0,0.6666666666666666,1
20261005T183107Z,alpaca_live_path_harvest,10,NVDA,MSFT,semis_hyperscaler,2.6745797349345275,0.3649320821700923,1.6727816997808467,0.6364607857201339,1.3078496176107544,1.3721071553463617,9.0,0.6666666666666666,1
20261005T183107Z,alpaca_live_path_harvest,11,NVDA,MSFT,semis_hyperscaler,2.740993394162015,2.4499669964615745,1.6727816997808467,0.6642467672882723,-0.7771852966807277,-0.3137869317270031,10.0,0.6666666666666666,1
20261005T183107Z,alpaca_live_path_harvest,12,NVDA,MSFT,semis_hyperscaler,3.1737260681836936,3.431346629357078,1.6727816997808467,0.6356977768303068,-1.7585649295762313,-1.341272778605895,11.0,0.6666666666666666,0
20261005T183107Z,alpaca_live_path_harvest,13,NVDA,MSFT,semis_hyperscaler,3.9126972038448335,-0.7566775681966678,1.6727816997808467,0.6145819084982606,2.4294592679775144,1.1735302595977202,12.0,0.6666666666666666,1
20261005T183107Z,alpaca_live_path_harvest,14,NVDA,MSFT,semis_hyperscaler,3.9288400644185213,2.1249296931552184,1.6727816997808467,0.6147091358840763,-0.4521479933743715,-0.6330184178690217,13.0,0.6666666666666666,1
20261005T183107Z,alpaca_live_path_harvest,15,NVDA,MSFT,semis_hyperscaler,4.06687568255306,2.6194944350655938,1.6727816997808467,0.6168980039456969,-0.9467127352847473,-1.66045336955832,14.0,0.6666666666666666,0
20261005T183107Z,alpaca_live_path_harvest,16,NVDA,MSFT,semis_hyperscaler,3.807196413321017,2.5967302249819673,1.6727816997808467,0.612700590494447,-0.9239485252011208,-0.15425443757796414,15.0,0.6666666666666666,0
20261005T183107Z,alpaca_live_path_harvest,17,NVDA,MSFT,semis_hyperscaler,3.833895369332973,2.2740998794560587,1.6727816997808467,0.6122309011280801,-0.6013181796752122,0.7940709880676309,16.0,0.6666666666666666,0
20261005T183107Z,alpaca_live_path_harvest,18,NVDA,MSFT,semis_hyperscaler,3.805352658617414,1.0693455712239337,1.6727816997808467,0.6115183544104636,0.6034361285569129,-1.3508025112962911,17.0,0.6666666666666666,0
20261005T183107Z,alpaca_live_path_harvest,19,NVDA,MSFT,semis_hyperscaler,6.419538520293595,-2.5098015189787257,1.6727816997808467,0.50009509652836,4.182583218759572,4.304814530393884,18.0,0.6666666666666666,0
20261005T183107Z,alpaca_live_path_harvest,20,NVDA,MSFT,semis_hyperscaler,6.797727160402757,0.0,1.6337042186252548,0.4936535085144427,-1.6337042186252548,-1.979001186287718,0.0,2.0,1
20261005T183107Z,alpaca_live_path_harvest,21,NVDA,MSFT,semis_hyperscaler,6.94148356230244,2.781523645508683,1.6337042186252548,0.4883544710392022,1.147819426883428,-2.7945268920204342,1.0,2.0,1
20261005T183107Z,alpaca_live_path_harvest,22,NVDA,MSFT,semis_hyperscaler,7.270786505433943,3.444228539820987,1.6337042186252548,0.47644344811804634,1.8105243211957323,2.0302589633338584,2.0,2.0,1
20261005T183107Z,alpaca_live_path_harvest,23,NVDA,MSFT,semis_hyperscaler,7.236016416735237,1.2541074538864727,1.6337042186252548,0.4760880372784449,-0.3795967647387822,0.25827509507642504,3.0,2.0,1
20261005T183107Z,alpaca_live_path_harvest,24,NVDA,MSFT,semis_hyperscaler,6.996728836463045,1.1945964550548638,1.6337042186252548,0.47487324704477957,-0.4391077635703911,-0.24097330181233473,4.0,2.0,1
20261005T183107Z,alpaca_live_path_harvest,25,NVDA,MSFT,semis_hyperscaler,6.777868257678267,2.5443343908049987,1.6337042186252548,0.4726522227084734,0.9106301721797438,2.6078185305273736,5.0,2.0,1
20261005T183107Z,alpaca_live_path_harvest,26,NVDA,MSFT,semis_hyperscaler,6.79999605542623,1.0409754779068456,1.6337042186252548,0.4708300423995901,-0.5927287407184091,-1.6439678456983073,6.0,2.0,1
20261005T183107Z,alpaca_live_path_harvest,27,NVDA,MSFT,semis_hyperscaler,6.825310233015429,0.7154236000451794,1.6337042186252548,0.46939616140412055,-0.9182806185800755,-2.7870899000736187,7.0,2.0,1
20261005T183107Z,alpaca_live_path_harvest,28,NVDA,MSFT,semis_hyperscaler,6.744069138142962,2.2712963161617568,1.6337042186252548,0.4694856288900424,0.6375920975365017,1.0951793040730764,8.0,2.0,1
20261005T183107Z,alpaca_live_path_harvest,29,NVDA,MSFT,semis_hyperscaler,6.661676527903344,1.6884475667423195,1.6337042186252548,0.47806731399789976,0.05474334811706479,0.5594572652980616,9.0,2.0,1
20261005T183107Z,alpaca_live_path_harvest,30,NVDA,MSFT,semis_hyperscaler,6.681411975987936,1.445078699893599,1.6337042186252548,0.48864025276149825,-0.18862551873165598,-1.1150081307270852,10.0,2.0,1
20261005T183107Z,alpaca_live_path_harvest,31,NVDA,MSFT,semis_hyperscaler,4.410555565975738,1.9142159888766725,1.6337042186252548,0.4895827074443572,0.2805117702514177,0.8749862875387862,11.0,2.0,1
20261005T183107Z,alpaca_live_path_harvest,32,NVDA,MSFT,semis_hyperscaler,4.758416373839935,2.987998814246713,1.6337042186252548,0.48694372055636526,1.3542945956214578,2.3263597086147856,12.0,2.0,1
20261005T183107Z,alpaca_live_path_harvest,33,NVDA,MSFT,semis_hyperscaler,4.688806152632937,1.2251796031264628,1.6337042186252548,0.4899371914688314,-0.4085246154987921,-1.0536705808327098,13.0,2.0,1
20261005T183107Z,alpaca_live_path_harvest,34,NVDA,MSFT,semis_hyperscaler,4.796497253602158,0.8969118183443815,1.6337042186252548,0.48871107440034184,-0.7367924002808733,-0.8346879346418007,14.0,2.0,1
20261005T183107Z,alpaca_live_path_harvest,35,NVDA,MSFT,semis_hyperscaler,5.419021587271949,-0.6549747955086758,1.6337042186252548,0.46090935977914216,-2.2886790141339306,-2.334085941497608,15.0,2.0,1
20261005T183107Z,alpaca_live_path_harvest,36,NVDA,MSFT,semis_hyperscaler,5.3280943108805054,0.8583980452247637,1.6337042186252548,0.5294997310449595,-0.7753061734004911,-1.1828448863340326,16.0,2.0,1
20261005T183107Z,alpaca_live_path_harvest,37,NVDA,MSFT,semis_hyperscaler,4.648622939098181,1.9806206111182891,1.6337042186252548,0.5279729720603147,0.34691639249303424,-1.0461810200821389,17.0,2.0,1
20261005T183107Z,alpaca_live_path_harvest,38,NVDA,MSFT,semis_hyperscaler,4.796256846647224,0.6649420690463005,1.6337042186252548,0.5236779979527308,-0.9687621495789543,-0.7710194529706371,18.0,2.0,1
20261005T183107Z,alpaca_live_path_harvest,39,NVDA,MSFT,semis_hyperscaler,4.841265241866984,1.977594646739671,1.6337042186252548,0.5224938676152896,0.34389042811441617,1.0199354965082477,19.0,2.0,1
20261005T183107Z,alpaca_live_path_harvest,40,NVDA,MSFT,semis_hyperscaler,4.582407620498494,1.122352228822514,1.6337042186252548,0.5356081426910785,-0.5113519898027407,1.8698757171594536,20.0,2.0,1
20261005T183107Z,alpaca_live_path_harvest,41,NVDA,MSFT,semis_hyperscaler,4.691505976590306,0.6883401381464808,1.6337042186252548,0.5389073077023692,-0.9453640804787741,-0.242381167133135,21.0,2.0,1
20261005T183107Z,alpaca_live_path_harvest,42,NVDA,MSFT,semis_hyperscaler,4.819969698857623,2.3686413664047796,1.6337042186252548,0.5637306681809683,0.734937147779525,0.404092421420421,22.0,2.0,1
20261005T183107Z,alpaca_live_path_harvest,43,NVDA,MSFT,semis_hyperscaler,4.780371955039115,2.1809571098720393,1.6337042186252548,0.5589687778333483,0.5472528912467843,1.7026420972347296,23.0,2.0,1
20261005T183107Z,alpaca_live_path_harvest,44,NVDA,MSFT,semis_hyperscaler,4.786703335490376,1.8068293412608414,1.6337042186252548,0.5585555706393259,0.17312512263558644,-0.14105812759878517,24.0,2.0,1
20261005T183107Z,alpaca_live_path_harvest,45,NVDA,MSFT,semis_hyperscaler,4.79504849502118,1.239496153820114,1.6337042186252548,0.568978172815761,-0.39420806480514103,0.12944895177269017,25.0,2.0,1
20261005T183107Z,alpaca_live_path_harvest,46,NVDA,MSFT,semis_hyperscaler,4.73305144525134,1.5319649094896393,1.6337042186252548,0.5699337230728755,-0.10173930913561562,0.9461355079608268,26.0,2.0,1
20261005T183107Z,alpaca_live_path_harvest,47,NVDA,MSFT,semis_hyperscaler,4.153531750475276,1.72816887355865,1.6337042186252548,0.5742098004457566,0.09446465493339518,-0.7319822038439895,27.0,2.0,1
20261005T183107Z,alpaca_live_path_harvest,48,NVDA,MSFT,semis_hyperscaler,4.153378273169431,1.3406153171504802,1.6337042186252548,0.5810671456778902,-0.2930889014747746,-0.966283351721637,28.0,2.0,1
20261005T183107Z,alpaca_live_path_harvest,49,NVDA,MSFT,semis_hyperscaler,4.197943398666844,1.875349567732813,1.6337042186252548,0.5803172721389667,0.241645349107558,0.05850248130961404,29.0,2.0,1
20261005T183107Z,alpaca_live_path_harvest,50,NVDA,MSFT,semis_hyperscaler,2.9540742846310075,1.4371748369831363,1.6337042186252548,0.5803285591679349,-0.19652938164211853,0.19743931045257454,30.0,2.0,1
20261005T183107Z,alpaca_live_path_harvest,51,NVDA,MSFT,semis_hyperscaler,2.8696704293556916,1.1005301828139518,1.6337042186252548,0.5817912067517418,-0.5331740358113031,-0.46962956998816024,31.0,2.0,1
20261005T183107Z,alpaca_live_path_harvest,52,NVDA,MSFT,semis_hyperscaler,2.8419413133716724,1.9431929800447691,1.6337042186252548,0.608309043968466,0.30948876141951426,0.23349511742856066,32.0,2.0,1
20261005T183107Z,alpaca_live_path_harvest,53,NVDA,MSFT,semis_hyperscaler,2.7272758893097997,2.357910354132932,1.6337042186252548,0.5968702422081656,0.7242061355076769,1.1148645099959935,33.0,2.0,1
20261005T183107Z,alpaca_live_path_harvest,54,NVDA,MSFT,semis_hyperscaler,2.83867302993377,2.254610685855108,1.6337042186252548,0.5910519522040788,0.6209064672298531,0.4225338985755968,34.0,2.0,1
20261005T183107Z,alpaca_live_path_harvest,55,NVDA,MSFT,semis_hyperscaler,3.107565096867421,0.567454334869518,1.6337042186252548,0.6442502014767111,-1.0662498837557368,-0.8599748261439515,35.0,2.0,1
20261005T183107Z,alpaca_live_path_harvest,56,NVDA,MSFT,semis_hyperscaler,2.744147327294546,1.6778587249132069,1.6337042186252548,0.6529636357230469,0.04415450628795203,0.5475506162329339,36.0,2.0,1
20261005T183107Z,alpaca_live_path_harvest,57,NVDA,MSFT,semis_hyperscaler,2.7272857364699825,0.847757558471318,1.6337042186252548,0.6494757655914475,-0.7859466601539369,-1.063393104623725,37.0,2.0,1
20261005T183107Z,alpaca_live_path_harvest,58,NVDA,MSFT,semis_hyperscaler,2.75308164273897,2.515027906893917,1.6337042186252548,0.6569260081590157,0.8813236882686625,-0.09155023136978002,38.0,2.0,1
20261005T183107Z,alpaca_live_path_harvest,59,NVDA,MSFT,semis_hyperscaler,2.754003761521267,1.9598806136300755,1.6337042186252548,0.6583308570515497,0.3261763950048207,-0.4755342543509585,39.0,2.0,1
20261005T183107Z,alpaca_live_path_harvest,60,NVDA,MSFT,semis_hyperscaler,2.711352086160712,1.40095488320793,1.6337042186252548,0.6627024121701574,-0.2327493354173249,0.8884246560361249,40.0,2.0,1
20261005T183107Z,alpaca_live_path_harvest,61,NVDA,MSFT,semis_hyperscaler,2.708222301312623,1.701496981470465,1.6337042186252548,0.6844343938599531,0.06779276284521021,0.048681275155212235,41.0,2.0,1
20261005T183107Z,alpaca_live_path_harvest,62,NVDA,MSFT,semis_hyperscaler,2.7058128366713796,1.787435127929036,1.6337042186252548,0.6973972170008825,0.15373090930378117,0.7716524673300625,42.0,2.0,1
20261005T183107Z,alpaca_live_path_harvest,63,NVDA,MSFT,semis_hyperscaler,2.745055541113956,2.426220391953533,1.6337042186252548,0.7005027712057235,0.7925161733282782,-0.17985335865953972,43.0,2.0,1
20261005T183107Z,alpaca_live_path_harvest,64,NVDA,MSFT,semis_hyperscaler,2.759265617636099,2.1971273713233037,1.6337042186252548,0.6987267842786947,0.5634231526980491,0.13255984422195297,44.0,2.0,1
20261005T183107Z,alpaca_live_path_harvest,65,NVDA,MSFT,semis_hyperscaler,3.0040964672367294,3.1241835346260887,1.6337042186252548,0.6828497335815834,1.4904793160008338,1.2366437121438252,45.0,2.0,1
20261005T183107Z,alpaca_live_path_harvest,66,NVDA,MSFT,semis_hyperscaler,3.461236922982697,-0.0723600549851866,1.6337042186252548,0.6488208570545843,-1.7060642736104414,-1.3655673225681426,46.0,2.0,1
20261005T183107Z,alpaca_live_path_harvest,67,NVDA,MSFT,semis_hyperscaler,3.487602188170644,2.3243801175654215,1.6337042186252548,0.6457989990466182,0.6906758989401667,0.4572584154033962,47.0,2.0,1
20261005T183107Z,alpaca_live_path_harvest,68,NVDA,MSFT,semis_hyperscaler,3.882560501000221,-0.1603019581605285,1.6337042186252548,0.6176852242552909,-1.7940061767857833,-1.9768212522948148,48.0,2.0,1
20261005T183107Z,alpaca_live_path_harvest,69,NVDA,MSFT,semis_hyperscaler,3.9420164978640666,0.405852326577798,1.6337042186252548,0.6064344650937751,-1.2278518920474568,-1.4442892519276995,49.0,2.0,1
20261005T183107Z,alpaca_live_path_harvest,70,NVDA,MSFT,semis_hyperscaler,3.77497695050261,2.1806006876808905,1.6337042186252548,0.605049056874033,0.5468964690556358,-0.7181584214062184,50.0,2.0,1
20261005T183107Z,alpaca_live_path_harvest,71,NVDA,MSFT,semis_hyperscaler,3.8298006568819374,2.3046098469863368,1.6337042186252548,0.6062286062065056,0.670905628361082,1.7698018102067352,51.0,2.0,1
20261005T183107Z,alpaca_live_path_harvest,72,NVDA,MSFT,semis_hyperscaler,3.9898085298807553,0.35833159723527075,1.6337042186252548,0.594514916527157,-1.275372621389984,-1.6260938356433485,52.0,2.0,1
20261005T183107Z,alpaca_live_path_harvest,73,NVDA,MSFT,semis_hyperscaler,3.863811449137478,1.31957597550704,1.6337042186252548,0.6018263678852042,-0.31412824311821497,1.0508240448176251,53.0,2.0,1
20261005T183107Z,alpaca_live_path_harvest,74,NVDA,MSFT,semis_hyperscaler,4.087139256542319,3.009709163235553,1.6337042186252548,0.5972426553267774,1.3760049446102984,2.0134853991123123,54.0,2.0,1
20261005T183107Z,alpaca_live_path_harvest,75,NVDA,MSFT,semis_hyperscaler,4.22369954343342,2.7744027394801343,1.6337042186252548,0.6009910235776762,1.1406985208548794,0.41505156997248494,55.0,2.0,1
20261005T183107Z,alpaca_live_path_harvest,76,NVDA,MSFT,semis_hyperscaler,4.68162439079457,3.7238514345360896,1.6337042186252548,0.5783049002146674,2.090147215910835,1.1010761819753099,56.0,2.0,1
20261005T183107Z,alpaca_live_path_harvest,77,NVDA,MSFT,semis_hyperscaler,4.975019760020737,0.030737559896069078,1.6337042186252548,0.5693611103711701,-1.6029666587291858,-0.09883086961145296,57.0,2.0,1
20261005T183107Z,alpaca_live_path_harvest,78,NVDA,MSFT,semis_hyperscaler,4.940416462110635,1.1014693433364,1.6337042186252548,0.5721330218290582,-0.5322348752888548,0.0007328550137629009,58.0,2.0,1
20261005T183107Z,alpaca_live_path_harvest,79,NVDA,MSFT,semis_hyperscaler,4.91389289360814,1.1543804815422827,1.6337042186252548,0.5718047936091956,-0.47932373708297205,-1.3275009558432032,59.0,2.0,1
20261005T183107Z,alpaca_live_path_harvest,80,NVDA,MSFT,semis_hyperscaler,4.743181112761654,0.37094050788871935,1.6337042186252548,0.5649731775070129,-1.2627637107365355,-1.729244264828384,60.0,2.0,1
20261005T183107Z,alpaca_live_path_harvest,81,NVDA,MSFT,semis_hyperscaler,4.510004890130833,1.67258487601829,1.6337042186252548,0.5650009759037578,0.03888065739303518,-1.5200046505798697,61.0,2.0,1
20261005T183107Z,alpaca_live_path_harvest,82,NVDA,MSFT,semis_hyperscaler,4.41614112882489,1.2876531958347754,1.6337042186252548,0.564877076752624,-0.34605102279047945,0.9394618421171514,62.0,2.0,1
20261005T183107Z,alpaca_live_path_harvest,83,NVDA,MSFT,semis_hyperscaler,4.842962262485409,4.106781065870885,1.6337042186252548,0.5387576274443866,2.4730768472456304,2.295169196696486,63.0,2.0,0
20261005T183107Z,alpaca_live_path_harvest,84,NVDA,MSFT,semis_hyperscaler,4.613603320873332,1.6299463814006125,1.6337042186252548,0.5399944807599182,-0.003757837224642226,0.3607221256554965,64.0,2.0,1
20261005T183107Z,alpaca_live_path_harvest,85,NVDA,MSFT,semis_hyperscaler,4.837378476798083,3.139669442225684,1.6337042186252548,0.5374067918823865,1.5059652236004293,2.1941561791159017,65.0,2.0,1
20261005T183107Z,alpaca_live_path_harvest,86,NVDA,MSFT,semis_hyperscaler,4.951931449895524,2.801864931023514,1.6337042186252548,0.5430214187674739,1.1681607123982591,0.9765111792462449,66.0,2.0,1
20261005T183107Z,alpaca_live_path_harvest,87,NVDA,MSFT,semis_hyperscaler,4.650571948575297,2.4182621727213207,1.6337042186252548,0.5415099696346065,0.7845579540960658,0.9914681547384703,67.0,2.0,1
20261005T183107Z,alpaca_live_path_harvest,88,NVDA,MSFT,semis_hyperscaler,4.6826716642005,2.9486279625334157,1.6337042186252548,0.5516741261279828,1.314923743908161,-0.7019519057988418,68.0,2.0,1
20261005T183107Z,alpaca_live_path_harvest,89,NVDA,MSFT,semis_hyperscaler,4.808305609267585,3.108856050708292,1.6337042186252548,0.5556018274763904,1.4751518320830372,1.407996973265631,69.0,2.0,1
20261005T183107Z,alpaca_live_path_harvest,90,NVDA,MSFT,semis_hyperscaler,7.073790245786673,-1.906565299444457,1.6337042186252548,0.47413812610688544,-3.540269518069712,-4.845525338882425,70.0,2.0,1
20261005T183107Z,alpaca_live_path_harvest,91,NVDA,MSFT,semis_hyperscaler,6.900072554860491,0.7740641091288414,1.6337042186252548,0.4709539769934842,-0.8596401094964135,-1.850308015922161,71.0,2.0,1
20261005T183107Z,alpaca_live_path_harvest,92,NVDA,MSFT,semis_hyperscaler,6.699132641637016,1.7921051396047123,1.6337042186252548,0.4769625857957909,0.15840092097945754,-0.5023519570677252,72.0,2.0,1
20261005T183107Z,alpaca_live_path_harvest,93,NVDA,MSFT,semis_hyperscaler,6.6675586628921035,1.7057815263754244,1.6337042186252548,0.478181349668562,0.07207730775016957,-1.100552112975589,73.0,2.0,1
20261005T183107Z,alpaca_live_path_harvest,94,NVDA,MSFT,semis_hyperscaler,6.737313598705709,0.9068840695501531,1.6337042186252548,0.47779684963735225,-0.7268201490751017,-2.1618223507301932,74.0,2.0,1
20261005T183107Z,alpaca_live_path_harvest,95,NVDA,MSFT,semis_hyperscaler,6.707895340426146,0.8055293996228564,1.6337042186252548,0.4765920571815212,-0.8281748190023984,2.7616407414871786,75.0,2.0,1
20261005T183107Z,alpaca_live_path_harvest,96,NVDA,MSFT,semis_hyperscaler,6.7075256145054984,1.6843231180253735,1.6337042186252548,0.48727756605978456,0.05061889940011876,0.8980424342796993,76.0,2.0,1
20261005T183107Z,alpaca_live_path_harvest,97,NVDA,MSFT,semis_hyperscaler,6.698994591783326,1.447218510680587,1.6337042186252548,0.49346437717611524,-0.18648570794466782,-0.39151006185178405,77.0,2.0,1
20261005T183107Z,alpaca_live_path_harvest,98,NVDA,MSFT,semis_hyperscaler,6.403949319209288,0.49802259756987377,1.6337042186252548,0.48770274969768856,-1.135681621055381,-1.318453193211809,78.0,2.0,1
20261005T183107Z,alpaca_live_path_harvest,99,NVDA,MSFT,semis_hyperscaler,7.382288129306913,-0.8718354705271951,1.6337042186252548,0.4563872083616231,-2.50553968915245,-2.1966818827251418,79.0,2.0,1
20261005T183107Z,alpaca_live_path_harvest,100,NVDA,MSFT,semis_hyperscaler,7.503051918548438,3.0104783277705307,1.6337042186252548,0.44950476499809594,1.3767741091452756,2.385563343882114,80.0,2.0,1
20261005T183107Z,alpaca_live_path_harvest,101,NVDA,MSFT,semis_hyperscaler,7.661771448078657,2.8898542300905863,1.6337042186252548,0.44251235838435904,1.2561500114653315,1.403114292813973,81.0,2.0,1
20261005T183107Z,alpaca_live_path_harvest,102,NVDA,MSFT,semis_hyperscaler,7.54450138152976,1.4317525211318765,1.6337042186252548,0.4424939671985685,-0.2019516974933784,-0.10804821688992661,82.0,2.0,1
20261005T183107Z,alpaca_live_path_harvest,103,NVDA,MSFT,semis_hyperscaler,7.3813065742414,2.232193872555613,1.6337042186252548,0.4529764841977457,0.5984896539303581,1.883083837951716,83.0,2.0,1
20261005T183107Z,alpaca_live_path_harvest,104,NVDA,MSFT,semis_hyperscaler,7.1220690733311995,0.38568557136574655,1.6337042186252548,0.44556139619301666,-1.2480186472595083,1.349710613451674,84.0,2.0,1
20261005T183107Z,alpaca_live_path_harvest,105,NVDA,MSFT,semis_hyperscaler,6.0118343627184645,2.608805792599183,1.6337042186252548,0.4466787202315285,0.975101573973928,-0.4369133225099631,85.0,2.0,1
20261005T183107Z,alpaca_live_path_harvest,106,NVDA,MSFT,semis_hyperscaler,6.0641216541819505,2.249138300856532,1.6337042186252548,0.44864788915797166,0.6154340822312774,-0.7556705334596472,86.0,2.0,1
20261005T183107Z,alpaca_live_path_harvest,107,NVDA,MSFT,semis_hyperscaler,6.153404734643612,0.8308418987571117,1.6337042186252548,0.44905005319627556,-0.8028623198681432,-0.7665533475384791,87.0,2.0,1
20261005T183107Z,alpaca_live_path_harvest,108,NVDA,MSFT,semis_hyperscaler,6.547436007985079,2.8918884546982087,1.6337042186252548,0.4457725264046595,1.2581842360729536,0.8539071159720777,88.0,2.0,1
20261005T183107Z,alpaca_live_path_harvest,109,NVDA,MSFT,semis_hyperscaler,6.488380232342445,1.5629593393235859,1.6337042186252548,0.45481441565503733,-0.07074487930166896,1.540444119998216,89.0,2.0,1
20261005T183107Z,alpaca_live_path_harvest,110,NVDA,MSFT,semis_hyperscaler,6.42083288516731,1.9392392171184734,1.6337042186252548,0.5013799128386971,0.3055349984932185,-0.7048428242695877,90.0,2.0,1
20261005T183107Z,alpaca_live_path_harvest,111,NVDA,MSFT,semis_hyperscaler,6.4473293879159606,1.2583148459747553,1.6337042186252548,0.5035726351684928,-0.37538937265049954,-1.1551212045392902,91.0,2.0,1
20261005T183107Z,alpaca_live_path_harvest,112,NVDA,MSFT,semis_hyperscaler,6.564646350534572,2.3847692336278574,1.6337042186252548,0.4987956498527048,0.7510650150026025,2.0024586561435056,92.0,2.0,1
20261005T183107Z,alpaca_live_path_harvest,113,NVDA,MSFT,semis_hyperscaler,6.4384153982776775,2.4296443773041094,1.6337042186252548,0.49337111711991044,0.7959401586788547,-0.47791021142664364,93.0,2.0,1
20261005T183107Z,alpaca_live_path_harvest,114,NVDA,MSFT,semis_hyperscaler,4.773573878039772,2.29107961124336,1.6337042186252548,0.4930941356670197,0.6573753926181047,0.9423466231089777,94.0,2.0,1
20261005T183107Z,alpaca_live_path_harvest,115,NVDA,MSFT,semis_hyperscaler,5.899547925185033,-0.37202546228340316,1.6337042186252548,0.4681630677081711,-2.005729680908658,-2.937037715824556,95.0,2.0,1
20261005T183107Z,alpaca_live_path_harvest,116,NVDA,MSFT,semis_hyperscaler,5.667164163925743,2.1295066261078275,1.6337042186252548,0.4668646126843689,0.4958024074825725,1.0507547436777371,96.0,2.0,1
20261005T183107Z,alpaca_live_path_harvest,117,NVDA,MSFT,semis_hyperscaler,5.687426974904256,2.1980534843815045,1.6337042186252548,0.4653225778969207,0.5643492657562497,-0.22609517924115607,97.0,2.0,1
20261005T183107Z,alpaca_live_path_harvest,118,NVDA,MSFT,semis_hyperscaler,6.967075805457636,-0.597491996162036,1.6337042186252548,0.4397441040764942,-2.231196214787291,-4.051011206176287,98.0,2.0,1
20261005T183107Z,alpaca_live_path_harvest,119,NVDA,MSFT,semis_hyperscaler,6.703452743203317,2.2636171650308072,1.6337042186252548,0.46899482767029216,0.6299129464055525,-0.04660201783738671,99.0,2.0,1
20261005T183107Z,alpaca_live_path_harvest,120,NVDA,MSFT,semis_hyperscaler,6.585133739243919,1.9558994310913378,1.6337042186252548,0.47625856174831516,0.32219521246608296,3.0010849271647886,100.0,2.0,1
20261005T183107Z,alpaca_live_path_harvest,121,NVDA,MSFT,semis_hyperscaler,6.931086415188665,0.33084928711850004,1.6337042186252548,0.4710591387805115,-1.3028549315067548,-2.3855055715003517,101.0,2.0,1
20261005T183107Z,alpaca_live_path_harvest,122,NVDA,MSFT,semis_hyperscaler,6.982800480019743,0.7580637705662335,1.6337042186252548,0.46595174236538767,-0.8756404480590213,-1.9700134467512669,102.0,2.0,1
20261005T183107Z,alpaca_live_path_harvest,123,NVDA,MSFT,semis_hyperscaler,6.659332646307018,2.016572099245275,1.6337042186252548,0.46713801466521965,0.38286788062002053,3.4338618584980622,103.0,2.0,1
20261005T183107Z,alpaca_live_path_harvest,124,NVDA,MSFT,semis_hyperscaler,6.661872824022897,1.6925566897358348,1.6337042186252548,0.4764500900618177,0.05885247111057997,-0.8329441667995241,104.0,2.0,1
20261005T183107Z,alpaca_live_path_harvest,125,NVDA,MSFT,semis_hyperscaler,7.162711702057043,3.0842400535576857,1.6337042186252548,0.466841759359741,1.4505358349324307,1.4517196903763705,105.0,2.0,1
20261005T183107Z,alpaca_live_path_harvest,126,NVDA,MSFT,semis_hyperscaler,7.164972884330986,1.354486481529018,1.6337042186252548,0.4679837647583697,-0.2792177370962368,1.311090311657864,106.0,2.0,1
20261005T183107Z,alpaca_live_path_harvest,127,NVDA,MSFT,semis_hyperscaler,7.332952674963435,2.780490488126526,1.6337042186252548,0.46421416105292845,1.1467862695012716,2.727696021708738,107.0,2.0,1
20261005T183107Z,alpaca_live_path_harvest,128,NVDA,MSFT,semis_hyperscaler,7.6698310002058045,0.15264086537356691,1.6337042186252548,0.45518141704618564,-1.481063353251688,-2.6563799701663013,108.0,2.0,1
20261005T183107Z,alpaca_live_path_harvest,129,NVDA,MSFT,semis_hyperscaler,8.195659597180738,3.2914974661508913,1.6337042186252548,0.4389507633896993,1.6577932475256365,2.20542056363758,109.0,2.0,1
20261005T183107Z,alpaca_live_path_harvest,130,NVDA,MSFT,semis_hyperscaler,7.645612328818569,0.8501272501801167,1.6337042186252548,0.4360050999779973,-0.7835769684451381,-3.018636351576049,110.0,2.0,1
20261005T183107Z,alpaca_live_path_harvest,131,NVDA,MSFT,semis_hyperscaler,7.847161802494832,0.45140703667802096,1.6337042186252548,0.4292838590087755,-1.1822971819472339,-1.2028215867305732,111.0,2.0,1
20261005T183107Z,alpaca_live_path_harvest,132,NVDA,MSFT,semis_hyperscaler,7.734237233009161,1.5123551869485858,1.6337042186252548,0.4326874553702338,-0.12134903167666901,-1.7633082243126352,112.0,2.0,1
20261005T183107Z,alpaca_live_path_harvest,133,NVDA,MSFT,semis_hyperscaler,6.837862065080032,1.1056064633193126,1.6337042186252548,0.436371930785142,-0.5280977553059424,1.3782997598342945,113.0,2.0,1
20261005T183107Z,alpaca_live_path_harvest,134,NVDA,MSFT,semis_hyperscaler,6.946607626669053,2.5888441671468865,1.6337042186252548,0.4339714997336016,0.9551399485216319,-1.0096750882511685,114.0,2.0,1
20261005T183107Z,alpaca_live_path_harvest,135,NVDA,MSFT,semis_hyperscaler,7.286692131343758,2.8556061554174725,1.6337042186252548,0.44110268092211125,1.221901936792218,2.7552589194966743,115.0,2.0,1
20261005T183107Z,alpaca_live_path_harvest,136,NVDA,MSFT,semis_hyperscaler,6.882322985364388,1.8029274608115013,1.6337042186252548,0.44223260817369003,0.16922324218624643,1.8845365478299527,116.0,2.0,1
20261005T183107Z,alpaca_live_path_harvest,137,NVDA,MSFT,semis_hyperscaler,6.682910698638777,1.3308721614357515,1.6337042186252548,0.4440306835613499,-0.30283205718950335,-0.16941639245972623,117.0,2.0,1
20261005T183107Z,alpaca_live_path_harvest,138,NVDA,MSFT,semis_hyperscaler,7.771803620359824,-0.3849045751037916,1.6337042186252548,0.4444695656744486,-2.0186087937290464,-2.131182954271691,118.0,2.0,1
20261005T183107Z,alpaca_live_path_harvest,139,NVDA,MSFT,semis_hyperscaler,7.781454237891698,1.337747249597014,1.6337042186252548,0.44743836164263695,-0.2959569690282408,-1.6111151622971989,119.0,2.0,1
20261005T183107Z,alpaca_live_path_harvest,140,NVDA,MSFT,semis_hyperscaler,7.363495720137214,0.7866887731637949,1.6337042186252548,0.4458773341142105,-0.8470154454614599,-2.8689716482877827,120.0,2.0,1
20261005T183107Z,alpaca_live_path_harvest,141,NVDA,MSFT,semis_hyperscaler,9.50337054073451,-1.4541634075700005,1.6337042186252548,0.3969611402801941,-3.0878676261952553,-5.181527929117209,121.0,2.0,1
20261005T183107Z,alpaca_live_path_harvest,142,NVDA,MSFT,semis_hyperscaler,9.087622957843312,1.7391768162528303,1.6337042186252548,0.3981539415048908,0.10547259762757541,0.37141505514893536,122.0,2.0,1
20261005T183107Z,alpaca_live_path_harvest,143,NVDA,MSFT,semis_hyperscaler,8.85590875658788,1.2511828109067018,1.6337042186252548,0.39923985145073426,-0.3825214077185531,2.115845308763704,123.0,2.0,1
20261005T183107Z,alpaca_live_path_harvest,144,NVDA,MSFT,semis_hyperscaler,8.125433336429104,2.123347578930115,1.6337042186252548,0.3977322931779286,0.4896433603048599,0.9360497997618438,124.0,2.0,1
20261005T183107Z,alpaca_live_path_harvest,145,NVDA,MSFT,semis_hyperscaler,8.753057066470532,2.9501131384979047,1.6337042186252548,0.39855515291429666,1.3164089198726496,3.045793258614458,125.0,2.0,1
20261005T183107Z,alpaca_live_path_harvest,146,NVDA,MSFT,semis_hyperscaler,8.677729548249427,0.9646932962653156,1.6337042186252548,0.39709736850042865,-0.6690109223599392,3.690069987989415,126.0,2.0,1
20261005T183107Z,alpaca_live_path_harvest,147,NVDA,MSFT,semis_hyperscaler,8.887148151289669,2.3859132464895616,1.6337042186252548,0.40084730855532075,0.7522090278643065,1.0350631747432089,127.0,2.0,1
20261005T183107Z,alpaca_live_path_harvest,148,NVDA,MSFT,semis_hyperscaler,9.080823083547577,0.5731379657792801,1.6337042186252548,0.4028691416578252,-1.0605662528459747,-1.0674405512168164,128.0,2.0,1
20261005T183107Z,alpaca_live_path_harvest,149,NVDA,MSFT,semis_hyperscaler,8.819157763864617,1.8939193540182688,1.6337042186252548,0.4193701483345098,0.260215135393014,-0.4046879101323668,129.0,2.0,1
20261005T183107Z,alpaca_live_path_harvest,150,NVDA,MSFT,semis_hyperscaler,9.109985553108816,3.182510682427294,1.6337042186252548,0.4029110774593137,1.5488064638020391,0.4048445934193808,130.0,2.0,1
20261005T183107Z,alpaca_live_path_harvest,151,NVDA,MSFT,semis_hyperscaler,9.062195444843901,1.6379569279384416,1.6337042186252548,0.40658688784787206,0.004252709313186713,1.057086793362447,131.0,2.0,1
20261005T183107Z,alpaca_live_path_harvest,152,NVDA,MSFT,semis_hyperscaler,9.09397416192524,1.8045230512325878,1.6337042186252548,0.40632412647794497,0.1708188326073329,-0.947460507803686,132.0,2.0,1
20261005T183107Z,alpaca_live_path_harvest,153,NVDA,MSFT,semis_hyperscaler,8.710221547313719,2.577133842017246,1.6337042186252548,0.4019781711681149,0.9434296233919911,3.1698229795655495,133.0,2.0,1
20261005T183107Z,alpaca_live_path_harvest,154,NVDA,MSFT,semis_hyperscaler,8.803266627245877,1.0290133583268757,1.6337042186252548,0.40467183377839033,-0.604690860298379,-1.3793963256666415,134.0,2.0,1
20261005T183107Z,alpaca_live_path_harvest,155,NVDA,MSFT,semis_hyperscaler,8.737723415279824,1.3196890177406515,1.6337042186252548,0.4140800614774581,-0.3140152008846034,-2.971525113976958,135.0,2.0,1
20261005T183107Z,alpaca_live_path_harvest,156,NVDA,MSFT,semis_hyperscaler,5.873274385991845,1.8067010103644883,1.6337042186252548,0.414677718549371,0.17299679173923355,0.21631860245902884,136.0,2.0,1
20261005T183107Z,alpaca_live_path_harvest,157,NVDA,MSFT,semis_hyperscaler,5.949181296780734,1.3791447528293386,1.6337042186252548,0.41456556096453423,-0.2545594657959163,-0.713878805419057,137.0,2.0,1
20261005T183107Z,alpaca_live_path_harvest,158,NVDA,MSFT,semis_hyperscaler,6.248601022924957,0.6849141642786285,1.6337042186252548,0.42687234854625683,-0.9487900543466263,-2.928704545730659,138.0,2.0,1
20261005T183107Z,alpaca_live_path_harvest,159,NVDA,MSFT,semis_hyperscaler,6.238025392740806,2.137153521424474,1.6337042186252548,0.4249123470060758,0.5034493027992188,1.7172340075809018,139.0,2.0,1
20261005T183107Z,alpaca_live_path_harvest,160,NVDA,MSFT,semis_hyperscaler,5.790414159984181,1.0896992892551371,1.6337042186252548,0.42530255013362894,-0.5440049293701177,-0.386970129988282,140.0,2.0,1
20261005T183107Z,alpaca_live_path_harvest,161,NVDA,MSFT,semis_hyperscaler,6.86450505808187,3.6308808004524624,1.6337042186252548,0.4688888360147794,1.9971765818272076,2.8770522552749753,141.0,2.0,0
20261005T183107Z,alpaca_live_path_harvest,162,NVDA,MSFT,semis_hyperscaler,7.727985326693267,-0.07808808766970676,1.6337042186252548,0.43975497853790857,-1.7117923062949616,-2.2850106602751965,142.0,2.0,1
20261005T183107Z,alpaca_live_path_harvest,163,NVDA,MSFT,semis_hyperscaler,7.555184519877131,2.4977296308014054,1.6337042186252548,0.4370627746256439,0.8640254121761508,2.8366358921749564,143.0,2.0,1
20261005T183107Z,alpaca_live_path_harvest,164,NVDA,MSFT,semis_hyperscaler,7.555988485068567,1.6296917161971836,1.6337042186252548,0.4379018303841666,-0.0040125024280713555,-0.705225238126701,144.0,2.0,1
20261005T183107Z,alpaca_live_path_harvest,165,NVDA,MSFT,semis_hyperscaler,7.292876605178439,2.8475075923781814,1.6337042186252548,0.439313349661413,1.2138033737529264,2.824036692870101,145.0,2.0,0
20261005T183107Z,alpaca_live_path_harvest,166,NVDA,MSFT,semis_hyperscaler,7.306854657387733,1.495696340455635,1.6337042186252548,0.44339889678559746,-0.13800787816961987,-3.3365615557180774,146.0,2.0,1
20261005T183107Z,alpaca_live_path_harvest,167,NVDA,MSFT,semis_hyperscaler,7.503723747586763,2.5480924330020476,1.6337042186252548,0.4417670056152593,0.9143882143767929,4.1853738806378376,147.0,2.0,0
20261005T183107Z,alpaca_live_path_harvest,168,NVDA,MSFT,semis_hyperscaler,7.300320090532492,1.491302032134456,1.6337042186252548,0.4532428582072993,-0.14240218649079886,-1.5847271054926408,148.0,2.0,1
20261005T183107Z,alpaca_live_path_harvest,169,NVDA,MSFT,semis_hyperscaler,7.142594899564414,1.6281271282114549,1.6337042186252548,0.4529046131592859,-0.0055770904137999325,-0.03196281003299077,149.0,2.0,0
20261005T183107Z,alpaca_live_path_harvest,170,NVDA,MSFT,semis_hyperscaler,7.237017053868003,1.0314173112273313,1.6337042186252548,0.466840809156954,-0.6022869073979235,-2.878132677597074,150.0,2.0,0
20261005T183107Z,alpaca_live_path_harvest,1,MU,MSFT,memory_hyperscaler,13.231696663313826,0.0,3.044560941778097,0.653594559292516,3.044560941778097,5.350126040394992,0.0,0.6666666666666666,1
20261005T183107Z,alpaca_live_path_harvest,2,MU,MSFT,memory_hyperscaler,12.98433946876601,3.565924077538005,3.044560941778097,0.6585108158633641,-0.5213631357599082,-0.2729792072270129,1.0,0.6666666666666666,1
20261005T183107Z,alpaca_live_path_harvest,3,MU,MSFT,memory_hyperscaler,13.2237775316276,0.8385722940177907,3.044560941778097,0.6396715413050078,2.2059886477603063,3.498779491618575,2.0,0.6666666666666666,1
20261005T183107Z,alpaca_live_path_harvest,4,MU,MSFT,memory_hyperscaler,13.649996430835325,4.026063962113423,3.044560941778097,0.6332153026468722,-0.9815030203353267,-1.3124629202335996,3.0,0.6666666666666666,1
20261005T183107Z,alpaca_live_path_harvest,5,MU,MSFT,memory_hyperscaler,13.771945440785645,3.913786992146025,3.044560941778097,0.6282832238526338,-0.869226050367928,-0.5740746000479134,4.0,0.6666666666666666,1
20261005T183107Z,alpaca_live_path_harvest,6,MU,MSFT,memory_hyperscaler,13.549463415227597,1.7934949770193183,3.044560941778097,0.6290563023684005,1.2510659647587787,-3.8196663893493676,5.0,0.6666666666666666,1
20261005T183107Z,alpaca_live_path_harvest,7,MU,MSFT,memory_hyperscaler,13.243160836948032,3.098066995546301,3.044560941778097,0.6340134826459688,-0.053506053768204116,1.1009469862046104,6.0,0.6666666666666666,1
20261005T183107Z,alpaca_live_path_harvest,8,MU,MSFT,memory_hyperscaler,13.176987387504894,3.565980526958043,3.044560941778097,0.6454474519264225,-0.5214195851799461,-6.112241982750402,7.0,0.6666666666666666,1
20261005T183107Z,alpaca_live_path_harvest,9,MU,MSFT,memory_hyperscaler,13.092748348313098,3.0573837297860322,3.044560941778097,0.6470146347186267,-0.0128227880079353,2.2466210287300896,8.0,0.6666666666666666,1
20261005T183107Z,alpaca_live_path_harvest,10,MU,MSFT,memory_hyperscaler,12.979168430904553,2.8082555067299015,3.044560941778097,0.6522269098781672,0.23630543504819557,2.6995546316049968,9.0,0.6666666666666666,1
20261005T183107Z,alpaca_live_path_harvest,11,MU,MSFT,memory_hyperscaler,13.808325990833287,1.324786852242791,3.044560941778097,0.6477312871268764,1.719774089535306,1.3420787028530299,10.0,0.6666666666666666,1
20261005T183107Z,alpaca_live_path_harvest,12,MU,MSFT,memory_hyperscaler,13.62378488478396,2.8045053217881053,3.044560941778097,0.6532660300719981,0.24005561998999161,0.897544070908998,11.0,0.6666666666666666,1
20261005T183107Z,alpaca_live_path_harvest,13,MU,MSFT,memory_hyperscaler,15.078947092936103,0.7729987002624856,3.044560941778097,0.6339299738999715,2.2715622415156114,6.974883618453998,12.0,0.6666666666666666,1
20261005T183107Z,alpaca_live_path_harvest,14,MU,MSFT,memory_hyperscaler,14.903221047919434,3.270847417908616,3.044560941778097,0.6336158070749028,-0.22628647613051886,-0.03435812550224,13.0,0.6666666666666666,1
20261005T183107Z,alpaca_live_path_harvest,15,MU,MSFT,memory_hyperscaler,15.38659098756937,4.363731058456294,3.044560941778097,0.6250874956926112,-1.3191701166781966,-3.373713384558562,14.0,0.6666666666666666,1
20261005T183107Z,alpaca_live_path_harvest,16,MU,MSFT,memory_hyperscaler,14.323094218317424,4.569920289623904,3.044560941778097,0.6125157064351598,-1.5253593478458072,-7.652107181468648,15.0,0.6666666666666666,1
20261005T183107Z,alpaca_live_path_harvest,17,MU,MSFT,memory_hyperscaler,14.269572770085178,2.3816159775509176,3.044560941778097,0.6129410345525638,0.6629449642271794,1.1536684090504536,16.0,0.6666666666666666,1
20261005T183107Z,alpaca_live_path_harvest,18,MU,MSFT,memory_hyperscaler,13.903007437796777,1.5389430953952707,3.044560941778097,0.6046766957687657,1.5056178463828263,-1.5845224752091327,17.0,0.6666666666666666,1
20261005T183107Z,alpaca_live_path_harvest,19,MU,MSFT,memory_hyperscaler,16.550418151345493,0.3023101814788265,3.044560941778097,0.5744234602558623,2.7422507602992705,8.415224570002659,18.0,0.6666666666666666,1
20261005T183107Z,alpaca_live_path_harvest,20,MU,MSFT,memory_hyperscaler,17.47177015659329,4.65372638642604,3.044560941778097,0.5633193725671909,-1.6091654446479435,-1.351415456327493,19.0,0.6666666666666666,1
20261005T183107Z,alpaca_live_path_harvest,21,MU,MSFT,memory_hyperscaler,18.171427285631673,1.5061883937142118,3.044560941778097,0.5702666914198247,1.5383725480638852,8.751462258750246,20.0,0.6666666666666666,1
20261005T183107Z,alpaca_live_path_harvest,22,MU,MSFT,memory_hyperscaler,18.51338144897839,3.8584671693233696,3.044560941778097,0.5688605604753654,-0.8139062275452725,-3.6756264237891854,21.0,0.6666666666666666,1
20261005T183107Z,alpaca_live_path_harvest,23,MU,MSFT,memory_hyperscaler,22.739919454919423,5.9003853704992855,3.044560941778097,0.5325455009564963,-2.8558244287211885,-13.406386650760714,22.0,0.6666666666666666,0
20261005T183107Z,alpaca_live_path_harvest,24,MU,MSFT,memory_hyperscaler,23.08445536899874,2.062031493017283,3.044560941778097,0.5311258791246565,0.9825294487608138,-4.486462979031512,23.0,0.6666666666666666,1
20261005T183107Z,alpaca_live_path_harvest,25,MU,MSFT,memory_hyperscaler,23.09336602495233,3.0996688801701455,3.044560941778097,0.5342720826714398,-0.05510793839204856,4.470176589344556,24.0,0.6666666666666666,1
20261005T183107Z,alpaca_live_path_harvest,26,MU,MSFT,memory_hyperscaler,23.914927776611226,4.6470323840991545,3.044560941778097,0.5229050174723342,-1.6024714423210573,-10.607971303087243,25.0,0.6666666666666666,1
20261005T183107Z,alpaca_live_path_harvest,27,MU,MSFT,memory_hyperscaler,24.168303105229445,3.8511133420264576,3.044560941778097,0.520009455709421,-0.8065524002483607,-0.8050533211722722,26.0,0.6666666666666666,1
20261005T183107Z,alpaca_live_path_harvest,28,MU,MSFT,memory_hyperscaler,25.485717789416558,0.917085249327751,3.044560941778097,0.4999080231876406,2.127475692450346,17.60944865755041,27.0,0.6666666666666666,1
20261005T183107Z,alpaca_live_path_harvest,29,MU,MSFT,memory_hyperscaler,25.48944169324832,3.0305421920450915,3.044560941778097,0.5000920106637496,0.014018749733005638,-3.1805976435353953,28.0,0.6666666666666666,1
20261005T183107Z,alpaca_live_path_harvest,30,MU,MSFT,memory_hyperscaler,25.199615759753023,3.4698708924108113,3.044560941778097,0.4992816595172173,-0.42530995063271415,-1.2286622024794156,29.0,0.6666666666666666,1
20261005T183107Z,alpaca_live_path_harvest,31,MU,MSFT,memory_hyperscaler,24.872938411255443,3.771241101106926,3.044560941778097,0.5014170674690756,-0.7266801593288289,3.299901213748933,30.0,0.6666666666666666,1
20261005T183107Z,alpaca_live_path_harvest,32,MU,MSFT,memory_hyperscaler,25.032038205333492,2.384309121663467,3.044560941778097,0.49932024433727473,0.6602518201146302,5.603468572941654,31.0,0.6666666666666666,1
20261005T183107Z,alpaca_live_path_harvest,33,MU,MSFT,memory_hyperscaler,24.603607302517435,3.5585960907762355,3.044560941778097,0.5080427214873767,-0.5140351489981385,-9.767366082094714,32.0,0.6666666666666666,1
20261005T183107Z,alpaca_live_path_harvest,34,MU,MSFT,memory_hyperscaler,22.065063011954557,2.6693623781660003,3.044560941778097,0.5070718273212653,0.37519856361209664,1.2416601654323358,33.0,0.6666666666666666,1
20261005T183107Z,alpaca_live_path_harvest,35,MU,MSFT,memory_hyperscaler,21.408441916565508,3.021425601804163,3.044560941778097,0.5102343346676912,0.0231353399739339,1.5783160112295718,34.0,0.6666666666666666,1
20261005T183107Z,alpaca_live_path_harvest,36,MU,MSFT,memory_hyperscaler,20.29809047342369,3.760714589098524,3.044560941778097,0.51313252279942,-0.7161536473204271,-0.11822310852736564,35.0,0.6666666666666666,1
20261005T183107Z,alpaca_live_path_harvest,37,MU,MSFT,memory_hyperscaler,20.226572115692694,3.408456754615718,3.044560941778097,0.513416815455434,-0.363895812837621,-3.8977636278462113,36.0,0.6666666666666666,1
20261005T183107Z,alpaca_live_path_harvest,38,MU,MSFT,memory_hyperscaler,16.846384092058432,4.084791199914515,3.044560941778097,0.5146037972616878,-1.0402302581364182,-2.159645509164932,37.0,0.6666666666666666,1
20261005T183107Z,alpaca_live_path_harvest,39,MU,MSFT,memory_hyperscaler,16.035059686481812,2.969606419494285,3.044560941778097,0.5427107908045175,0.0749545222838123,-1.2231777112225246,38.0,0.6666666666666666,1
20261005T183107Z,alpaca_live_path_harvest,40,MU,MSFT,memory_hyperscaler,16.15303344085007,3.646172077242937,3.044560941778097,0.5480366450814145,-0.6016111354648399,-2.4989603497981987,39.0,0.6666666666666666,1
20261005T183107Z,alpaca_live_path_harvest,41,MU,MSFT,memory_hyperscaler,18.06304263930621,5.19973848239251,3.044560941778097,0.5386983092844935,-2.1551775406144125,-6.070579535575154,40.0,0.6666666666666666,0
20261005T183107Z,alpaca_live_path_harvest,42,MU,MSFT,memory_hyperscaler,18.494930199113437,2.208020288121145,3.044560941778097,0.5316689868205045,0.836540653656952,4.218811039135835,41.0,0.6666666666666666,1
20261005T183107Z,alpaca_live_path_harvest,43,MU,MSFT,memory_hyperscaler,14.384086579677154,3.6827679090537266,3.044560941778097,0.5631073090212915,-0.6382069672756299,1.0468224990463795,42.0,0.6666666666666666,1
20261005T183107Z,alpaca_live_path_harvest,44,MU,MSFT,memory_hyperscaler,15.393161518610917,4.437715086366765,3.044560941778097,0.5613214408937452,-1.3931541445886684,-6.215596697072624,43.0,0.6666666666666666,0
20261005T183107Z,alpaca_live_path_harvest,45,MU,MSFT,memory_hyperscaler,16.39572246618515,2.2555778631249512,3.044560941778097,0.5545722846038779,0.7889830786531459,4.925728767867713,44.0,0.6666666666666666,1
20261005T183107Z,alpaca_live_path_harvest,46,MU,MSFT,memory_hyperscaler,17.075944828684857,2.300231774196576,3.044560941778097,0.5598777935989353,0.7443291675815211,11.131821187649837,45.0,0.6666666666666666,1
20261005T183107Z,alpaca_live_path_harvest,47,MU,MSFT,memory_hyperscaler,16.918233268970866,2.395656573668165,3.044560941778097,0.558669331308345,0.6489043681099319,-0.7458676511660883,46.0,0.6666666666666666,1
20261005T183107Z,alpaca_live_path_harvest,48,MU,MSFT,memory_hyperscaler,17.081506354164542,3.719178526626476,3.044560941778097,0.5992009152861845,-0.6746175848483793,-0.15013357753431364,47.0,0.6666666666666666,0
20261005T183107Z,alpaca_live_path_harvest,49,MU,MSFT,memory_hyperscaler,18.277133035295517,1.8837893601163473,3.044560941778097,0.5823631350793067,1.1607715816617497,10.351252061531635,48.0,0.6666666666666666,1
20261005T183107Z,alpaca_live_path_harvest,50,MU,MSFT,memory_hyperscaler,18.437947040253416,2.687887283144119,3.044560941778097,0.5802842566680632,0.356673658633978,-1.460136839149834,49.0,0.6666666666666666,0
20261005T183107Z,alpaca_live_path_harvest,51,MU,MSFT,memory_hyperscaler,18.969379146424075,2.2282544042104506,3.044560941778097,0.5750027423330721,0.8163065375676463,0.525590083741372,50.0,0.6666666666666666,0
20261005T183107Z,alpaca_live_path_harvest,1,TSM,AAPL,semis_mag7,6.93484643628781,0.0,2.810356319960947,0.6114838424963787,2.810356319960947,3.3765580046578636,0.0,0.6666666666666666,1
20261005T183107Z,alpaca_live_path_harvest,2,TSM,AAPL,semis_mag7,6.935957310376167,1.7452354604719837,2.810356319960947,0.6076655667155353,1.0651208594889634,0.4712604761375928,1.0,0.6666666666666666,1
20261005T183107Z,alpaca_live_path_harvest,3,TSM,AAPL,semis_mag7,5.949440789167518,1.168545073796245,2.810356319960947,0.5965061404666373,1.641811246164702,2.716000920443821,2.0,0.6666666666666666,1
20261005T183107Z,alpaca_live_path_harvest,4,TSM,AAPL,semis_mag7,6.425362461401185,4.0147227464706186,2.810356319960947,0.5910520223421278,-1.2043664265096716,-1.1886998173235042,3.0,0.6666666666666666,1
20261005T183107Z,alpaca_live_path_harvest,5,TSM,AAPL,semis_mag7,6.343856087185898,2.813670234595273,2.810356319960947,0.590974353835873,-0.0033139146343261292,-0.8575778577353844,4.0,0.6666666666666666,1
20261005T183107Z,alpaca_live_path_harvest,6,TSM,AAPL,semis_mag7,5.67444717006913,2.131015099551598,2.810356319960947,0.5906534888466768,0.6793412204093491,-2.328943005701933,5.0,0.6666666666666666,1
20261005T183107Z,alpaca_live_path_harvest,7,TSM,AAPL,semis_mag7,5.658254204224448,1.8691849822948385,2.810356319960947,0.5922985772833746,0.9411713376661085,-0.023000060099229815,6.0,0.6666666666666666,1
20261005T183107Z,alpaca_live_path_harvest,8,TSM,AAPL,semis_mag7,5.836228077513441,3.3790391096308157,2.810356319960947,0.628497932962245,-0.5686827896698684,-2.5437948567846433,7.0,0.6666666666666666,1
20261005T183107Z,alpaca_live_path_harvest,9,TSM,AAPL,semis_mag7,5.9689456947581165,3.5402038251376493,2.810356319960947,0.6242843372644739,-0.729847505176702,0.7187328999347301,8.0,0.6666666666666666,1
20261005T183107Z,alpaca_live_path_harvest,10,TSM,AAPL,semis_mag7,6.940567627399235,0.3771679428890877,2.810356319960947,0.597388356833576,2.4331883770718594,3.2059693945534264,9.0,0.6666666666666666,1
20261005T183107Z,alpaca_live_path_harvest,11,TSM,AAPL,semis_mag7,6.847510630020958,2.44829872622499,2.810356319960947,0.616393944172206,0.3620575937359576,-0.19770624735633646,10.0,0.6666666666666666,1
20261005T183107Z,alpaca_live_path_harvest,12,TSM,AAPL,semis_mag7,7.142924234308524,3.67771346688995,2.810356319960947,0.6090022542688124,-0.867357146929003,-2.0954767356542447,11.0,0.6666666666666666,1
20261005T183107Z,alpaca_live_path_harvest,13,TSM,AAPL,semis_mag7,7.11983651637375,3.4519868995479737,2.810356319960947,0.6041086039906237,-0.6416305795870265,-0.09713964767765901,12.0,0.6666666666666666,1
20261005T183107Z,alpaca_live_path_harvest,14,TSM,AAPL,semis_mag7,7.09713764446028,3.1189977327591762,2.810356319960947,0.605317677484484,-0.3086414127982291,0.5842768316374191,13.0,0.6666666666666666,1
20261005T183107Z,alpaca_live_path_harvest,15,TSM,AAPL,semis_mag7,7.168616429594007,1.8496309775444781,2.810356319960947,0.6020997003202821,0.9607253424164689,-1.7948268387690063,14.0,0.6666666666666666,1
20261005T183107Z,alpaca_live_path_harvest,16,TSM,AAPL,semis_mag7,7.367681361054707,4.969904083799515,2.810356319960947,0.5723537745411552,-2.1595477638385683,-3.260881149810916,15.0,0.6666666666666666,1
20261005T183107Z,alpaca_live_path_harvest,17,TSM,AAPL,semis_mag7,7.241104416863952,2.784420415193579,2.810356319960947,0.5727503030063205,0.025935904767368387,1.0964485635378423,16.0,0.6666666666666666,1
20261005T183107Z,alpaca_live_path_harvest,18,TSM,AAPL,semis_mag7,6.895563988892649,2.1479962165191644,2.810356319960947,0.5749279930364286,0.6623601034417826,1.6652349608527175,17.0,0.6666666666666666,1
20261005T183107Z,alpaca_live_path_harvest,19,TSM,AAPL,semis_mag7,6.794341299268827,3.9093309956111093,2.810356319960947,0.568685772976577,-1.0989746756501622,-1.0319695151071528,18.0,0.6666666666666666,1
20261005T183107Z,alpaca_live_path_harvest,20,TSM,AAPL,semis_mag7,7.436733381755285,4.597492606799011,2.810356319960947,0.5519600503184807,-1.7871362868380638,-3.611909767351199,19.0,0.6666666666666666,1
20261005T183107Z,alpaca_live_path_harvest,21,TSM,AAPL,semis_mag7,7.3929162651808635,3.4921585190881577,2.810356319960947,0.575957015834619,-0.6818021991272106,1.8103205978081973,20.0,0.6666666666666666,1
20261005T183107Z,alpaca_live_path_harvest,22,TSM,AAPL,semis_mag7,7.260873106589139,3.7395082796063184,2.810356319960947,0.5767941991500033,-0.9291519596453711,-1.364646820373764,21.0,0.6666666666666666,1
20261005T183107Z,alpaca_live_path_harvest,23,TSM,AAPL,semis_mag7,8.655292521468976,5.441727263497745,2.810356319960947,0.5524974066769333,-2.6313709435367976,-4.983621757805099,22.0,0.6666666666666666,0
20261005T183107Z,alpaca_live_path_harvest,24,TSM,AAPL,semis_mag7,8.841653750211988,2.1616761151565793,2.810356319960947,0.5517986934699911,0.6486802048043679,2.096217514502359,23.0,0.6666666666666666,1
20261005T183107Z,alpaca_live_path_harvest,25,TSM,AAPL,semis_mag7,8.636150060774572,0.945870084183223,2.810356319960947,0.5291788572263136,1.864486235777724,5.116617263505384,24.0,0.6666666666666666,1
20261005T183107Z,alpaca_live_path_harvest,26,TSM,AAPL,semis_mag7,9.084806077230594,1.5904175278533532,2.810356319960947,0.5221003689331384,1.219938792107594,2.7614462958449395,25.0,0.6666666666666666,1
20261005T183107Z,alpaca_live_path_harvest,27,TSM,AAPL,semis_mag7,9.291653400997088,2.0405760688969554,2.810356319960947,0.5214308973822926,0.7697802510639915,2.4871882286362847,26.0,0.6666666666666666,1
20261005T183107Z,alpaca_live_path_harvest,28,TSM,AAPL,semis_mag7,9.599572551350596,1.80243935490729,2.810356319960947,0.5157590530708988,1.0079169650536572,5.691117112890391,27.0,0.6666666666666666,1
20261005T183107Z,alpaca_live_path_harvest,29,TSM,AAPL,semis_mag7,10.064840153906438,1.5042648184894867,2.810356319960947,0.5080942190227574,1.3060915014714605,1.405479560129652,28.0,0.6666666666666666,1
20261005T183107Z,alpaca_live_path_harvest,30,TSM,AAPL,semis_mag7,10.004685164249011,2.313798610350734,2.810356319960947,0.5244434244579812,0.49655770961021306,-1.804275185143581,29.0,0.6666666666666666,1
20261005T183107Z,alpaca_live_path_harvest,31,TSM,AAPL,semis_mag7,10.156555791097622,4.794167199120655,2.810356319960947,0.5085571228781643,-1.9838108791597076,-4.872286228653422,30.0,0.6666666666666666,0
20261005T183107Z,alpaca_live_path_harvest,32,TSM,AAPL,semis_mag7,10.20233437514895,3.3810744180764005,2.810356319960947,0.5091443790761322,-0.5707180981154534,-1.9971804941754612,31.0,0.6666666666666666,1
20261005T183107Z,alpaca_live_path_harvest,33,TSM,AAPL,semis_mag7,10.126680501999836,2.666890085378986,2.810356319960947,0.5092647444085561,0.14346623458196087,-1.2793701550256515,32.0,0.6666666666666666,1
20261005T183107Z,alpaca_live_path_harvest,34,TSM,AAPL,semis_mag7,10.022313484287412,2.551477573034873,2.810356319960947,0.5085607629534667,0.2588787469260738,-1.6727582488547228,33.0,0.6666666666666666,1
20261005T183107Z,alpaca_live_path_harvest,35,TSM,AAPL,semis_mag7,9.586411332195755,3.414412878359586,2.810356319960947,0.5113080001796836,-0.6040565583986388,-1.865253985342258,34.0,0.6666666666666666,1
20261005T183107Z,alpaca_live_path_harvest,36,TSM,AAPL,semis_mag7,9.590104286156603,2.110267201638469,2.810356319960947,0.5211903974797887,0.7000891183224784,4.282275818233188,35.0,0.6666666666666666,1
20261005T183107Z,alpaca_live_path_harvest,37,TSM,AAPL,semis_mag7,9.419404933526476,3.177491319655825,2.810356319960947,0.5207314522983851,-0.3671349996948779,0.29716276587013224,36.0,0.6666666666666666,1
20261005T183107Z,alpaca_live_path_harvest,38,TSM,AAPL,semis_mag7,8.08415002047611,4.154904344943306,2.810356319960947,0.5144977577462212,-1.3445480249823594,-2.5193788836608406,37.0,0.6666666666666666,1
20261005T183107Z,alpaca_live_path_harvest,39,TSM,AAPL,semis_mag7,8.252728787297324,1.8418318123559212,2.810356319960947,0.5107452935040637,0.9685245076050261,1.209309852006379,38.0,0.6666666666666666,1
20261005T183107Z,alpaca_live_path_harvest,40,TSM,AAPL,semis_mag7,7.992786975473033,3.7765053238884225,2.810356319960947,0.5164093833350264,-0.9661490039274754,-0.687763287504174,39.0,0.6666666666666666,1
20261005T183107Z,alpaca_live_path_harvest,41,TSM,AAPL,semis_mag7,8.749252819197034,4.6470516324897835,2.810356319960947,0.49942618080339257,-1.836695312528836,-4.471661487190192,40.0,0.6666666666666666,0
20261005T183107Z,alpaca_live_path_harvest,42,TSM,AAPL,semis_mag7,8.667049431494402,2.236479050748202,2.810356319960947,0.5005751393004928,0.5738772692127447,1.3647422421164606,41.0,0.6666666666666666,1
20261005T183107Z,alpaca_live_path_harvest,43,TSM,AAPL,semis_mag7,8.298803941465914,2.973174418025798,2.810356319960947,0.5338384548590023,-0.1628180980648509,1.7269365413648188,42.0,0.6666666666666666,1
20261005T183107Z,alpaca_live_path_harvest,44,TSM,AAPL,semis_mag7,7.983005969695667,4.196498754461982,2.810356319960947,0.5201891548251901,-1.386142434501035,-4.262437147213916,43.0,0.6666666666666666,0
20261005T183107Z,alpaca_live_path_harvest,45,TSM,AAPL,semis_mag7,7.992932512581857,2.1251748308006753,2.810356319960947,0.5348306392452548,0.685181489160272,2.5804819215897394,44.0,0.6666666666666666,1
20261005T183107Z,alpaca_live_path_harvest,46,TSM,AAPL,semis_mag7,7.290618407305121,3.2033453312865445,2.810356319960947,0.5428863142876886,-0.39298901132559744,2.3483267607246487,45.0,0.6666666666666666,1
20261005T183107Z,alpaca_live_path_harvest,47,TSM,AAPL,semis_mag7,7.554798870649033,2.037843296292303,2.810356319960947,0.5434737274747378,0.7725130236686442,0.24666741807178597,46.0,0.6666666666666666,1
20261005T183107Z,alpaca_live_path_harvest,48,TSM,AAPL,semis_mag7,7.925999060577568,4.063544501412606,2.810356319960947,0.542100762751502,-1.2531881814516586,-1.9778652074593084,47.0,0.6666666666666666,0
20261005T183107Z,alpaca_live_path_harvest,49,TSM,AAPL,semis_mag7,8.248753073434255,1.8530617218659968,2.810356319960947,0.5500842600274413,0.9572945980949503,4.01830936873356,48.0,0.6666666666666666,1
20261005T183107Z,alpaca_live_path_harvest,50,TSM,AAPL,semis_mag7,8.23604564821732,3.0694295980123107,2.810356319960947,0.5556172480835407,-0.25907327805136376,-1.7157025364036826,49.0,0.6666666666666666,0
20261005T183107Z,alpaca_live_path_harvest,51,TSM,AAPL,semis_mag7,8.04007345057125,2.266517129097525,2.810356319960947,0.5710869116116071,0.543839190863422,1.498003529785035,50.0,0.6666666666666666,0
20261005T183107Z,alpaca_live_path_harvest,52,TSM,AAPL,semis_mag7,8.590838169961396,0.0,2.4427861358144076,0.5306634514599644,-2.4427861358144076,-4.519933771381614,0.0,0.13333333333333333,1
20261005T183107Z,alpaca_live_path_harvest,53,TSM,AAPL,semis_mag7,8.306582945645687,3.121634204641498,2.4427861358144076,0.5376914478157877,0.6788480688270907,2.947080882179944,1.0,0.13333333333333333,1
20261005T183107Z,alpaca_live_path_harvest,54,TSM,AAPL,semis_mag7,8.321707325822397,1.5552725381578059,2.4427861358144076,0.5362218728777931,-0.8875135976566019,-2.5372020562653006,2.0,0.13333333333333333,1
20261005T183107Z,alpaca_live_path_harvest,55,TSM,AAPL,semis_mag7,8.999094450021692,3.7868039921759618,2.4427861358144076,0.5374401716866901,1.3440178563615544,1.6425902734215243,3.0,0.13333333333333333,1
20261005T183107Z,alpaca_live_path_harvest,56,TSM,AAPL,semis_mag7,8.795682370722941,2.493882152376675,2.4427861358144076,0.5407034774354156,0.05109601656226752,-0.44214459012115415,4.0,0.13333333333333333,1
20261005T183107Z,alpaca_live_path_harvest,57,TSM,AAPL,semis_mag7,8.385296554862643,1.9330495642643504,2.4427861358144076,0.5398904159718128,-0.5097365715500574,3.7206917719359467,5.0,0.13333333333333333,1
20261005T183107Z,alpaca_live_path_harvest,58,TSM,AAPL,semis_mag7,8.022711560658179,2.223625323236847,2.4427861358144076,0.5516222519738435,-0.2191608125775607,-1.410120014340464,6.0,0.13333333333333333,1
20261005T183107Z,alpaca_live_path_harvest,59,TSM,AAPL,semis_mag7,8.492436049422423,3.6319882051568686,2.4427861358144076,0.5449829176076206,1.189202069342461,3.6511877462887696,7.0,0.13333333333333333,1
20261005T183107Z,alpaca_live_path_harvest,60,TSM,AAPL,semis_mag7,9.053575177384309,3.918445440744893,2.4427861358144076,0.5318629980936279,1.4756593049304858,0.08850814951948678,8.0,0.13333333333333333,0
20261005T183107Z,alpaca_live_path_harvest,61,TSM,AAPL,semis_mag7,9.085614195037241,2.087206078839942,2.4427861358144076,0.5344297064408506,-0.3555800569744656,-0.6969147271774091,9.0,0.13333333333333333,1
20261005T183107Z,alpaca_live_path_harvest,62,TSM,AAPL,semis_mag7,9.153661574828243,3.0167441888676176,2.4427861358144076,0.5453502264847659,0.5739580530532101,1.677524361537553,10.0,0.13333333333333333,0
20261005T183107Z,alpaca_live_path_harvest,1,GOOGL,META,mag7,5.339743608176428,0.0,2.0336922200489607,0.6244272460922516,2.0336922200489607,3.3533218495506505,0.0,0.6666666666666666,1
20261005T183107Z,alpaca_live_path_harvest,2,GOOGL,META,mag7,5.008948820165453,1.3828797029598907,2.0336922200489607,0.6318691533641417,0.6508125170890698,0.5328471618476442,1.0,0.6666666666666666,1
20261005T183107Z,alpaca_live_path_harvest,3,GOOGL,META,mag7,4.578472922660382,2.1642448129108462,2.0336922200489607,0.6392491645396599,-0.13055259286188559,-1.3912929907683975,2.0,0.6666666666666666,1
20261005T183107Z,alpaca_live_path_harvest,4,GOOGL,META,mag7,4.814595541139975,0.7524503585639064,2.0336922200489607,0.6466226663039136,1.2812418614850543,2.2803147998010447,3.0,0.6666666666666666,1
20261005T183107Z,alpaca_live_path_harvest,5,GOOGL,META,mag7,5.030249718316884,0.660785835967205,2.0336922200489607,0.6313116456623302,1.3729063840817557,2.6114959874760757,4.0,0.6666666666666666,1
20261005T183107Z,alpaca_live_path_harvest,6,GOOGL,META,mag7,5.193948953158622,0.9683853911832494,2.0336922200489607,0.6280082877592799,1.0653068288657113,-1.0516445754347388,5.0,0.6666666666666666,1
20261005T183107Z,alpaca_live_path_harvest,7,GOOGL,META,mag7,5.747910205456451,3.1790379369523714,2.0336922200489607,0.6288863927470948,-1.1453457169034107,-2.1851084664475477,6.0,0.6666666666666666,1
20261005T183107Z,alpaca_live_path_harvest,8,GOOGL,META,mag7,5.789955435988317,2.5482711937398994,2.0336922200489607,0.6391082933925142,-0.5145789736909385,-0.42583387182806975,7.0,0.6666666666666666,1
20261005T183107Z,alpaca_live_path_harvest,9,GOOGL,META,mag7,5.812289681438585,2.0496974503514105,2.0336922200489607,0.6407514447041229,-0.01600523030244968,-1.6671472297442733,8.0,0.6666666666666666,1
20261005T183107Z,alpaca_live_path_harvest,10,GOOGL,META,mag7,5.815823203830853,1.8573013538400733,2.0336922200489607,0.6460804489830919,0.17639086620888736,-1.616908683120323,9.0,0.6666666666666666,1
20261005T183107Z,alpaca_live_path_harvest,11,GOOGL,META,mag7,7.481974450966226,4.57284522108559,2.0336922200489607,0.5857711365956048,-2.539153001036629,-4.906434548400876,10.0,0.6666666666666666,1
20261005T183107Z,alpaca_live_path_harvest,12,GOOGL,META,mag7,7.8910594561574365,3.239007429945686,2.0336922200489607,0.5743885397487523,-1.2053152098967257,-0.3739103893649144,11.0,0.6666666666666666,1
20261005T183107Z,alpaca_live_path_harvest,13,GOOGL,META,mag7,7.748992081023647,2.2321009433842125,2.0336922200489607,0.5745012028635733,-0.1984087233352519,0.18016110256604634,12.0,0.6666666666666666,1
20261005T183107Z,alpaca_live_path_harvest,14,GOOGL,META,mag7,7.703360384565617,1.8774019197438931,2.0336922200489607,0.5746008194016627,0.15629030030506752,0.07487500533662797,13.0,0.6666666666666666,1
20261005T183107Z,alpaca_live_path_harvest,15,GOOGL,META,mag7,7.681807428986882,1.3375879698843978,2.0336922200489607,0.573034560227136,0.6961042501645628,0.5547812611201494,14.0,0.6666666666666666,1
20261005T183107Z,alpaca_live_path_harvest,16,GOOGL,META,mag7,11.131189087134786,6.034704754064858,2.0336922200489607,0.47315096009949553,-4.0010125340158975,-3.445205931753776,15.0,0.6666666666666666,0
20261005T183107Z,alpaca_live_path_harvest,17,GOOGL,META,mag7,11.408343558470381,0.844318073375957,2.0336922200489607,0.46746667719111895,1.1893741466730037,3.5373805871679225,16.0,0.6666666666666666,1
20261005T183107Z,alpaca_live_path_harvest,18,GOOGL,META,mag7,11.84461696528472,0.7351861390131946,2.0336922200489607,0.46338553098048285,1.298506081035766,2.436350442027867,17.0,0.6666666666666666,1
20261005T183107Z,alpaca_live_path_harvest,19,GOOGL,META,mag7,11.602375504480896,1.6619078393647855,2.0336922200489607,0.4632487085144434,0.3717843806841751,0.4673834996238611,18.0,0.6666666666666666,1
20261005T183107Z,alpaca_live_path_harvest,20,GOOGL,META,mag7,11.318740929865397,1.5185158923198632,2.0336922200489607,0.4630521419038815,0.5151763277290974,0.00547560981966626,19.0,0.6666666666666666,1
20261005T183107Z,alpaca_live_path_harvest,21,GOOGL,META,mag7,10.989164116310214,2.267167900758288,2.0336922200489607,0.4731573814357215,-0.23347568070932748,6.396145244927095,20.0,0.6666666666666666,1
20261005T183107Z,alpaca_live_path_harvest,22,GOOGL,META,mag7,10.960041287629487,2.6335228536421296,2.0336922200489607,0.47350862291667833,-0.5998306335931687,-2.8936811115861927,21.0,0.6666666666666666,1
20261005T183107Z,alpaca_live_path_harvest,23,GOOGL,META,mag7,11.015854952526242,2.789657500153197,2.0336922200489607,0.47155003507496535,-0.7559652801042365,-3.43284690318369,22.0,0.6666666666666666,1
20261005T183107Z,alpaca_live_path_harvest,24,GOOGL,META,mag7,10.986461374116972,2.3133324114261193,2.0336922200489607,0.4776879308230948,-0.27964019137715873,-1.1107757161203267,23.0,0.6666666666666666,1
20261005T183107Z,alpaca_live_path_harvest,25,GOOGL,META,mag7,10.96870807270881,2.852494418027953,2.0336922200489607,0.48502223526481936,-0.818802197978992,-2.2987831671682897,24.0,0.6666666666666666,1
20261005T183107Z,alpaca_live_path_harvest,26,GOOGL,META,mag7,10.615348158334482,1.1913411678320216,2.0336922200489607,0.4869063275445714,0.8423510522169391,1.675322009239767,25.0,0.6666666666666666,1
20261005T183107Z,alpaca_live_path_harvest,27,GOOGL,META,mag7,10.493683678192854,1.8380525920678963,2.0336922200489607,0.4869666402185668,0.1956396279810643,1.315767376997235,26.0,0.6666666666666666,1
20261005T183107Z,alpaca_live_path_harvest,28,GOOGL,META,mag7,10.51499303885573,2.5058337318887274,2.0336922200489607,0.48679932370898665,-0.4721415118397668,0.5661142568198102,27.0,0.6666666666666666,1
20261005T183107Z,alpaca_live_path_harvest,29,GOOGL,META,mag7,10.50320486369289,2.1016993058177658,2.0336922200489607,0.4870398464786083,-0.06800708576880493,0.40485227837181126,28.0,0.6666666666666666,1
20261005T183107Z,alpaca_live_path_harvest,30,GOOGL,META,mag7,10.382658055836528,2.1823585368791902,2.0336922200489607,0.48802664405655505,-0.14866631683022966,1.1523655344143777,29.0,0.6666666666666666,1
20261005T183107Z,alpaca_live_path_harvest,31,GOOGL,META,mag7,5.719913175817298,1.1535791563571123,2.0336922200489607,0.49781115863144537,0.8801130636918485,0.08709217778729225,30.0,0.6666666666666666,1
20261005T183107Z,alpaca_live_path_harvest,32,GOOGL,META,mag7,5.347926540879662,1.4267539781648377,2.0336922200489607,0.4993009518036644,0.6069382418841228,0.6791916835889538,31.0,0.6666666666666666,1
20261005T183107Z,alpaca_live_path_harvest,33,GOOGL,META,mag7,4.609096365551346,2.2408636457496716,2.0336922200489607,0.499299684291426,-0.20717142570071104,0.4288218978226041,32.0,0.6666666666666666,1
20261005T183107Z,alpaca_live_path_harvest,34,GOOGL,META,mag7,4.686825324412555,2.651694969908687,2.0336922200489607,0.4979553767746267,-0.6180027498597264,-0.9305098339358097,33.0,0.6666666666666666,1
20261005T183107Z,alpaca_live_path_harvest,35,GOOGL,META,mag7,4.739051035296333,2.865471059626715,2.0336922200489607,0.4974845659565489,-0.8317788395777544,-1.1659359373655434,34.0,0.6666666666666666,1
20261005T183107Z,alpaca_live_path_harvest,36,GOOGL,META,mag7,5.343496894910503,1.0504876707729491,2.0336922200489607,0.6165746748741927,0.9832045492760114,0.19994921722238815,35.0,0.6666666666666666,1
20261005T183107Z,alpaca_live_path_harvest,37,GOOGL,META,mag7,5.562253550214682,2.9515032102382834,2.0336922200489607,0.619857059615987,-0.9178109901893228,-2.593504428733604,36.0,0.6666666666666666,0
20261005T183107Z,alpaca_live_path_harvest,38,GOOGL,META,mag7,5.393393839722446,2.3810141523239254,2.0336922200489607,0.6439356301239967,-0.34732193227496455,-0.3639452398340836,37.0,0.6666666666666666,1
20261005T183107Z,alpaca_live_path_harvest,39,GOOGL,META,mag7,5.573055594457408,2.7242156813003997,2.0336922200489607,0.6415619025857356,-0.690523461251439,-0.25638097358001916,38.0,0.6666666666666666,0
20261005T183107Z,alpaca_live_path_harvest,40,GOOGL,META,mag7,5.330929866692178,1.8709915969242863,2.0336922200489607,0.6482655776378561,0.1627006231246744,1.598136326578333,39.0,0.6666666666666666,1
20261005T183107Z,alpaca_live_path_harvest,41,GOOGL,META,mag7,5.163385091115223,1.3583702080606268,2.0336922200489607,0.6397407626928541,0.6753220119883339,-0.6776595398669656,40.0,0.6666666666666666,1
20261005T183107Z,alpaca_live_path_harvest,42,GOOGL,META,mag7,5.477501993903548,1.1313901868005605,2.0336922200489607,0.6309341473460786,0.9023020332484001,2.9285622619817557,41.0,0.6666666666666666,1
20261005T183107Z,alpaca_live_path_harvest,43,GOOGL,META,mag7,5.428273038372007,2.239329368475209,2.0336922200489607,0.6379886610500121,-0.2056371484262483,0.2028641504392681,42.0,0.6666666666666666,1
20261005T183107Z,alpaca_live_path_harvest,44,GOOGL,META,mag7,5.437817449501318,1.7853342525501001,2.0336922200489607,0.638584227579139,0.2483579674988604,1.4937254500434165,43.0,0.6666666666666666,1
20261005T183107Z,alpaca_live_path_harvest,45,GOOGL,META,mag7,5.468787609181447,1.5678768103634007,2.0336922200489607,0.6485290658029931,0.46581540968556,0.3420153604930306,44.0,0.6666666666666666,1
20261005T183107Z,alpaca_live_path_harvest,46,GOOGL,META,mag7,5.80663698778058,0.6033291397633431,2.0336922200489607,0.6353420864057311,1.4303630802856175,1.1079736817984553,45.0,0.6666666666666666,1
20261005T183107Z,alpaca_live_path_harvest,47,GOOGL,META,mag7,5.745663885538012,2.3854709984388394,2.0336922200489607,0.6322425593542375,-0.35177877838987887,-2.084313596123593,46.0,0.6666666666666666,0
20261005T183107Z,alpaca_live_path_harvest,48,GOOGL,META,mag7,6.057438259388163,1.0116984225841974,2.0336922200489607,0.6257782447841918,1.0219937974647633,1.9678912907296877,47.0,0.6666666666666666,1
20261005T183107Z,alpaca_live_path_harvest,49,GOOGL,META,mag7,5.865065796394131,1.8927870427245845,2.0336922200489607,0.6260430149046964,0.1409051773243762,-0.13471105712853843,48.0,0.6666666666666666,1
20261005T183107Z,alpaca_live_path_harvest,50,GOOGL,META,mag7,5.475333922449825,1.5076082843450567,2.0336922200489607,0.6255948581049945,0.526083935703904,0.19529030087732052,49.0,0.6666666666666666,1
20261005T183107Z,alpaca_live_path_harvest,51,GOOGL,META,mag7,5.158494673293772,1.9825365601144087,2.0336922200489607,0.633673200653095,0.05115565993455203,-2.0321200162329434,50.0,0.6666666666666666,0
20261005T183107Z,alpaca_live_path_harvest,52,GOOGL,META,mag7,5.481136559947108,0.0,1.6853574606077337,0.6140245610255837,1.6853574606077337,1.9128940958178873,0.0,2.0,1
20261005T183107Z,alpaca_live_path_harvest,53,GOOGL,META,mag7,5.471707646154595,1.0524635973201266,1.6853574606077337,0.6211844349717394,0.6328938632876071,0.8636295622431135,1.0,2.0,1
20261005T183107Z,alpaca_live_path_harvest,54,GOOGL,META,mag7,5.775614213374024,2.9735290611616385,1.6853574606077337,0.6252301697805794,-1.288171600553905,-0.5530145226799732,2.0,2.0,1
20261005T183107Z,alpaca_live_path_harvest,55,GOOGL,META,mag7,5.872688086011348,2.472771220559218,1.6853574606077337,0.6238097381400408,-0.7874137599514843,0.40529928080944727,3.0,2.0,1
20261005T183107Z,alpaca_live_path_harvest,56,GOOGL,META,mag7,6.027290424638152,0.5387490470544638,1.6853574606077337,0.6308545565574437,1.14660841355327,1.3707295764779701,4.0,2.0,1
20261005T183107Z,alpaca_live_path_harvest,57,GOOGL,META,mag7,6.0265415439433125,1.6184598337882434,1.6853574606077337,0.6306771427568932,0.06689762681949034,-2.5318558188873452,5.0,2.0,1
20261005T183107Z,alpaca_live_path_harvest,58,GOOGL,META,mag7,5.60686171456402,0.8275428135107775,1.6853574606077337,0.6304290453734472,0.8578146470969562,0.09851097274329276,6.0,2.0,1
20261005T183107Z,alpaca_live_path_harvest,59,GOOGL,META,mag7,5.500316934772533,0.9786648696319522,1.6853574606077337,0.6342455686577946,0.7066925909757815,2.2129415446788925,7.0,2.0,1
20261005T183107Z,alpaca_live_path_harvest,60,GOOGL,META,mag7,5.7864770818688065,3.2574158784822753,1.6853574606077337,0.6185461702110548,-1.5720584178745414,-0.8113482308567882,8.0,2.0,0
20261005T183107Z,alpaca_live_path_harvest,61,GOOGL,META,mag7,6.094440689598007,2.968644445996648,1.6853574606077337,0.6070906129243605,-1.2832869853889142,-2.661479827078267,9.0,2.0,0
20261005T183107Z,alpaca_live_path_harvest,62,GOOGL,META,mag7,6.040444791178187,2.1709055681671763,1.6853574606077337,0.6061034290058033,-0.48554810755944244,-0.5317513093971342,10.0,2.0,1
20261005T183107Z,alpaca_live_path_harvest,63,GOOGL,META,mag7,6.057719103560669,1.4709022597973935,1.6853574606077337,0.6237983873279019,0.21445520081034014,-0.6921789682755162,11.0,2.0,1
20261005T183107Z,alpaca_live_path_harvest,64,GOOGL,META,mag7,6.005231719998402,2.193101741786691,1.6853574606077337,0.6254244893412864,-0.5077442811789576,-1.3707844288873048,12.0,2.0,1
20261005T183107Z,alpaca_live_path_harvest,65,GOOGL,META,mag7,5.772220784647865,1.8371151060239441,1.6853574606077337,0.6366371227299619,-0.15175764541621042,1.5374510986765244,13.0,2.0,1
20261005T183107Z,alpaca_live_path_harvest,66,GOOGL,META,mag7,5.867307012469914,2.435564196217272,1.6853574606077337,0.6339175679491468,-0.7502067356095383,0.601895225226383,14.0,2.0,1
20261005T183107Z,alpaca_live_path_harvest,67,GOOGL,META,mag7,4.619837804444861,1.751989958696662,1.6853574606077337,0.6372858786692642,-0.06663249808892824,0.41914547445127254,15.0,2.0,1
20261005T183107Z,alpaca_live_path_harvest,68,GOOGL,META,mag7,4.6137770129354285,0.8983469539524434,1.6853574606077337,0.6324472100484148,0.7870105066552904,0.5788434776422946,16.0,2.0,1
20261005T183107Z,alpaca_live_path_harvest,69,GOOGL,META,mag7,4.421504587211822,2.449798068049371,1.6853574606077337,0.632221234536252,-0.7644406074416374,-0.3179630028546853,17.0,2.0,0
20261005T183107Z,alpaca_live_path_harvest,70,GOOGL,META,mag7,4.460781634371745,0.9743180146972635,1.6853574606077337,0.6368593595543622,0.7110394459104702,0.8806190552381054,18.0,2.0,1
20261005T183107Z,alpaca_live_path_harvest,71,GOOGL,META,mag7,4.556010717096586,0.40491297554394357,1.6853574606077337,0.626952682457611,1.2804444850637902,2.230897821212909,19.0,2.0,1
20261005T183107Z,alpaca_live_path_harvest,72,GOOGL,META,mag7,4.601971525471156,2.2975599099057935,1.6853574606077337,0.6635106345215094,-0.6122024492980599,-0.5230259928212035,20.0,2.0,0
20261005T183107Z,alpaca_live_path_harvest,73,GOOGL,META,mag7,4.534297347565826,0.9806250381154261,1.6853574606077337,0.6644645912239179,0.7047324224923076,-0.06533507996512071,21.0,2.0,1
20261005T183107Z,alpaca_live_path_harvest,74,GOOGL,META,mag7,4.453395142886319,1.2030782669647948,1.6853574606077337,0.6744383847636732,0.4822791936429389,1.4423156872146479,22.0,2.0,1
20261005T183107Z,alpaca_live_path_harvest,75,GOOGL,META,mag7,3.918760354976629,1.5694840348722459,1.6853574606077337,0.6802095617678356,0.11587342573548794,-0.5026909174676575,23.0,2.0,0
20261005T183107Z,alpaca_live_path_harvest,76,GOOGL,META,mag7,16.83287694941386,-3.873450039650141,1.6853574606077337,0.38292846336558994,5.558807500257875,11.443717188761036,24.0,2.0,0
20261005T183107Z,alpaca_live_path_harvest,1,AVGO,TSM,semis,9.27473144208746,0.0,1.8431003913994963,0.48932835272213154,-1.8431003913994963,-3.0609689905180857,0.0,0.6666666666666666,1
20261005T183107Z,alpaca_live_path_harvest,2,AVGO,TSM,semis,9.173752075624572,1.1713136878491912,1.8431003913994963,0.4922786133127839,-0.6717867035503051,-0.8406043936943206,1.0,0.6666666666666666,1
20261005T183107Z,alpaca_live_path_harvest,3,AVGO,TSM,semis,6.24547270518605,1.3932070467701883,1.8431003913994963,0.5026739413241963,-0.4498933446293081,-0.9652040518397484,2.0,0.6666666666666666,1
20261005T183107Z,alpaca_live_path_harvest,4,AVGO,TSM,semis,6.262187450304199,3.0103038301877856,1.8431003913994963,0.48981286776175775,1.1672034387882892,1.4263249599355503,3.0,0.6666666666666666,1
20261005T183107Z,alpaca_live_path_harvest,5,AVGO,TSM,semis,6.480303568622253,0.8236650846090805,1.8431003913994963,0.49100187862287076,-1.0194353067904158,-0.3692437631630696,4.0,0.6666666666666666,1
20261005T183107Z,alpaca_live_path_harvest,6,AVGO,TSM,semis,6.920429208571087,2.701613694741385,1.8431003913994963,0.4816839464124375,0.8585133033418886,4.623269203458198,5.0,0.6666666666666666,1
20261005T183107Z,alpaca_live_path_harvest,7,AVGO,TSM,semis,6.866222293362359,1.8269377394782234,1.8431003913994963,0.48268465053903337,-0.01616265192127304,1.1056889531180445,6.0,0.6666666666666666,1
20261005T183107Z,alpaca_live_path_harvest,8,AVGO,TSM,semis,6.684143673747801,2.31560173147738,1.8431003913994963,0.5526341817269406,0.4725013400778836,1.6701596156943879,7.0,0.6666666666666666,1
20261005T183107Z,alpaca_live_path_harvest,9,AVGO,TSM,semis,7.022447758460003,0.8120887283871028,1.8431003913994963,0.5652554049409928,-1.0310116630123936,-3.9084262442758586,8.0,0.6666666666666666,1
20261005T183107Z,alpaca_live_path_harvest,10,AVGO,TSM,semis,7.181391005075133,0.7358308619529226,1.8431003913994963,0.5558393187016815,-1.1072695294465738,-0.2916702495340019,9.0,0.6666666666666666,1
20261005T183107Z,alpaca_live_path_harvest,11,AVGO,TSM,semis,7.756259236378761,2.8619498982812974,1.8431003913994963,0.5410245257987922,1.0188495068818009,0.25839971177990717,10.0,0.6666666666666666,1
20261005T183107Z,alpaca_live_path_harvest,12,AVGO,TSM,semis,7.755786451267412,1.687738764906358,1.8431003913994963,0.5422179450396626,-0.15536162649313837,-0.37046429511811996,11.0,0.6666666666666666,1
20261005T183107Z,alpaca_live_path_harvest,13,AVGO,TSM,semis,7.720374175727396,1.7258900806774797,1.8431003913994963,0.5513256367363112,-0.1172103107220165,-1.2125704298450046,12.0,0.6666666666666666,1
20261005T183107Z,alpaca_live_path_harvest,14,AVGO,TSM,semis,7.591328461975337,1.5574601038422324,1.8431003913994963,0.5509387243077363,-0.2856402875572639,1.2115550764359342,13.0,0.6666666666666666,1
20261005T183107Z,alpaca_live_path_harvest,15,AVGO,TSM,semis,7.872800914467326,0.5884050334371793,1.8431003913994963,0.5436052051878353,-1.254695357962317,-0.2332421070639839,14.0,0.6666666666666666,1
20261005T183107Z,alpaca_live_path_harvest,16,AVGO,TSM,semis,7.5102885192405,3.066372497180546,1.8431003913994963,0.5309769095109013,1.2232721057810494,-0.17995593118582748,15.0,0.6666666666666666,1
20261005T183107Z,alpaca_live_path_harvest,17,AVGO,TSM,semis,7.491503029467372,2.5003609583057087,1.8431003913994963,0.5277051451259501,0.6572605669062125,1.1017452867252246,16.0,0.6666666666666666,1
20261005T183107Z,alpaca_live_path_harvest,18,AVGO,TSM,semis,7.443927765928859,1.8282396483901953,1.8431003913994963,0.5284576219511197,-0.014860743009301163,-0.057223572468501516,17.0,0.6666666666666666,1
20261005T183107Z,alpaca_live_path_harvest,19,AVGO,TSM,semis,6.862968382982751,2.2159195603953274,1.8431003913994963,0.5301785876799127,0.3728191689958313,0.9103625267035795,18.0,0.6666666666666666,1
20261005T183107Z,alpaca_live_path_harvest,20,AVGO,TSM,semis,7.095253208035093,3.3239850315749617,1.8431003913994963,0.5175788935675771,1.4808846401754654,4.4471064547136505,19.0,0.6666666666666666,1
20261005T183107Z,alpaca_live_path_harvest,21,AVGO,TSM,semis,7.2245953477378695,0.766708151507264,1.8431003913994963,0.5324897782375623,-1.0763922398922323,-3.591992427377613,20.0,0.6666666666666666,1
20261005T183107Z,alpaca_live_path_harvest,22,AVGO,TSM,semis,7.270335721304256,1.4977616678906127,1.8431003913994963,0.5340337345715608,-0.3453387235088837,-1.5404392725527714,21.0,0.6666666666666666,1
20261005T183107Z,alpaca_live_path_harvest,23,AVGO,TSM,semis,7.107720921859543,1.867318745163318,1.8431003913994963,0.535364361847754,0.024218353763821584,0.0951890195849728,22.0,0.6666666666666666,1
20261005T183107Z,alpaca_live_path_harvest,24,AVGO,TSM,semis,6.778294455978637,1.9919708850586744,1.8431003913994963,0.5513780288558213,0.14887049365917807,-0.38660355120049417,23.0,0.6666666666666666,1
20261005T183107Z,alpaca_live_path_harvest,25,AVGO,TSM,semis,6.457742785746587,2.839013829490393,1.8431003913994963,0.5548890354959338,0.9959134380908964,-0.9103777454399733,24.0,0.6666666666666666,1
20261005T183107Z,alpaca_live_path_harvest,26,AVGO,TSM,semis,6.2120416386694535,2.8176868894763114,1.8431003913994963,0.558267228288427,0.9745864980768149,3.1954698893209867,25.0,0.6666666666666666,1
20261005T183107Z,alpaca_live_path_harvest,27,AVGO,TSM,semis,6.565833895632585,1.010576427588652,1.8431003913994963,0.5495169627635315,-0.8325239638108445,-0.8445821953755853,26.0,0.6666666666666666,1
20261005T183107Z,alpaca_live_path_harvest,28,AVGO,TSM,semis,6.847521587679672,0.8452416866502925,1.8431003913994963,0.5470013060758837,-0.9978587047492038,-1.3076613115567626,27.0,0.6666666666666666,1
20261005T183107Z,alpaca_live_path_harvest,29,AVGO,TSM,semis,6.8901177883653215,1.29757358603618,1.8431003913994963,0.5543840886860751,-0.5455268053633164,-0.8002189402348108,28.0,0.6666666666666666,1
20261005T183107Z,alpaca_live_path_harvest,30,AVGO,TSM,semis,6.2698755680528295,1.571522516031813,1.8431003913994963,0.5673615178634354,-0.27157787536768335,-1.8041809011603163,29.0,0.6666666666666666,1
20261005T183107Z,alpaca_live_path_harvest,31,AVGO,TSM,semis,6.500823169748062,3.511348861440423,1.8431003913994963,0.5632709786825932,1.6682484700409268,0.8279916902390141,30.0,0.6666666666666666,1
20261005T183107Z,alpaca_live_path_harvest,32,AVGO,TSM,semis,6.520372651984724,2.535645887779279,1.8431003913994963,0.5604439269842204,0.6925454963797828,2.4740991914397115,31.0,0.6666666666666666,1
20261005T183107Z,alpaca_live_path_harvest,33,AVGO,TSM,semis,6.564843487747679,2.4678556369314193,1.8431003913994963,0.5587245096094912,0.6247552455319229,2.2791871530825687,32.0,0.6666666666666666,1
20261005T183107Z,alpaca_live_path_harvest,34,AVGO,TSM,semis,6.987279821624483,0.6128361909475115,1.8431003913994963,0.5483583158720505,-1.2302642004519848,-0.9460977584164425,33.0,0.6666666666666666,1
20261005T183107Z,alpaca_live_path_harvest,35,AVGO,TSM,semis,6.267063683005009,1.9360781823968005,1.8431003913994963,0.5676009254262794,0.09297779099730413,0.49876308439721695,34.0,0.6666666666666666,1
20261005T183107Z,alpaca_live_path_harvest,36,AVGO,TSM,semis,7.294463333344854,-0.40574606524872636,1.8431003913994963,0.5365280238180302,-2.2488464566482227,-5.621632123039023,35.0,0.6666666666666666,1
20261005T183107Z,alpaca_live_path_harvest,37,AVGO,TSM,semis,7.576449756980388,2.9254174400290127,1.8431003913994963,0.5318302479125991,1.0823170486295166,0.5277476327011186,36.0,0.6666666666666666,1
20261005T183107Z,alpaca_live_path_harvest,38,AVGO,TSM,semis,7.581059826324684,2.023979952517153,1.8431003913994963,0.5318244019547397,0.18087956111765657,-0.6808477944925698,37.0,0.6666666666666666,1
20261005T183107Z,alpaca_live_path_harvest,39,AVGO,TSM,semis,7.599431852404758,2.176108256818458,1.8431003913994963,0.5319881443447122,0.3330078654189618,2.06977147772933,38.0,0.6666666666666666,1
20261005T183107Z,alpaca_live_path_harvest,40,AVGO,TSM,semis,7.536818063053551,2.6829189080576668,1.8431003913994963,0.5446062929738293,0.8398185166581703,1.1019966801009105,39.0,0.6666666666666666,1
20261005T183107Z,alpaca_live_path_harvest,41,AVGO,TSM,semis,7.852727014730979,3.304047993779781,1.8431003913994963,0.5402382983102914,1.4609476023802848,5.553973528353561,40.0,0.6666666666666666,1
20261005T183107Z,alpaca_live_path_harvest,42,AVGO,TSM,semis,7.566599314120146,1.9922682587610183,1.8431003913994963,0.5422436389543813,0.1491678673615219,-1.1731680554153854,41.0,0.6666666666666666,1
20261005T183107Z,alpaca_live_path_harvest,43,AVGO,TSM,semis,8.836012469004277,4.381909328577819,1.8431003913994963,0.5006732384815389,2.5388089371783225,4.00738368576026,42.0,0.6666666666666666,0
20261005T183107Z,alpaca_live_path_harvest,44,AVGO,TSM,semis,9.109114088812074,3.46208016264784,1.8431003913994963,0.4887186607695107,1.6189797712483436,2.415791515395722,43.0,0.6666666666666666,0
20261005T183107Z,alpaca_live_path_harvest,45,AVGO,TSM,semis,9.012498861056626,2.640157202409763,1.8431003913994963,0.48798340057324074,0.7970568110102667,0.38467921122288545,44.0,0.6666666666666666,1
20261005T183107Z,alpaca_live_path_harvest,46,AVGO,TSM,semis,8.864234467847597,1.7140083399976547,1.8431003913994963,0.48939290492532633,-0.12909205140184177,-2.0835842555359365,45.0,0.6666666666666666,1
20261005T183107Z,alpaca_live_path_harvest,47,AVGO,TSM,semis,9.19770110779257,0.9202427344204567,1.8431003913994963,0.49190394489301253,-0.9228576569790397,-1.5114568899399046,46.0,0.6666666666666666,1
20261005T183107Z,alpaca_live_path_harvest,48,AVGO,TSM,semis,9.579593890143101,3.3311370087347614,1.8431003913994963,0.49121602744007364,1.488036617335265,-1.5013887841315863,47.0,0.6666666666666666,0
20261005T183107Z,alpaca_live_path_harvest,49,AVGO,TSM,semis,10.069625870283803,0.0707107965376026,1.8431003913994963,0.47333479346816587,-1.7723895948618937,-5.430280212285379,48.0,0.6666666666666666,1
20261005T183107Z,alpaca_live_path_harvest,50,AVGO,TSM,semis,10.037898602206736,2.049491700525172,1.8431003913994963,0.47537852519498397,0.20639130912567533,-0.9049579650715828,49.0,0.6666666666666666,0
20261005T183107Z,alpaca_live_path_harvest,51,AVGO,TSM,semis,8.935976516491204,0.7083678911115174,1.8431003913994963,0.47218161382812707,-1.134732500287979,-1.6634087965210598,50.0,0.6666666666666666,0
20261005T183107Z,alpaca_live_path_harvest,1,MU,STX,memory,9.96731347528797,0.0,1.8810216806711157,0.6650327166229154,1.8810216806711157,2.0151987654902657,0.0,0.6666666666666666,1
20261005T183107Z,alpaca_live_path_harvest,2,MU,STX,memory,9.209587465797838,2.7408832276490873,1.8810216806711157,0.6787225076718592,-0.8598615469779713,-0.5946270288802339,1.0,0.6666666666666666,1
20261005T183107Z,alpaca_live_path_harvest,3,MU,STX,memory,10.166056642814853,3.482821743969117,1.8810216806711157,0.6639032274705694,-1.6018000632980012,-5.434115437946775,2.0,0.6666666666666666,1
20261005T183107Z,alpaca_live_path_harvest,4,MU,STX,memory,10.721755126835145,0.02460361041809711,1.8810216806711157,0.6495311959905581,1.8564180702530186,3.7757351448339476,3.0,0.6666666666666666,1
20261005T183107Z,alpaca_live_path_harvest,5,MU,STX,memory,10.38366152467506,0.5544480184755127,1.8810216806711157,0.644108858140734,1.326573662195603,3.321867821866692,4.0,0.6666666666666666,1
20261005T183107Z,alpaca_live_path_harvest,6,MU,STX,memory,10.717634524595345,2.60564400546752,1.8810216806711157,0.6430478488590357,-0.7246223247964042,-4.365471273054323,5.0,0.6666666666666666,1
20261005T183107Z,alpaca_live_path_harvest,7,MU,STX,memory,12.379160847170484,3.9665121788136686,1.8810216806711157,0.6315263170685875,-2.085490498142553,-2.652017180700136,6.0,0.6666666666666666,1
20261005T183107Z,alpaca_live_path_harvest,8,MU,STX,memory,12.250108887021133,2.41748880629026,1.8810216806711157,0.6295403735867703,-0.5364671256191441,1.6937271381021788,7.0,0.6666666666666666,1
20261005T183107Z,alpaca_live_path_harvest,9,MU,STX,memory,10.950989277839987,1.8385997632924855,1.8810216806711157,0.6305332280502306,0.04242191737863017,-3.479339575018878,8.0,0.6666666666666666,1
20261005T183107Z,alpaca_live_path_harvest,10,MU,STX,memory,11.06270897315276,2.474713182097891,1.8810216806711157,0.6329328122175819,-0.5936915014267754,-3.814906628488893,9.0,0.6666666666666666,1
20261005T183107Z,alpaca_live_path_harvest,11,MU,STX,memory,11.983150632342324,0.022270263956244207,1.8810216806711157,0.6211018573880586,1.8587514167148715,4.854175264857804,10.0,0.6666666666666666,1
20261005T183107Z,alpaca_live_path_harvest,12,MU,STX,memory,11.916185407618464,1.7292385786582363,1.8810216806711157,0.6234573043010054,0.1517831020128794,4.426414836086167,11.0,0.6666666666666666,1
20261005T183107Z,alpaca_live_path_harvest,13,MU,STX,memory,11.433574646480464,1.7871412208810407,1.8810216806711157,0.6281847900060019,0.09388045979007505,1.4097869150121596,12.0,0.6666666666666666,1
20261005T183107Z,alpaca_live_path_harvest,14,MU,STX,memory,11.471910446864868,1.4682214709630699,1.8810216806711157,0.6480479789261142,0.4128002097080459,0.9482525928703694,13.0,0.6666666666666666,1
20261005T183107Z,alpaca_live_path_harvest,15,MU,STX,memory,11.410681904237965,1.8151877575526725,1.8810216806711157,0.6484342824893915,0.06583392311844333,1.4668119060505773,14.0,0.6666666666666666,1
20261005T183107Z,alpaca_live_path_harvest,16,MU,STX,memory,12.55329355738651,4.40712443788372,1.8810216806711157,0.6158275240893128,-2.526102757212604,-8.842536105227122,15.0,0.6666666666666666,1
20261005T183107Z,alpaca_live_path_harvest,17,MU,STX,memory,12.56951037829802,1.46800105971306,1.8810216806711157,0.6154772414263187,0.41302062095805575,0.5574454674800109,16.0,0.6666666666666666,1
20261005T183107Z,alpaca_live_path_harvest,18,MU,STX,memory,18.439292999740058,5.836954437618836,1.8810216806711157,0.5350858479416903,-3.95593275694772,-11.145999102017162,17.0,0.6666666666666666,0
20261005T183107Z,alpaca_live_path_harvest,19,MU,STX,memory,17.510013595751662,2.1036078309932886,1.8810216806711157,0.5351336681281575,-0.22258615032217272,-1.7645492416196475,18.0,0.6666666666666666,1
20261005T183107Z,alpaca_live_path_harvest,20,MU,STX,memory,17.749307480395647,0.6411019693737545,1.8810216806711157,0.5269260299366776,1.2399197112973612,2.952933891449902,19.0,0.6666666666666666,1
20261005T183107Z,alpaca_live_path_harvest,21,MU,STX,memory,17.74750824037582,2.1282407938378807,1.8810216806711157,0.535003102770122,-0.24721911316676512,4.293824508097908,20.0,0.6666666666666666,1
20261005T183107Z,alpaca_live_path_harvest,22,MU,STX,memory,18.613840373324432,3.9529697753961726,1.8810216806711157,0.5190441208278871,-2.071948094725057,-7.139866495863464,21.0,0.6666666666666666,0
20261005T183107Z,alpaca_live_path_harvest,23,MU,STX,memory,18.867055148644305,2.9610458257886973,1.8810216806711157,0.5174316264088042,-1.0800241451175814,7.333133305739921,22.0,0.6666666666666666,1
20261005T183107Z,alpaca_live_path_harvest,24,MU,STX,memory,19.540816211706588,0.8252933413230041,1.8810216806711157,0.5201830429658082,1.0557283393481116,3.6515600165107456,23.0,0.6666666666666666,1
20261005T183107Z,alpaca_live_path_harvest,25,MU,STX,memory,19.61129899270018,2.548344086777148,1.8810216806711157,0.5268239426859251,-0.6673224061060322,-5.568049976035991,24.0,0.6666666666666666,1
20261005T183107Z,alpaca_live_path_harvest,26,MU,STX,memory,18.443092957591865,2.317916792018578,1.8810216806711157,0.526715205074758,-0.43689511134746256,-0.8275447242714108,25.0,0.6666666666666666,1
20261005T183107Z,alpaca_live_path_harvest,27,MU,STX,memory,19.169256707534622,0.8200434899755151,1.8810216806711157,0.5228380781948461,1.0609781906956006,9.082979095235874,26.0,0.6666666666666666,1
20261005T183107Z,alpaca_live_path_harvest,28,MU,STX,memory,20.81385619446902,0.19628044002645062,1.8810216806711157,0.5057964333511226,1.6847412406446651,8.558691053213238,27.0,0.6666666666666666,1
20261005T183107Z,alpaca_live_path_harvest,29,MU,STX,memory,21.026443400073177,3.1644933806491884,1.8810216806711157,0.5002052027377565,-1.2834716999780726,-7.079599102571637,28.0,0.6666666666666666,0
20261005T183107Z,alpaca_live_path_harvest,30,MU,STX,memory,21.026708705391325,1.7435736986688848,1.8810216806711157,0.4997949655567599,0.13744798200223105,2.617034081699444,29.0,0.6666666666666666,1
20261005T183107Z,alpaca_live_path_harvest,31,MU,STX,memory,20.36664621801856,2.042923326553147,1.8810216806711157,0.5093445728476117,-0.16190164588203124,0.9979054828750122,30.0,0.6666666666666666,1
20261005T183107Z,alpaca_live_path_harvest,32,MU,STX,memory,20.728062045365718,1.0421579318193637,1.8810216806711157,0.5047169660409979,0.8388637488517521,-0.41762108991594005,31.0,0.6666666666666666,1
20261005T183107Z,alpaca_live_path_harvest,33,MU,STX,memory,15.8633411997947,1.222562747638747,1.8810216806711157,0.5019652686788021,0.6584589330323687,-3.194500387931703,32.0,0.6666666666666666,1
20261005T183107Z,alpaca_live_path_harvest,34,MU,STX,memory,15.970277102513096,1.2905251495192114,1.8810216806711157,0.5008149887022025,0.5904965311519043,5.824683514964806,33.0,0.6666666666666666,1
20261005T183107Z,alpaca_live_path_harvest,35,MU,STX,memory,15.387601233187434,2.1055820568405723,1.8810216806711157,0.501291722775083,-0.22456037616945645,-1.2318092133739582,34.0,0.6666666666666666,1
20261005T183107Z,alpaca_live_path_harvest,36,MU,STX,memory,15.525023690000618,1.2946749752193374,1.8810216806711157,0.5085879475719988,0.5863467054517785,2.2377892423347476,35.0,0.6666666666666666,1
20261005T183107Z,alpaca_live_path_harvest,37,MU,STX,memory,13.942283514235022,2.8965768815406436,1.8810216806711157,0.5056605110100548,-1.0155552008695279,-5.979354346522314,36.0,0.6666666666666666,0
20261005T183107Z,alpaca_live_path_harvest,38,MU,STX,memory,13.070017947318986,1.885602913815906,1.8810216806711157,0.5699397317383955,-0.004581233144790301,-2.3071393859528255,37.0,0.6666666666666666,1
20261005T183107Z,alpaca_live_path_harvest,39,MU,STX,memory,12.627000632963881,1.9053748065514864,1.8810216806711157,0.5702062331615169,-0.024353125880370724,-2.0483240828894167,38.0,0.6666666666666666,1
20261005T183107Z,alpaca_live_path_harvest,40,MU,STX,memory,13.904412314931669,0.1020579955907377,1.8810216806711157,0.5555358591860694,1.778963685080378,6.43715822613292,39.0,0.6666666666666666,1
20261005T183107Z,alpaca_live_path_harvest,41,MU,STX,memory,14.005011913638967,2.3911465569993764,1.8810216806711157,0.5533860547793268,-0.5101248763282604,-3.556344184587272,40.0,0.6666666666666666,1
20261005T183107Z,alpaca_live_path_harvest,42,MU,STX,memory,13.64004728283166,1.7047151907802252,1.8810216806711157,0.5830368068280033,0.17630648989089065,3.7156013905773646,41.0,0.6666666666666666,1
20261005T183107Z,alpaca_live_path_harvest,43,MU,STX,memory,12.037055336466524,1.5919545194615559,1.8810216806711157,0.5958544857748175,0.2890671612095598,1.073060937491266,42.0,0.6666666666666666,1
20261005T183107Z,alpaca_live_path_harvest,44,MU,STX,memory,11.020217988257928,2.5165149265892905,1.8810216806711157,0.5950626536097727,-0.635493245918175,-1.9033620941554432,43.0,0.6666666666666666,0
20261005T183107Z,alpaca_live_path_harvest,45,MU,STX,memory,11.143102389490974,2.056410406652023,1.8810216806711157,0.59975978989239,-0.17538872598090696,-6.5148396750839765,44.0,0.6666666666666666,1
20261005T183107Z,alpaca_live_path_harvest,46,MU,STX,memory,11.088193167214735,1.5659777767123144,1.8810216806711157,0.6035358860825337,0.3150439039588013,2.525328703506193,45.0,0.6666666666666666,1
20261005T183107Z,alpaca_live_path_harvest,47,MU,STX,memory,11.072056736121441,0.9896363619867918,1.8810216806711157,0.6057027925930469,0.8913853186843239,2.218696951125787,46.0,0.6666666666666666,1
20261005T183107Z,alpaca_live_path_harvest,48,MU,STX,memory,10.843867493892931,1.8776138332681414,1.8810216806711157,0.632205471187834,0.0034078474029743035,-0.9168468146011491,47.0,0.6666666666666666,1
20261005T183107Z,alpaca_live_path_harvest,49,MU,STX,memory,10.899585425929972,1.2280489010040498,1.8810216806711157,0.655630414610722,0.6529727796670658,4.167119277205382,48.0,0.6666666666666666,1
20261005T183107Z,alpaca_live_path_harvest,50,MU,STX,memory,10.830979886789121,1.9613441004288537,1.8810216806711157,0.6547182170699738,-0.08032241975773795,0.5810531706778306,49.0,0.6666666666666666,1
20261005T183107Z,alpaca_live_path_harvest,51,MU,STX,memory,10.77112872306975,2.16610581355276,1.8810216806711157,0.6529189458942327,-0.2850841328816443,-1.7057197588871191,50.0,0.6666666666666666,0
20261005T183107Z,alpaca_live_path_harvest,1,AMZN,GOOGL,hyperscaler,3.0016905430598286,0.0,1.6387035577660694,0.5843189525446914,1.6387035577660694,1.0247934012587165,0.0,0.6666666666666666,1
20261005T183107Z,alpaca_live_path_harvest,2,AMZN,GOOGL,hyperscaler,3.8479531672299623,-0.7705019160416557,1.6387035577660694,0.5375711894084023,2.409205473807725,1.9907706351294052,1.0,0.6666666666666666,1
20261005T183107Z,alpaca_live_path_harvest,3,AMZN,GOOGL,hyperscaler,4.0514054160038055,2.692653191979005,1.6387035577660694,0.5226194296257582,-1.0539496342129355,-1.0800726227801192,2.0,0.6666666666666666,1
20261005T183107Z,alpaca_live_path_harvest,4,AMZN,GOOGL,hyperscaler,4.069284367090988,0.9323360180910406,1.6387035577660694,0.5231842192505827,0.7063675396750287,0.6372597230369308,3.0,0.6666666666666666,1
20261005T183107Z,alpaca_live_path_harvest,5,AMZN,GOOGL,hyperscaler,3.8258623871077932,1.791723107815626,1.6387035577660694,0.5220521545011769,-0.15301955004955664,0.9237794701421876,4.0,0.6666666666666666,1
20261005T183107Z,alpaca_live_path_harvest,6,AMZN,GOOGL,hyperscaler,3.9138303830227508,2.253817425916116,1.6387035577660694,0.5232970748564145,-0.6151138681500466,-1.7775811306557272,5.0,0.6666666666666666,1
20261005T183107Z,alpaca_live_path_harvest,7,AMZN,GOOGL,hyperscaler,4.240049928081033,3.051112049916287,1.6387035577660694,0.5037782270710481,-1.4124084921502174,-3.298794868947783,6.0,0.6666666666666666,1
20261005T183107Z,alpaca_live_path_harvest,8,AMZN,GOOGL,hyperscaler,4.46037916026228,2.7349153069045915,1.6387035577660694,0.4945342229164539,-1.0962117491385222,-0.10340318259715105,7.0,0.6666666666666666,1
20261005T183107Z,alpaca_live_path_harvest,9,AMZN,GOOGL,hyperscaler,4.603109464356873,0.5511171048757988,1.6387035577660694,0.4894967592534239,1.0875864528902706,0.31073993698367985,8.0,0.6666666666666666,1
20261005T183107Z,alpaca_live_path_harvest,10,AMZN,GOOGL,hyperscaler,4.678847263038769,0.7887141806831662,1.6387035577660694,0.5000067823196008,0.8499893770829031,0.8449325060458364,9.0,0.6666666666666666,1
20261005T183107Z,alpaca_live_path_harvest,11,AMZN,GOOGL,hyperscaler,4.696729709181157,2.135174177682898,1.6387035577660694,0.4997971196909906,-0.4964706199168284,0.21564624196279283,10.0,0.6666666666666666,1
20261005T183107Z,alpaca_live_path_harvest,12,AMZN,GOOGL,hyperscaler,4.7968602224074735,2.6724027095508474,1.6387035577660694,0.4963417402034865,-1.0336991517847782,0.5156469122688065,11.0,0.6666666666666666,1
20261005T183107Z,alpaca_live_path_harvest,13,AMZN,GOOGL,hyperscaler,4.830829015057378,1.1636494404713305,1.6387035577660694,0.49473095677678763,0.4750541172947388,1.4678260916581678,12.0,0.6666666666666666,1
20261005T183107Z,alpaca_live_path_harvest,14,AMZN,GOOGL,hyperscaler,5.190741521194259,-0.12183681696033255,1.6387035577660694,0.47764228186742064,1.760540374726402,0.5888038651778572,13.0,0.6666666666666666,1
20261005T183107Z,alpaca_live_path_harvest,15,AMZN,GOOGL,hyperscaler,5.096156782029155,2.8726123399300176,1.6387035577660694,0.47179046370499944,-1.2339087821639485,-1.504600444635048,14.0,0.6666666666666666,1
20261005T183107Z,alpaca_live_path_harvest,16,AMZN,GOOGL,hyperscaler,5.085002782327074,0.2628512116947346,1.6387035577660694,0.4620621178090872,1.3758523460713348,1.5336579314987773,15.0,0.6666666666666666,1
20261005T183107Z,alpaca_live_path_harvest,17,AMZN,GOOGL,hyperscaler,4.35198772228148,2.371289146679552,1.6387035577660694,0.4600549084695131,-0.7325855889134829,0.2901554375746116,16.0,0.6666666666666666,1
20261005T183107Z,alpaca_live_path_harvest,18,AMZN,GOOGL,hyperscaler,4.224036588916083,2.3224595196554323,1.6387035577660694,0.458401325035365,-0.6837559618893629,-0.8815898060146538,17.0,0.6666666666666666,1
20261005T183107Z,alpaca_live_path_harvest,19,AMZN,GOOGL,hyperscaler,4.151484524454382,2.0840581139501264,1.6387035577660694,0.45783574257061466,-0.44535455618405717,-1.7329598920652587,18.0,0.6666666666666666,1
20261005T183107Z,alpaca_live_path_harvest,20,AMZN,GOOGL,hyperscaler,4.151639748054499,1.7778618631653185,1.6387035577660694,0.466921560549773,-0.13915830539924917,0.7881298602529341,19.0,0.6666666666666666,1
20261005T183107Z,alpaca_live_path_harvest,21,AMZN,GOOGL,hyperscaler,4.106003309682346,1.97702260204117,1.6387035577660694,0.4778727784914288,-0.33831904427510073,-1.3764833345427974,20.0,0.6666666666666666,1
20261005T183107Z,alpaca_live_path_harvest,22,AMZN,GOOGL,hyperscaler,3.755646769572262,1.8369942669512793,1.6387035577660694,0.520192517466034,-0.19829070918521002,0.3998626605927825,21.0,0.6666666666666666,1
20261005T183107Z,alpaca_live_path_harvest,23,AMZN,GOOGL,hyperscaler,4.293962708195473,4.0128507701795915,1.6387035577660694,0.495018872625039,-2.3741472124135217,-1.4248286739089053,22.0,0.6666666666666666,0
20261005T183107Z,alpaca_live_path_harvest,24,AMZN,GOOGL,hyperscaler,4.295287897691771,2.9508972034500296,1.6387035577660694,0.49294130739313874,-1.3121936456839605,-0.7911416336295701,23.0,0.6666666666666666,0
20261005T183107Z,alpaca_live_path_harvest,25,AMZN,GOOGL,hyperscaler,4.131661211682582,2.0677456459370362,1.6387035577660694,0.49284826231785994,-0.42904208817096695,-0.3437310589209119,24.0,0.6666666666666666,1
20261005T183107Z,alpaca_live_path_harvest,26,AMZN,GOOGL,hyperscaler,4.239847574555481,0.9686345216346749,1.6387035577660694,0.4889659962176751,0.6700690361313945,0.6838949714280773,25.0,0.6666666666666666,1
20261005T183107Z,alpaca_live_path_harvest,27,AMZN,GOOGL,hyperscaler,4.267134382831768,0.9230025833888384,1.6387035577660694,0.4958549413366543,0.7157009743772309,0.6314662128837313,26.0,0.6666666666666666,1
20261005T183107Z,alpaca_live_path_harvest,28,AMZN,GOOGL,hyperscaler,4.242422472026376,2.3191208963049714,1.6387035577660694,0.5024684213676621,-0.6804173385389021,1.3107804144556838,27.0,0.6666666666666666,1
20261005T183107Z,alpaca_live_path_harvest,29,AMZN,GOOGL,hyperscaler,3.71209509201076,1.1367051655481335,1.6387035577660694,0.5093689363199778,0.5019983922179359,1.469549762909594,28.0,0.6666666666666666,1
20261005T183107Z,alpaca_live_path_harvest,30,AMZN,GOOGL,hyperscaler,3.974101698698948,0.28426683350056603,1.6387035577660694,0.5016882690202095,1.3544367242655033,1.443735922474076,29.0,0.6666666666666666,1
20261005T183107Z,alpaca_live_path_harvest,31,AMZN,GOOGL,hyperscaler,3.706952976245222,0.8136821262636265,1.6387035577660694,0.49741629440432983,0.8250214315024429,0.14809129276071645,30.0,0.6666666666666666,1
20261005T183107Z,alpaca_live_path_harvest,32,AMZN,GOOGL,hyperscaler,3.7067247984972758,1.3747009846962792,1.6387035577660694,0.5023660792058942,0.26400257306979014,-0.35064427429789474,31.0,0.6666666666666666,1
20261005T183107Z,alpaca_live_path_harvest,33,AMZN,GOOGL,hyperscaler,3.7157841633688533,2.2523667581977787,1.6387035577660694,0.5017789717362023,-0.6136632004317094,0.06440433446283578,32.0,0.6666666666666666,1
20261005T183107Z,alpaca_live_path_harvest,34,AMZN,GOOGL,hyperscaler,3.7245358571019156,2.0654775069264844,1.6387035577660694,0.5264511410167192,-0.4267739491604148,-0.7610346984066609,33.0,0.6666666666666666,1
20261005T183107Z,alpaca_live_path_harvest,35,AMZN,GOOGL,hyperscaler,3.925418745729024,0.6020628003363075,1.6387035577660694,0.5225769613851587,1.0366407574297618,-0.22118413313278892,34.0,0.6666666666666666,1
20261005T183107Z,alpaca_live_path_harvest,36,AMZN,GOOGL,hyperscaler,3.9403557987216318,1.3227707035084786,1.6387035577660694,0.5415153836882015,0.3159328542575907,-0.39908092900135445,35.0,0.6666666666666666,1
20261005T183107Z,alpaca_live_path_harvest,37,AMZN,GOOGL,hyperscaler,3.963425029775746,1.260476470837415,1.6387035577660694,0.5416646352510499,0.3782270869286543,0.09858532371078468,36.0,0.6666666666666666,1
20261005T183107Z,alpaca_live_path_harvest,38,AMZN,GOOGL,hyperscaler,2.993207533490365,1.6741553939955884,1.6387035577660694,0.5440888845525085,-0.03545183622951905,0.47507939334166166,37.0,0.6666666666666666,1
20261005T183107Z,alpaca_live_path_harvest,39,AMZN,GOOGL,hyperscaler,2.511326651077222,1.0735274090945879,1.6387035577660694,0.541856204724101,0.5651761486714814,0.8498181987610167,38.0,0.6666666666666666,1
20261005T183107Z,alpaca_live_path_harvest,40,AMZN,GOOGL,hyperscaler,2.39412416296139,1.0333366744136678,1.6387035577660694,0.5382441988509327,0.6053668833524014,-0.3029256694069886,39.0,0.6666666666666666,1
20261005T183107Z,alpaca_live_path_harvest,41,AMZN,GOOGL,hyperscaler,3.1019168014513725,-0.4459108057103691,1.6387035577660694,0.5042203441681505,2.0846143634764385,1.5655080516526254,40.0,0.6666666666666666,1
20261005T183107Z,alpaca_live_path_harvest,42,AMZN,GOOGL,hyperscaler,3.151125421896471,0.622689337189346,1.6387035577660694,0.5001312874679751,1.0160142205767233,0.5254903073331662,41.0,0.6666666666666666,1
20261005T183107Z,alpaca_live_path_harvest,43,AMZN,GOOGL,hyperscaler,3.225045371293461,2.5880438104535775,1.6387035577660694,0.5412873295784387,-0.9493402526875082,-0.6678146389609537,42.0,0.6666666666666666,1
20261005T183107Z,alpaca_live_path_harvest,44,AMZN,GOOGL,hyperscaler,3.653291330932879,2.8324898088924177,1.6387035577660694,0.546058057783312,-1.1937862511263486,-1.4216613025535025,43.0,0.6666666666666666,0
20261005T183107Z,alpaca_live_path_harvest,45,AMZN,GOOGL,hyperscaler,3.4961479903119796,1.4471892735448433,1.6387035577660694,0.5518155676912015,0.19151428422122613,-0.37890392079855817,44.0,0.6666666666666666,1
20261005T183107Z,alpaca_live_path_harvest,46,AMZN,GOOGL,hyperscaler,3.5485673405308256,2.21334683322172,1.6387035577660694,0.5458199100126029,-0.5746432754556506,-2.2585943524878926,45.0,0.6666666666666666,1
20261005T183107Z,alpaca_live_path_harvest,47,AMZN,GOOGL,hyperscaler,3.5485711593174245,1.427435158002072,1.6387035577660694,0.5475069572485404,0.2112683997639973,-0.6239211359778949,46.0,0.6666666666666666,1
20261005T183107Z,alpaca_live_path_harvest,48,AMZN,GOOGL,hyperscaler,3.4467831131649027,1.86680373424552,1.6387035577660694,0.5553810259980996,-0.22810017647945058,0.6083471528262351,47.0,0.6666666666666666,1
20261005T183107Z,alpaca_live_path_harvest,49,AMZN,GOOGL,hyperscaler,3.370035884449333,1.1060435859401767,1.6387035577660694,0.5549928629817189,0.5326599718258926,1.4012078843418294,48.0,0.6666666666666666,1
20261005T183107Z,alpaca_live_path_harvest,50,AMZN,GOOGL,hyperscaler,3.2695099069192533,1.5714517342751269,1.6387035577660694,0.566300240398019,0.0672518234909426,-0.06370132916895273,49.0,0.6666666666666666,1
20261005T183107Z,alpaca_live_path_harvest,51,AMZN,GOOGL,hyperscaler,3.4099557323183793,2.4642190509369204,1.6387035577660694,0.5618616396973132,-0.8255154931708512,-0.11889003684493674,50.0,0.6666666666666666,0
20261005T183107Z,alpaca_live_path_harvest,52,AMZN,GOOGL,hyperscaler,3.721774800146078,0.0,1.504794628091759,0.5573466550116721,1.504794628091759,1.0570091932226546,0.0,0.13333333333333333,1
20261005T183107Z,alpaca_live_path_harvest,53,AMZN,GOOGL,hyperscaler,3.168132763624366,0.3138932719696177,1.504794628091759,0.5507215495280983,1.1909013561221413,1.4764237082495868,1.0,0.13333333333333333,1
20261005T183107Z,alpaca_live_path_harvest,54,AMZN,GOOGL,hyperscaler,3.124266162092823,0.6499734659491325,1.504794628091759,0.5480052231479702,0.8548211621426265,0.7173566967897955,2.0,0.13333333333333333,1
20261005T183107Z,alpaca_live_path_harvest,55,AMZN,GOOGL,hyperscaler,3.046459565730942,2.4289075100594886,1.504794628091759,0.5403462625404617,-0.9241128819677297,-0.8031122342239485,3.0,0.13333333333333333,1
20261005T183107Z,alpaca_live_path_harvest,56,AMZN,GOOGL,hyperscaler,2.6726594042351697,0.9021967006972826,1.504794628091759,0.5397960932780225,0.6025979273944764,-0.34669801284129564,4.0,0.13333333333333333,1
20261005T183107Z,alpaca_live_path_harvest,57,AMZN,GOOGL,hyperscaler,2.8276802669501926,2.3404634722183566,1.504794628091759,0.534426618381922,-0.8356688441265975,-1.6165180909458967,5.0,0.13333333333333333,1
20261005T183107Z,alpaca_live_path_harvest,58,AMZN,GOOGL,hyperscaler,3.065650572163513,2.89906160179818,1.504794628091759,0.5582747971328242,-1.3942669737064208,-1.8107932929880293,6.0,0.13333333333333333,0
20261005T183107Z,alpaca_live_path_harvest,59,AMZN,GOOGL,hyperscaler,3.0654354690606502,1.431334024970632,1.504794628091759,0.5676489631101799,0.07346060312112716,-0.5447597010627192,7.0,0.13333333333333333,1
20261005T183107Z,alpaca_live_path_harvest,60,AMZN,GOOGL,hyperscaler,3.0432141763256095,1.567708682624719,1.504794628091759,0.5779784798514911,-0.06291405453296,0.6526885347613813,8.0,0.13333333333333333,1
20261005T183107Z,alpaca_live_path_harvest,61,AMZN,GOOGL,hyperscaler,3.1318350961836514,2.5437915268306113,1.504794628091759,0.5928422938603627,-1.0389968987388523,-1.0195138842661664,9.0,0.13333333333333333,0
20261005T183107Z,alpaca_live_path_harvest,62,AMZN,GOOGL,hyperscaler,3.138751494429111,1.862263586628888,1.504794628091759,0.5925051223709391,-0.3574689585371289,0.43118599511232675,10.0,0.13333333333333333,0
20261005T183107Z,alpaca_live_path_harvest,63,AMZN,GOOGL,hyperscaler,4.109690812843403,0.0,3.0254941222605543,0.5250619390215916,3.0254941222605543,3.2510622728148917,0.0,0.13333333333333333,1
20261005T183107Z,alpaca_live_path_harvest,64,AMZN,GOOGL,hyperscaler,4.263040702337344,1.5885959746071308,3.0254941222605543,0.5132938189240963,1.4368981476534235,1.1186269503128812,1.0,0.13333333333333333,1
20261005T183107Z,alpaca_live_path_harvest,65,AMZN,GOOGL,hyperscaler,4.331273730442532,3.6707771638855173,3.0254941222605543,0.5123377279783026,-0.6452830416249632,-0.31942995422660375,2.0,0.13333333333333333,1
20261005T183107Z,alpaca_live_path_harvest,66,AMZN,GOOGL,hyperscaler,4.271663998345851,3.0899626574196657,3.0254941222605543,0.5125858258761156,-0.0644685351591114,0.6751166405764479,3.0,0.13333333333333333,1
20261005T183107Z,alpaca_live_path_harvest,67,AMZN,GOOGL,hyperscaler,4.281355071182217,4.23710131401169,3.0254941222605543,0.5041713748272577,-1.211607191751136,-0.6158871301078307,4.0,0.13333333333333333,0
20261005T183107Z,alpaca_live_path_harvest,68,AMZN,GOOGL,hyperscaler,4.195191022610269,2.582517077722591,3.0254941222605543,0.5107329024297267,0.44297704453796305,-1.828569016016587,5.0,0.13333333333333333,1
20261005T183107Z,alpaca_live_path_harvest,69,AMZN,GOOGL,hyperscaler,4.236150064100364,4.104042763843621,3.0254941222605543,0.5037307100314693,-1.0785486415830672,-1.8704455665224031,6.0,0.13333333333333333,0
20261005T183107Z,alpaca_live_path_harvest,70,AMZN,GOOGL,hyperscaler,4.152637299409807,2.9023907417953634,3.0254941222605543,0.5037213809433025,0.12310338046519091,0.49584227654644336,7.0,0.13333333333333333,1
20261005T183107Z,alpaca_live_path_harvest,71,AMZN,GOOGL,hyperscaler,4.332034663395512,1.7494673021638816,3.0254941222605543,0.49965149667228737,1.2760268200966727,0.9589026648389563,8.0,0.13333333333333333,1
20261005T183107Z,alpaca_live_path_harvest,72,AMZN,GOOGL,hyperscaler,4.238382814682636,3.1410779925397074,3.0254941222605543,0.50768792715417,-0.11558387027915311,0.7978417706889502,9.0,0.13333333333333333,1
20261005T183107Z,alpaca_live_path_harvest,73,AMZN,GOOGL,hyperscaler,3.948544588241351,3.177435497068547,3.0254941222605543,0.5128590811238576,-0.15194137480799313,-0.4044071071536166,10.0,0.13333333333333333,0
20261005T183107Z,alpaca_live_path_harvest,74,AMZN,GOOGL,hyperscaler,4.647451020670121,0.0,2.0818817522329476,0.4884940735580096,-2.0818817522329476,-1.688828489929574,0.0,0.13333333333333333,1
20261005T183107Z,alpaca_live_path_harvest,75,AMZN,GOOGL,hyperscaler,4.566697213091827,1.7178110205140067,2.0818817522329476,0.48948434044737466,-0.36407073171894083,-1.249833477833829,1.0,0.13333333333333333,1
20261005T183107Z,alpaca_live_path_harvest,76,AMZN,GOOGL,hyperscaler,4.579414476313804,2.7650445067303915,2.0818817522329476,0.49013435441099645,0.683162754497444,0.5841107600552504,2.0,0.13333333333333333,0
20261005T183107Z,alpaca_live_path_harvest,77,AMZN,GOOGL,hyperscaler,7.331834211474701,-2.4149256844703815,2.0818817522329476,0.3718022691612211,-4.496807436703329,-4.865852997438009,3.0,0.13333333333333333,0
20261005T183107Z,alpaca_live_path_harvest,1,AMD,MU,semis_memory,9.164608437008575,0.0,3.356344092756879,0.5999566941051887,-3.356344092756879,-4.463470187688273,0.0,0.6666666666666666,1
20261005T183107Z,alpaca_live_path_harvest,2,AMD,MU,semis_memory,9.120585495835211,3.519226006071856,3.356344092756879,0.599462225568273,0.16288191331497717,-0.47006684538673654,1.0,0.6666666666666666,1
20261005T183107Z,alpaca_live_path_harvest,3,AMD,MU,semis_memory,8.821648915375699,3.9061676160530285,3.356344092756879,0.5964993726434391,0.5498235232961494,-0.40790862130588723,2.0,0.6666666666666666,1
20261005T183107Z,alpaca_live_path_harvest,4,AMD,MU,semis_memory,9.024492650808336,2.1080304175875257,3.356344092756879,0.5929778786776725,-1.248313675169353,0.08010679237011686,3.0,0.6666666666666666,1
20261005T183107Z,alpaca_live_path_harvest,5,AMD,MU,semis_memory,8.776600187788587,4.3326839681953855,3.356344092756879,0.5936932502273893,0.9763398754385068,0.7925779101080934,4.0,0.6666666666666666,1
20261005T183107Z,alpaca_live_path_harvest,6,AMD,MU,semis_memory,10.500452397411264,5.908597407201471,3.356344092756879,0.5638600791528574,2.5522533144445925,9.37106822512032,5.0,0.6666666666666666,0
20261005T183107Z,alpaca_live_path_harvest,7,AMD,MU,semis_memory,10.696032107590527,4.392312739405232,3.356344092756879,0.5589513865948674,1.0359686466483526,1.4727423854355493,6.0,0.6666666666666666,1
20261005T183107Z,alpaca_live_path_harvest,8,AMD,MU,semis_memory,10.7327159975412,3.860803648369823,3.356344092756879,0.562721795864373,0.504459555612944,-0.006069563871261607,7.0,0.6666666666666666,1
20261005T183107Z,alpaca_live_path_harvest,9,AMD,MU,semis_memory,11.063466193291443,1.987609635571246,3.356344092756879,0.5558369756490981,-1.368734457185633,-0.21195620053804873,8.0,0.6666666666666666,1
20261005T183107Z,alpaca_live_path_harvest,10,AMD,MU,semis_memory,11.015454919900414,3.467688087523974,3.356344092756879,0.5686080846724537,0.11134399476709529,-1.1139928530357621,9.0,0.6666666666666666,1
20261005T183107Z,alpaca_live_path_harvest,11,AMD,MU,semis_memory,11.049487616339366,4.032500508988459,3.356344092756879,0.5665401718768841,0.6761564162315796,-2.996876555968106,10.0,0.6666666666666666,1
20261005T183107Z,alpaca_live_path_harvest,12,AMD,MU,semis_memory,11.016200940121612,3.4739395837411573,3.356344092756879,0.5679859117423404,0.11759549098427816,-1.515506677586302,11.0,0.6666666666666666,1
20261005T183107Z,alpaca_live_path_harvest,13,AMD,MU,semis_memory,11.04491683621374,4.198216743958993,3.356344092756879,0.5651863881393422,0.8418726512021132,0.5484978189343679,12.0,0.6666666666666666,1
20261005T183107Z,alpaca_live_path_harvest,14,AMD,MU,semis_memory,10.623957741668965,3.418044557707437,3.356344092756879,0.5675790624732963,0.061700464950558025,2.4655758548830304,13.0,0.6666666666666666,1
20261005T183107Z,alpaca_live_path_harvest,15,AMD,MU,semis_memory,11.01465663990038,2.0676783070346145,3.356344092756879,0.560556384006761,-1.2886657857222648,-2.27141839932508,14.0,0.6666666666666666,1
20261005T183107Z,alpaca_live_path_harvest,16,AMD,MU,semis_memory,8.964776203655672,1.9414075752194357,3.356344092756879,0.5525821207220231,-1.4149365175374433,-3.4987718238692422,15.0,0.6666666666666666,1
20261005T183107Z,alpaca_live_path_harvest,17,AMD,MU,semis_memory,8.965502748600683,3.5640499413426054,3.356344092756879,0.5533249925693834,0.20770584858572635,0.11142823944882707,16.0,0.6666666666666666,1
20261005T183107Z,alpaca_live_path_harvest,18,AMD,MU,semis_memory,8.929039181278698,3.289219222691525,3.356344092756879,0.556515987370973,-0.06712487006535416,-1.578965308785439,17.0,0.6666666666666666,1
20261005T183107Z,alpaca_live_path_harvest,19,AMD,MU,semis_memory,8.416357848317308,3.2775041511431127,3.356344092756879,0.5630496062361998,-0.07883994161376653,-0.41873202084336186,18.0,0.6666666666666666,1
20261005T183107Z,alpaca_live_path_harvest,20,AMD,MU,semis_memory,8.548886018976077,4.4900223507893084,3.356344092756879,0.5580143952255225,1.1336782580324294,3.8897293099991543,19.0,0.6666666666666666,1
20261005T183107Z,alpaca_live_path_harvest,21,AMD,MU,semis_memory,8.065387984473945,1.5140806902961839,3.356344092756879,0.588707195873997,-1.8422634024606952,-0.9059567471995024,20.0,0.6666666666666666,1
20261005T183107Z,alpaca_live_path_harvest,22,AMD,MU,semis_memory,7.764273004265664,2.620676692093193,3.356344092756879,0.5844106088639712,-0.735667400663686,-1.7523792084466039,21.0,0.6666666666666666,1
20261005T183107Z,alpaca_live_path_harvest,23,AMD,MU,semis_memory,8.502598460965784,4.815867586721818,3.356344092756879,0.5741563080253541,1.4595234939649389,2.6788049968194345,22.0,0.6666666666666666,1
20261005T183107Z,alpaca_live_path_harvest,24,AMD,MU,semis_memory,9.13515971433027,5.075246058260226,3.356344092756879,0.5674507478196396,1.7189019655033468,3.43304110406541,23.0,0.6666666666666666,1
20261005T183107Z,alpaca_live_path_harvest,25,AMD,MU,semis_memory,9.246156223542574,3.9859869563418746,3.356344092756879,0.5677697903319661,0.6296428635849958,-0.6080361093501608,24.0,0.6666666666666666,1
20261005T183107Z,alpaca_live_path_harvest,26,AMD,MU,semis_memory,10.40438322086607,1.4682272453401923,3.356344092756879,0.5682656440698497,-1.8881168474166867,-0.40880520111779217,25.0,0.6666666666666666,1
20261005T183107Z,alpaca_live_path_harvest,27,AMD,MU,semis_memory,10.51247871130835,2.696927638893947,3.356344092756879,0.5712419161098058,-0.6594164538629317,0.015445470958985652,26.0,0.6666666666666666,1
20261005T183107Z,alpaca_live_path_harvest,28,AMD,MU,semis_memory,10.403299343089008,3.9659190629653294,3.356344092756879,0.5707394292997485,0.6095749702084503,-1.5237592032427245,27.0,0.6666666666666666,1
20261005T183107Z,alpaca_live_path_harvest,29,AMD,MU,semis_memory,10.492195388557713,3.8633183103468767,3.356344092756879,0.5773779476611008,0.5069742175899978,-2.3680590976302254,28.0,0.6666666666666666,1
20261005T183107Z,alpaca_live_path_harvest,30,AMD,MU,semis_memory,10.536323963640443,2.245529619154225,3.356344092756879,0.569402194604592,-1.110814473602654,-3.4188543405373535,29.0,0.6666666666666666,1
20261005T183107Z,alpaca_live_path_harvest,31,AMD,MU,semis_memory,10.332056333296054,4.202282379348839,3.356344092756879,0.5670328596047306,0.8459382865919597,5.283414066840959,30.0,0.6666666666666666,1
20261005T183107Z,alpaca_live_path_harvest,32,AMD,MU,semis_memory,10.442964116539178,2.7513124670057505,3.356344092756879,0.5652990210627616,-0.6050316257511285,0.17118863771845555,31.0,0.6666666666666666,1
20261005T183107Z,alpaca_live_path_harvest,33,AMD,MU,semis_memory,10.470848920639078,3.655022189787683,3.356344092756879,0.569158276899357,0.29867809703080406,-0.5205978576442988,32.0,0.6666666666666666,1
20261005T183107Z,alpaca_live_path_harvest,34,AMD,MU,semis_memory,11.859940938854088,5.426506785882287,3.356344092756879,0.5391737365265609,2.0701626931254085,3.4150066899095806,33.0,0.6666666666666666,0
20261005T183107Z,alpaca_live_path_harvest,35,AMD,MU,semis_memory,11.794252776116652,2.7452347705655793,3.356344092756879,0.5430175804453459,-0.6111093221912997,0.9735120395671117,34.0,0.6666666666666666,1
20261005T183107Z,alpaca_live_path_harvest,36,AMD,MU,semis_memory,10.842883850332882,3.52477004286507,3.356344092756879,0.5519269279720763,0.16842595010819086,-1.1784116421722501,35.0,0.6666666666666666,1
20261005T183107Z,alpaca_live_path_harvest,37,AMD,MU,semis_memory,10.58682787812811,3.4103781506958026,3.356344092756879,0.551983005455769,0.054034057938923546,1.3716115180937094,36.0,0.6666666666666666,1
20261005T183107Z,alpaca_live_path_harvest,38,AMD,MU,semis_memory,10.159849747879479,3.448183080655738,3.356344092756879,0.5520939036183757,0.0918389878988586,-0.31904998478765945,37.0,0.6666666666666666,1
20261005T183107Z,alpaca_live_path_harvest,39,AMD,MU,semis_memory,9.675989553304763,4.367350156045165,3.356344092756879,0.5467032268682791,1.0110060632882862,-2.1264307821630495,38.0,0.6666666666666666,1
20261005T183107Z,alpaca_live_path_harvest,40,AMD,MU,semis_memory,9.592021159980302,3.6078880649255813,3.356344092756879,0.5501872597497487,0.2515439721687021,1.8541359319227013,39.0,0.6666666666666666,1
20261005T183107Z,alpaca_live_path_harvest,41,AMD,MU,semis_memory,7.981214752313224,3.4277959464773615,3.356344092756879,0.5714221769888974,0.07145185372048249,-0.005460278587719358,40.0,0.6666666666666666,1
20261005T183107Z,alpaca_live_path_harvest,42,AMD,MU,semis_memory,7.75236710198759,4.170352842550341,3.356344092756879,0.5747494705078231,0.814008749793462,1.650647244130539,41.0,0.6666666666666666,1
20261005T183107Z,alpaca_live_path_harvest,43,AMD,MU,semis_memory,7.7314894459635175,3.531025102899603,3.356344092756879,0.5825332708294075,0.1746810101427242,0.41666763316762284,42.0,0.6666666666666666,1
20261005T183107Z,alpaca_live_path_harvest,44,AMD,MU,semis_memory,7.9291143011966945,2.7270237281106318,3.356344092756879,0.5964679715743822,-0.6293203646462473,-2.982062965524642,43.0,0.6666666666666666,1
20261005T183107Z,alpaca_live_path_harvest,45,AMD,MU,semis_memory,7.2292388345555425,2.819540718825394,3.356344092756879,0.5968239420423795,-0.5368033739314851,-1.3300491250059907,44.0,0.6666666666666666,1
20261005T183107Z,alpaca_live_path_harvest,46,AMD,MU,semis_memory,7.0988998308338545,3.4963842297254266,3.356344092756879,0.6358833283550346,0.14004013696854747,0.025709497908553657,45.0,0.6666666666666666,1
20261005T183107Z,alpaca_live_path_harvest,47,AMD,MU,semis_memory,7.713104862691642,1.951036775407631,3.356344092756879,0.6241906125002064,-1.405307317349248,-4.151336486541186,46.0,0.6666666666666666,1
20261005T183107Z,alpaca_live_path_harvest,48,AMD,MU,semis_memory,7.7611726662785205,3.184199992488847,3.356344092756879,0.6248618840063898,-0.17214410026803195,-0.8623404686339654,47.0,0.6666666666666666,1
20261005T183107Z,alpaca_live_path_harvest,49,AMD,MU,semis_memory,5.859391827108214,2.539460192410864,3.356344092756879,0.6199923930516087,-0.8168839003460148,-0.498344559842036,48.0,0.6666666666666666,1
20261005T183107Z,alpaca_live_path_harvest,50,AMD,MU,semis_memory,5.777249043101082,3.9890478698122043,3.356344092756879,0.6335272415538826,0.6327037770553251,1.8757953152129971,49.0,0.6666666666666666,1
20261005T183107Z,alpaca_live_path_harvest,51,AMD,MU,semis_memory,6.97563345130134,5.075315055883176,3.356344092756879,0.616320761442149,1.7189709631262973,2.7706787956916514,50.0,0.6666666666666666,0
20261005T183107Z,alpaca_live_path_harvest,52,AMD,MU,semis_memory,9.41496514930797,0.0,2.309881531023617,0.604805594814332,2.309881531023617,3.732179775198472,0.0,0.13333333333333333,1
20261005T183107Z,alpaca_live_path_harvest,53,AMD,MU,semis_memory,9.426132808963422,2.422636208166793,2.309881531023617,0.6045485821501839,-0.11275467714317594,-2.9043475343219427,1.0,0.13333333333333333,1
20261005T183107Z,alpaca_live_path_harvest,54,AMD,MU,semis_memory,9.402957303969265,2.5828578588234503,2.309881531023617,0.6039314762092689,-0.2729763277998334,-1.7648471694236605,2.0,0.13333333333333333,1
20261005T183107Z,alpaca_live_path_harvest,55,AMD,MU,semis_memory,9.960198255876104,0.8914567668394835,2.309881531023617,0.5924356047870871,1.4184247641841334,0.7557286917036606,3.0,0.13333333333333333,1
20261005T183107Z,alpaca_live_path_harvest,56,AMD,MU,semis_memory,9.740637118191007,2.562904484190469,2.309881531023617,0.5941264516900933,-0.2530229531668523,-1.8612092949753787,4.0,0.13333333333333333,1
20261005T183107Z,alpaca_live_path_harvest,57,AMD,MU,semis_memory,10.143511790385537,3.4455374947580584,2.309881531023617,0.5811967975734954,-1.1356559637344414,-6.6368505330810255,5.0,0.13333333333333333,0
20261005T183107Z,alpaca_live_path_harvest,58,AMD,MU,semis_memory,10.241564809903126,1.47511404508657,2.309881531023617,0.5779126817810841,0.8347674859370467,1.9084755983524133,6.0,0.13333333333333333,1
20261005T183107Z,alpaca_live_path_harvest,59,AMD,MU,semis_memory,9.330657121548194,2.833638074752669,2.309881531023617,0.5774704374657278,-0.5237565437290521,-0.2860771231931551,7.0,0.13333333333333333,1
20261005T183107Z,alpaca_live_path_harvest,60,AMD,MU,semis_memory,9.138278364902893,2.2012723071195306,2.309881531023617,0.5774993043019144,0.10860922390408623,-2.5074456577774358,8.0,0.13333333333333333,1
20261005T183107Z,alpaca_live_path_harvest,61,AMD,MU,semis_memory,8.908668581499196,3.0543778085936126,2.309881531023617,0.5774842367087676,-0.7444962775699956,-0.9116361216239227,9.0,0.13333333333333333,0
20261005T183107Z,alpaca_live_path_harvest,62,AMD,MU,semis_memory,9.10993678133255,2.6785578697532197,2.309881531023617,0.5798247722940052,-0.3686763387296027,1.5460614665340984,10.0,0.13333333333333333,0
20261005T183107Z,alpaca_live_path_harvest,63,AMD,MU,semis_memory,9.55326106747105,0.0,1.6689029886117668,0.5785382149130812,-1.6689029886117668,-3.078877387914287,0.0,0.13333333333333333,1
20261005T183107Z,alpaca_live_path_harvest,64,AMD,MU,semis_memory,9.603447241190343,2.561481179990763,1.6689029886117668,0.586122373904096,0.8925781913789961,2.9745425976346325,1.0,0.13333333333333333,1
20261005T183107Z,alpaca_live_path_harvest,65,AMD,MU,semis_memory,9.249155384319018,3.7381464820611714,1.6689029886117668,0.5664185022786599,2.0692434934494046,4.618714865369998,2.0,0.13333333333333333,1
20261005T183107Z,alpaca_live_path_harvest,66,AMD,MU,semis_memory,9.232297750736196,1.6909686546112637,1.6689029886117668,0.5732281450547505,0.02206566599949687,-1.4994524820301536,3.0,0.13333333333333333,1
20261005T183107Z,alpaca_live_path_harvest,67,AMD,MU,semis_memory,9.173650387159412,1.6026922838728808,1.6689029886117668,0.5736902342516712,-0.06621070473888602,0.5269775838064504,4.0,0.13333333333333333,1
20261005T183107Z,alpaca_live_path_harvest,68,AMD,MU,semis_memory,8.759935484451944,2.5059205674494676,1.6689029886117668,0.5749158501573132,0.8370175788377006,4.584762184472351,5.0,0.13333333333333333,1
20261005T183107Z,alpaca_live_path_harvest,69,AMD,MU,semis_memory,8.867956144150156,0.927447087550143,1.6689029886117668,0.5725452022853363,-0.7414559010616237,-2.657958554993473,6.0,0.13333333333333333,1
20261005T183107Z,alpaca_live_path_harvest,70,AMD,MU,semis_memory,8.27951367819618,2.144945153252599,1.6689029886117668,0.6045293625258782,0.4760421646408324,-2.8493554445348535,7.0,0.13333333333333333,1
20261005T183107Z,alpaca_live_path_harvest,71,AMD,MU,semis_memory,11.574159269369218,4.905061807706173,1.6689029886117668,0.5367920094863978,3.236158819094406,6.416702044755027,8.0,0.13333333333333333,0
20261005T183107Z,alpaca_live_path_harvest,72,AMD,MU,semis_memory,14.91496716204335,-1.4486088870183003,1.6689029886117668,0.48301767968164994,-3.117511875630067,-6.828959139837309,9.0,0.13333333333333333,1
20261005T183107Z,alpaca_live_path_harvest,73,AMD,MU,semis_memory,14.914987303827012,1.6870351427674277,1.6689029886117668,0.48900704827316593,0.01813215415566092,-1.4419324725471825,10.0,0.13333333333333333,0
20261005T183107Z,alpaca_live_path_harvest,1,NVDA,AMZN,semis_hyperscaler,3.649090034290005,0.0,1.5691897078941341,0.6264651222000918,-1.5691897078941341,-1.5723685642170324,0.0,0.6666666666666666,1
20261005T183107Z,alpaca_live_path_harvest,2,NVDA,AMZN,semis_hyperscaler,4.075235943464917,-0.16809887887179142,1.5691897078941341,0.6043945557292972,-1.7372885867659256,-1.068891693383398,1.0,0.6666666666666666,1
20261005T183107Z,alpaca_live_path_harvest,3,NVDA,AMZN,semis_hyperscaler,3.960454094376245,1.8791582148936117,1.5691897078941341,0.6163284940239844,0.3099685069994775,0.4777703331068949,2.0,0.6666666666666666,1
20261005T183107Z,alpaca_live_path_harvest,4,NVDA,AMZN,semis_hyperscaler,4.378868609914639,-0.21502994684866605,1.5691897078941341,0.5953389475798613,-1.7842196547428002,-1.6044460967597787,3.0,0.6666666666666666,1
20261005T183107Z,alpaca_live_path_harvest,5,NVDA,AMZN,semis_hyperscaler,4.177306906843174,1.3450872406314263,1.5691897078941341,0.6004905117095968,-0.22410246726270783,-1.380376501156121,4.0,0.6666666666666666,1
20261005T183107Z,alpaca_live_path_harvest,6,NVDA,AMZN,semis_hyperscaler,4.181612611297587,1.819447650500555,1.5691897078941341,0.6003866209635448,0.25025794260642076,1.3649154434010655,5.0,0.6666666666666666,1
20261005T183107Z,alpaca_live_path_harvest,7,NVDA,AMZN,semis_hyperscaler,3.9189067819072814,2.5518539470217423,1.5691897078941341,0.5960706424140914,0.9826642391276083,2.200860795160054,6.0,0.6666666666666666,1
20261005T183107Z,alpaca_live_path_harvest,8,NVDA,AMZN,semis_hyperscaler,3.919658355755569,2.1325596583120703,1.5691897078941341,0.6005057418110804,0.5633699504179362,0.12262730887765087,7.0,0.6666666666666666,1
20261005T183107Z,alpaca_live_path_harvest,9,NVDA,AMZN,semis_hyperscaler,3.9338692644157414,2.2990001467579333,1.5691897078941341,0.5981569371088669,0.7298104388637991,2.0922471400593565,8.0,0.6666666666666666,1
20261005T183107Z,alpaca_live_path_harvest,10,NVDA,AMZN,semis_hyperscaler,3.946978794244155,1.1737522615603928,1.5691897078941341,0.6093374748489812,-0.3954374463337412,-0.1354492630765094,9.0,0.6666666666666666,1
20261005T183107Z,alpaca_live_path_harvest,11,NVDA,AMZN,semis_hyperscaler,3.9034437242041706,1.2269022839461907,1.5691897078941341,0.6087578219808429,-0.34228742394794337,-0.48328901927347945,10.0,0.6666666666666666,1
20261005T183107Z,alpaca_live_path_harvest,12,NVDA,AMZN,semis_hyperscaler,4.157294148714347,2.9054595288321243,1.5691897078941341,0.6164734770888716,1.3362698209379904,0.23127576142066458,11.0,0.6666666666666666,1
20261005T183107Z,alpaca_live_path_harvest,13,NVDA,AMZN,semis_hyperscaler,4.155661718203487,1.377292450160762,1.5691897078941341,0.6182282181300237,-0.19189725773337227,-0.5703651909368489,12.0,0.6666666666666666,1
20261005T183107Z,alpaca_live_path_harvest,14,NVDA,AMZN,semis_hyperscaler,4.155222931415232,1.3481836916727747,1.5691897078941341,0.6216652949169027,-0.22100601622135932,-0.7523415888011016,13.0,0.6666666666666666,1
20261005T183107Z,alpaca_live_path_harvest,15,NVDA,AMZN,semis_hyperscaler,3.7827001944231426,1.389935900569958,1.5691897078941341,0.6217359924412187,-0.17925380732417617,0.22749479462665362,14.0,0.6666666666666666,1
20261005T183107Z,alpaca_live_path_harvest,16,NVDA,AMZN,semis_hyperscaler,3.540639632840707,0.8357971263860206,1.5691897078941341,0.6216569865207637,-0.7333925815081136,-0.21365062346345667,15.0,0.6666666666666666,1
20261005T183107Z,alpaca_live_path_harvest,17,NVDA,AMZN,semis_hyperscaler,3.2377109753798434,2.7237652641886116,1.5691897078941341,0.6125906565555596,1.1545755562944773,-0.1450662019681829,16.0,0.6666666666666666,1
20261005T183107Z,alpaca_live_path_harvest,18,NVDA,AMZN,semis_hyperscaler,3.2616464217648145,2.1153564066576793,1.5691897078941341,0.6105913122015987,0.5461666987635452,0.5892542651540907,17.0,0.6666666666666666,1
20261005T183107Z,alpaca_live_path_harvest,19,NVDA,AMZN,semis_hyperscaler,2.4238843187955252,1.6231863557962016,1.5691897078941341,0.6105939524796642,0.0539966479020674,0.26321514834504,18.0,0.6666666666666666,1
20261005T183107Z,alpaca_live_path_harvest,20,NVDA,AMZN,semis_hyperscaler,3.318241959091812,-0.5748234689754934,1.5691897078941341,0.6027779778079897,-2.1440131768696276,-1.5002929224032244,19.0,0.6666666666666666,1
20261005T183107Z,alpaca_live_path_harvest,21,NVDA,AMZN,semis_hyperscaler,3.3711818180888984,1.061098630024178,1.5691897078941341,0.6142605189091792,-0.5080910778699562,0.12867995438230082,20.0,0.6666666666666666,1
20261005T183107Z,alpaca_live_path_harvest,22,NVDA,AMZN,semis_hyperscaler,3.23659592935597,1.1533940785501318,1.5691897078941341,0.6350503167514656,-0.41579562934400227,-1.2068276550435768,21.0,0.6666666666666666,1
20261005T183107Z,alpaca_live_path_harvest,23,NVDA,AMZN,semis_hyperscaler,3.5255643357723443,3.156128824198456,1.5691897078941341,0.6201265600742101,1.5869391163043218,0.6813669152150567,22.0,0.6666666666666666,1
20261005T183107Z,alpaca_live_path_harvest,24,NVDA,AMZN,semis_hyperscaler,6.869351028777795,5.936997433755475,1.5691897078941341,0.4997153513547882,4.367807725861341,4.49033877904481,23.0,0.6666666666666666,0
20261005T183107Z,alpaca_live_path_harvest,25,NVDA,AMZN,semis_hyperscaler,6.921477635360654,2.6401080122518312,1.5691897078941341,0.4971616454070468,1.070918304357697,2.8461737027403387,24.0,0.6666666666666666,1
20261005T183107Z,alpaca_live_path_harvest,26,NVDA,AMZN,semis_hyperscaler,6.873199452888885,1.457798706516726,1.5691897078941341,0.496837377123209,-0.11139100137740814,0.43289653748486784,25.0,0.6666666666666666,1
20261005T183107Z,alpaca_live_path_harvest,27,NVDA,AMZN,semis_hyperscaler,6.84989815047077,2.215093863636623,1.5691897078941341,0.49658117149741243,0.645904155742489,1.183256474411826,26.0,0.6666666666666666,1
20261005T183107Z,alpaca_live_path_harvest,28,NVDA,AMZN,semis_hyperscaler,6.811704499940664,1.6612135190117745,1.5691897078941341,0.49655344670351603,0.09202381111764031,-0.8566035719511718,27.0,0.6666666666666666,1
20261005T183107Z,alpaca_live_path_harvest,29,NVDA,AMZN,semis_hyperscaler,6.9155093528975735,0.7918168372353346,1.5691897078941341,0.492519393018118,-0.7773728706587996,-5.237585181384008,28.0,0.6666666666666666,1
20261005T183107Z,alpaca_live_path_harvest,30,NVDA,AMZN,semis_hyperscaler,6.899574709561269,1.4439180336204411,1.5691897078941341,0.4939813856369659,-0.12527167427369298,-1.2001590336021934,29.0,0.6666666666666666,1
20261005T183107Z,alpaca_live_path_harvest,31,NVDA,AMZN,semis_hyperscaler,6.811771105153333,1.3440885988086326,1.5691897078941341,0.49516063328189797,-0.22510110908550146,-0.08426325367431672,30.0,0.6666666666666666,1
20261005T183107Z,alpaca_live_path_harvest,32,NVDA,AMZN,semis_hyperscaler,6.806447042773404,1.4046806165708858,1.5691897078941341,0.4969915826867601,-0.16450909132324823,-0.8682223051082361,31.0,0.6666666666666666,1
20261005T183107Z,alpaca_live_path_harvest,33,NVDA,AMZN,semis_hyperscaler,6.910364645377668,0.8920562304546192,1.5691897078941341,0.49471772846299744,-0.6771334774395149,-0.8226830963948146,32.0,0.6666666666666666,1
20261005T183107Z,alpaca_live_path_harvest,34,NVDA,AMZN,semis_hyperscaler,7.010634575787978,2.6802051182028475,1.5691897078941341,0.4914975339365552,1.1110154103087133,1.925965416119925,33.0,0.6666666666666666,1
20261005T183107Z,alpaca_live_path_harvest,35,NVDA,AMZN,semis_hyperscaler,6.545628227421189,1.1095924465103528,1.5691897078941341,0.4904054514155999,-0.4595972613837814,-0.3806884673817706,34.0,0.6666666666666666,1
20261005T183107Z,alpaca_live_path_harvest,36,NVDA,AMZN,semis_hyperscaler,6.445631126681591,1.673568116355616,1.5691897078941341,0.4936011314574347,0.10437840846148182,0.2865637903379536,35.0,0.6666666666666666,1
20261005T183107Z,alpaca_live_path_harvest,37,NVDA,AMZN,semis_hyperscaler,6.958656101518507,-0.09140057163398563,1.5691897078941341,0.4793125316259745,-1.6605902795281198,-1.6321794824711389,36.0,0.6666666666666666,1
20261005T183107Z,alpaca_live_path_harvest,38,NVDA,AMZN,semis_hyperscaler,7.47809442737152,-0.187406384836448,1.5691897078941341,0.46418923968212167,-1.7565960927305821,-1.3151099718500858,37.0,0.6666666666666666,1
20261005T183107Z,alpaca_live_path_harvest,39,NVDA,AMZN,semis_hyperscaler,4.808767395173158,2.706763976076859,1.5691897078941341,0.459208559839605,1.1375742681827248,0.09010810896763814,38.0,0.6666666666666666,0
20261005T183107Z,alpaca_live_path_harvest,40,NVDA,AMZN,semis_hyperscaler,4.529008057426832,1.067730352288081,1.5691897078941341,0.46867672437451574,-0.501459355606053,-0.17620878406861493,39.0,0.6666666666666666,1
20261005T183107Z,alpaca_live_path_harvest,41,NVDA,AMZN,semis_hyperscaler,4.608815950682954,0.7943917284734203,1.5691897078941341,0.4663686669709262,-0.7747979794207138,-1.0316487006101398,40.0,0.6666666666666666,1
20261005T183107Z,alpaca_live_path_harvest,42,NVDA,AMZN,semis_hyperscaler,4.391742844571247,1.254849224481753,1.5691897078941341,0.4666588991742323,-0.314340483412381,1.3982507275963882,41.0,0.6666666666666666,1
20261005T183107Z,alpaca_live_path_harvest,43,NVDA,AMZN,semis_hyperscaler,4.341122991626524,1.3852645128332701,1.5691897078941341,0.4694606111039975,-0.1839251950608641,1.749189401512251,42.0,0.6666666666666666,1
20261005T183107Z,alpaca_live_path_harvest,44,NVDA,AMZN,semis_hyperscaler,4.566141994340495,2.3405563396939337,1.5691897078941341,0.5744229240509553,0.7713666317997995,-0.41448382176394605,43.0,0.6666666666666666,0
20261005T183107Z,alpaca_live_path_harvest,45,NVDA,AMZN,semis_hyperscaler,4.599565396052691,1.7257103059170626,1.5691897078941341,0.5879446202197062,0.15652059802292842,0.8212410335900756,44.0,0.6666666666666666,1
20261005T183107Z,alpaca_live_path_harvest,46,NVDA,AMZN,semis_hyperscaler,4.6881482606533735,1.9585781538338787,1.5691897078941341,0.5844656046303868,0.3893884459397446,1.3607786167670497,45.0,0.6666666666666666,1
20261005T183107Z,alpaca_live_path_harvest,47,NVDA,AMZN,semis_hyperscaler,4.688172013713422,1.420494726098628,1.5691897078941341,0.5922018089375493,-0.1486949817955061,0.2347408400708389,46.0,0.6666666666666666,1
20261005T183107Z,alpaca_live_path_harvest,48,NVDA,AMZN,semis_hyperscaler,4.649144031978968,1.237221591499682,1.5691897078941341,0.5933565254398915,-0.3319681163944522,-0.10237715741160969,47.0,0.6666666666666666,1
20261005T183107Z,alpaca_live_path_harvest,49,NVDA,AMZN,semis_hyperscaler,4.264141839880269,1.384179074275351,1.5691897078941341,0.5963257952844451,-0.18501063361878312,-1.0324272250631226,48.0,0.6666666666666666,1
20261005T183107Z,alpaca_live_path_harvest,50,NVDA,AMZN,semis_hyperscaler,4.346636231493802,0.6933862179820268,1.5691897078941341,0.5916130984166016,-0.8758034899121073,-1.1407133888846601,49.0,0.6666666666666666,1
20261005T183107Z,alpaca_live_path_harvest,51,NVDA,AMZN,semis_hyperscaler,4.448504225486165,2.0674450455401296,1.5691897078941341,0.5863930516965499,0.49825533764599556,0.07424054083847409,50.0,0.6666666666666666,0
20261005T183107Z,alpaca_live_path_harvest,52,NVDA,AMZN,semis_hyperscaler,3.0293129311962455,0.0,2.1158625560894335,0.6746795165271108,-2.1158625560894335,-1.561947079127981,0.0,0.13333333333333333,1
20261005T183107Z,alpaca_live_path_harvest,53,NVDA,AMZN,semis_hyperscaler,3.071049286631782,2.581118677394408,2.1158625560894335,0.6727357548408955,0.4652561213049746,-0.2821916071559656,1.0,0.13333333333333333,1
20261005T183107Z,alpaca_live_path_harvest,54,NVDA,AMZN,semis_hyperscaler,3.0356220824215385,2.1789452515042296,2.1158625560894335,0.6727601736632649,0.06308269541479614,0.35584923063719887,2.0,0.13333333333333333,1
20261005T183107Z,alpaca_live_path_harvest,55,NVDA,AMZN,semis_hyperscaler,3.0384389977162365,2.3391505099303354,2.1158625560894335,0.672224998423263,0.22328795384090205,0.08288210769773627,3.0,0.13333333333333333,1
20261005T183107Z,alpaca_live_path_harvest,56,NVDA,AMZN,semis_hyperscaler,3.089385124477537,3.1042189314233255,2.1158625560894335,0.6727844505939278,0.9883563753338919,1.015937655374853,4.0,0.13333333333333333,0
20261005T183107Z,alpaca_live_path_harvest,57,NVDA,AMZN,semis_hyperscaler,3.097232069457025,1.8566575727012902,2.1158625560894335,0.6817416479497447,-0.2592049833881434,1.3341790863823633,5.0,0.13333333333333333,1
20261005T183107Z,alpaca_live_path_harvest,58,NVDA,AMZN,semis_hyperscaler,3.088855513066213,3.0645775195973237,2.1158625560894335,0.6735004913652236,0.9487149635078902,0.37991807182370396,6.0,0.13333333333333333,0
20261005T183107Z,alpaca_live_path_harvest,59,NVDA,AMZN,semis_hyperscaler,3.0347802696727375,2.8585391191996807,2.1158625560894335,0.6722942898469293,0.742676563110247,0.5508899314676683,7.0,0.13333333333333333,0
20261005T183107Z,alpaca_live_path_harvest,60,NVDA,AMZN,semis_hyperscaler,3.0318109162517515,1.2937027190009238,2.1158625560894335,0.6662670870215425,-0.8221598370885098,-0.7188639668876646,8.0,0.13333333333333333,1
20261005T183107Z,alpaca_live_path_harvest,61,NVDA,AMZN,semis_hyperscaler,2.894063147643294,1.7997467491292625,2.1158625560894335,0.6697919093277174,-0.316115806960171,-0.9252649214981432,9.0,0.13333333333333333,0
20261005T183107Z,alpaca_live_path_harvest,62,NVDA,AMZN,semis_hyperscaler,2.930751152541707,1.6204382866710385,2.1158625560894335,0.6675441304022875,-0.49542426941839507,-0.18295358036009474,10.0,0.13333333333333333,0
20261005T183107Z,alpaca_live_path_harvest,63,NVDA,AMZN,semis_hyperscaler,4.095193487504283,0.0,3.1881370480342306,0.6132111037451892,3.1881370480342306,1.6913486271950091,0.0,0.13333333333333333,1
20261005T183107Z,alpaca_live_path_harvest,64,NVDA,AMZN,semis_hyperscaler,4.137399257977292,3.8192680647781168,3.1881370480342306,0.6165632539887452,-0.6311310167438863,0.2490145612839399,1.0,0.13333333333333333,1
20261005T183107Z,alpaca_live_path_harvest,65,NVDA,AMZN,semis_hyperscaler,4.44488244127263,5.081204443621398,3.1881370480342306,0.6034591345313969,-1.893067395587167,-0.9735513468445844,2.0,0.13333333333333333,1
20261005T183107Z,alpaca_live_path_harvest,66,NVDA,AMZN,semis_hyperscaler,4.866577204652288,6.076773672610024,3.1881370480342306,0.5645186374049325,-2.888636624575793,-1.7470720003457187,3.0,0.13333333333333333,0
20261005T183107Z,alpaca_live_path_harvest,67,NVDA,AMZN,semis_hyperscaler,4.9046984349798555,3.986361866537936,3.1881370480342306,0.566368858677257,-0.7982248185037054,-1.0240036770950893,4.0,0.13333333333333333,0
20261005T183107Z,alpaca_live_path_harvest,68,NVDA,AMZN,semis_hyperscaler,4.923446145248765,3.7194156499833113,3.1881370480342306,0.5661591288429009,-0.5312786019490809,-2.654898902548024,5.0,0.13333333333333333,1
20261005T183107Z,alpaca_live_path_harvest,69,NVDA,AMZN,semis_hyperscaler,4.940441641678311,3.8089759653419075,3.1881370480342306,0.5655619495267049,-0.620838917307677,-0.16685211579939505,6.0,0.13333333333333333,0
20261005T183107Z,alpaca_live_path_harvest,70,NVDA,AMZN,semis_hyperscaler,5.6770785242460065,0.5249716049938402,3.1881370480342306,0.5315146133441783,2.6631654430403904,3.3585477912605257,7.0,0.13333333333333333,1
20261005T183107Z,alpaca_live_path_harvest,71,NVDA,AMZN,semis_hyperscaler,5.997432851888623,1.429741768445536,3.1881370480342306,0.5333789349525874,1.7583952795886946,3.6105569946206457,8.0,0.13333333333333333,1
20261005T183107Z,alpaca_live_path_harvest,72,NVDA,AMZN,semis_hyperscaler,5.988163462186892,2.48300825083101,3.1881370480342306,0.5320223395502368,0.7051287972032207,1.2176649977258704,9.0,0.13333333333333333,0
20261005T183107Z,alpaca_live_path_harvest,73,NVDA,AMZN,semis_hyperscaler,6.253164745420822,1.5200420346792605,3.1881370480342306,0.5214347161888642,1.6680950133549701,1.9343004120123453,10.0,0.13333333333333333,0
20261005T183107Z,alpaca_live_path_harvest,74,NVDA,AMZN,semis_hyperscaler,6.796726853840677,0.0,2.532795126738941,0.4951724532087238,2.532795126738941,1.0960036981410952,0.0,0.13333333333333333,1
20261005T183107Z,alpaca_live_path_harvest,75,NVDA,AMZN,semis_hyperscaler,7.236603932601884,4.133165503388342,2.532795126738941,0.48275382086122665,-1.6003703766494008,-2.0649897457703674,1.0,0.13333333333333333,0
20261005T183107Z,alpaca_live_path_harvest,76,NVDA,AMZN,semis_hyperscaler,6.821481404989205,3.2360782957070913,2.532795126738941,0.48068367115862365,-0.7032831689681506,-2.091438138557527,2.0,0.13333333333333333,1
20261005T183107Z,alpaca_live_path_harvest,77,NVDA,AMZN,semis_hyperscaler,6.814306644900187,1.9951748657440571,2.532795126738941,0.4825207317983728,0.5376202609948837,-0.23406265579192223,3.0,0.13333333333333333,1
20261005T183107Z,alpaca_live_path_harvest,78,NVDA,AMZN,semis_hyperscaler,6.560276836232661,2.9330518966330166,2.532795126738941,0.4824095125261184,-0.4002567698940759,-0.674443610787199,4.0,0.13333333333333333,1
20261005T183107Z,alpaca_live_path_harvest,79,NVDA,AMZN,semis_hyperscaler,6.069383122279538,3.8793589600656047,2.532795126738941,0.47503697598206956,-1.346563833326664,-3.8486678314533607,5.0,0.13333333333333333,1
20261005T183107Z,alpaca_live_path_harvest,80,NVDA,AMZN,semis_hyperscaler,6.006487087108533,2.9744651995825255,2.532795126738941,0.47415221030813337,-0.4416700728435846,1.1032380324914413,6.0,0.13333333333333333,1
20261005T183107Z,alpaca_live_path_harvest,81,NVDA,AMZN,semis_hyperscaler,5.918143463317624,2.4539301157785336,2.532795126738941,0.49235664160534387,0.07886501096040718,0.73665982874208,7.0,0.13333333333333333,1
20261005T183107Z,alpaca_live_path_harvest,82,NVDA,AMZN,semis_hyperscaler,6.260542580086242,3.952616068087395,2.532795126738941,0.48432127524101853,-1.4198209413484546,-2.068177952545932,8.0,0.13333333333333333,0
20261005T183107Z,alpaca_live_path_harvest,83,NVDA,AMZN,semis_hyperscaler,5.7487708361228504,2.4654781437955755,2.532795126738941,0.491042584852728,0.06731698294336526,0.3918060287650974,9.0,0.13333333333333333,1
20261005T183107Z,alpaca_live_path_harvest,84,NVDA,AMZN,semis_hyperscaler,5.476610127236484,2.5650164477641466,2.532795126738941,0.5154204230017487,-0.0322213210252058,1.2928128986237255,10.0,0.13333333333333333,0
20261005T183107Z,alpaca_live_path_harvest,85,NVDA,AMZN,semis_hyperscaler,7.629629701173854,0.0,3.3649599414710742,0.4560911394341431,3.3649599414710742,4.573346506283554,0.0,0.13333333333333333,1
20261005T183107Z,alpaca_live_path_harvest,86,NVDA,AMZN,semis_hyperscaler,7.468876564956567,3.0116033303917664,3.3649599414710742,0.4585038399632261,0.3533566110793076,0.4292828840433117,1.0,0.13333333333333333,1
20261005T183107Z,alpaca_live_path_harvest,87,NVDA,AMZN,semis_hyperscaler,7.458456288494449,3.773670218944607,3.3649599414710742,0.4595264177291582,-0.4087102774735326,1.0505009799662617,2.0,0.13333333333333333,1
20261005T183107Z,alpaca_live_path_harvest,88,NVDA,AMZN,semis_hyperscaler,7.454085012427132,3.294043588373122,3.3649599414710742,0.4693977924147728,0.0709163530979523,0.13753609882091383,3.0,0.13333333333333333,1
20261005T183107Z,alpaca_live_path_harvest,89,NVDA,AMZN,semis_hyperscaler,6.892994081752765,4.553431694999002,3.3649599414710742,0.4652317386496872,-1.1884717535279277,-1.270197431779667,4.0,0.13333333333333333,0
20261005T183107Z,alpaca_live_path_harvest,90,NVDA,AMZN,semis_hyperscaler,6.724832585822042,2.7259605245548486,3.3649599414710742,0.46394642518105905,0.6389994169162256,-3.2585360376427843,5.0,0.13333333333333333,1
20261005T183107Z,alpaca_live_path_harvest,91,NVDA,AMZN,semis_hyperscaler,6.659698809583215,3.363417621748098,3.3649599414710742,0.46970443614643137,0.0015423197229762142,-0.3924470864371642,6.0,0.13333333333333333,1
20261005T183107Z,alpaca_live_path_harvest,92,NVDA,AMZN,semis_hyperscaler,6.653214321710351,3.840276311900987,3.3649599414710742,0.47048515864490736,-0.475316370429913,-0.04867798078559531,7.0,0.13333333333333333,0
20261005T183107Z,alpaca_live_path_harvest,93,NVDA,AMZN,semis_hyperscaler,6.6468562109082985,3.166305361707697,3.3649599414710742,0.4704477802593259,0.1986545797633774,0.16439643347466698,8.0,0.13333333333333333,1
20261005T183107Z,alpaca_live_path_harvest,94,NVDA,AMZN,semis_hyperscaler,6.379603663969574,2.986847902256531,3.3649599414710742,0.4937139880141244,0.3781120392145435,1.9131259785358452,9.0,0.13333333333333333,1
20261005T183107Z,alpaca_live_path_harvest,95,NVDA,AMZN,semis_hyperscaler,6.324168124968963,3.2972129433538893,3.3649599414710742,0.5045362215312599,0.0677469981171849,-0.6938654581476044,10.0,0.13333333333333333,0
20261005T183107Z,alpaca_live_path_harvest,1,AMZN,MSFT,mag7,2.0989711083420213,0.0,1.9010193192605118,0.6181996500277249,1.9010193192605118,1.2833180224495038,0.0,0.6666666666666666,1
20261005T183107Z,alpaca_live_path_harvest,2,AMZN,MSFT,mag7,2.307279028155773,0.5141089918784079,1.9010193192605118,0.6081312813905285,1.386910327382104,1.0342286813442967,1.0,0.6666666666666666,1
20261005T183107Z,alpaca_live_path_harvest,3,AMZN,MSFT,mag7,2.318060597141555,2.4531306335735827,1.9010193192605118,0.6318381293486445,-0.552111314313071,-0.4350980060358779,2.0,0.6666666666666666,1
20261005T183107Z,alpaca_live_path_harvest,4,AMZN,MSFT,mag7,2.8002039945178168,-0.028448703674298192,1.9010193192605118,0.6093210351411142,1.92946802293481,1.4620552273216503,3.0,0.6666666666666666,1
20261005T183107Z,alpaca_live_path_harvest,5,AMZN,MSFT,mag7,2.7192671002789783,1.8361039037662612,1.9010193192605118,0.657805324193756,0.06491541549425066,-0.051840695285119406,4.0,0.6666666666666666,1
20261005T183107Z,alpaca_live_path_harvest,6,AMZN,MSFT,mag7,2.7454524702931122,1.9832812197337863,1.9010193192605118,0.6743182832926907,-0.08226190047327449,-1.288950838964513,5.0,0.6666666666666666,1
20261005T183107Z,alpaca_live_path_harvest,7,AMZN,MSFT,mag7,2.761896119433411,2.174749672498261,1.9010193192605118,0.6782634179836194,-0.2737303532377493,-1.112028742790659,6.0,0.6666666666666666,1
20261005T183107Z,alpaca_live_path_harvest,8,AMZN,MSFT,mag7,2.794528599237655,2.133239065871316,1.9010193192605118,0.6841168839007196,-0.23221974661080402,0.35480965117966434,7.0,0.6666666666666666,1
20261005T183107Z,alpaca_live_path_harvest,9,AMZN,MSFT,mag7,2.7931408950653025,1.2629311684223956,1.9010193192605118,0.685138928098115,0.6380881508381161,-0.9152907049289467,8.0,0.6666666666666666,1
20261005T183107Z,alpaca_live_path_harvest,10,AMZN,MSFT,mag7,2.803941209240986,2.332841420444236,1.9010193192605118,0.6870988922664357,-0.4318221011837243,-0.2319540531784355,9.0,0.6666666666666666,1
20261005T183107Z,alpaca_live_path_harvest,11,AMZN,MSFT,mag7,3.3000602601295745,3.630803753091389,1.9010193192605118,0.6534680404516173,-1.7297844338308772,-1.1058301340082266,10.0,0.6666666666666666,0
20261005T183107Z,alpaca_live_path_harvest,12,AMZN,MSFT,mag7,3.4896864716403564,0.5226259980209707,1.9010193192605118,0.6405816785880253,1.3783933212395412,1.2275146088136466,11.0,0.6666666666666666,1
20261005T183107Z,alpaca_live_path_harvest,13,AMZN,MSFT,mag7,3.514143587790635,2.239316574316187,1.9010193192605118,0.6386731682837687,-0.33829725505567515,-0.07816774322632795,12.0,0.6666666666666666,1
20261005T183107Z,alpaca_live_path_harvest,14,AMZN,MSFT,mag7,3.674647680490164,2.8863184230653736,1.9010193192605118,0.6315164402270727,-0.9852991038048617,-1.1646356173388654,13.0,0.6666666666666666,0
20261005T183107Z,alpaca_live_path_harvest,15,AMZN,MSFT,mag7,3.833067375387303,2.885988342753138,1.9010193192605118,0.6236571014105525,-0.9849690234926264,-0.4879151432858862,14.0,0.6666666666666666,0
20261005T183107Z,alpaca_live_path_harvest,16,AMZN,MSFT,mag7,3.497455760955274,1.706311671026206,1.9010193192605118,0.6237839984093506,0.19470764823430586,1.2966335120273187,15.0,0.6666666666666666,1
20261005T183107Z,alpaca_live_path_harvest,17,AMZN,MSFT,mag7,3.3199318380004272,2.658262322662289,1.9010193192605118,0.6194471009508757,-0.7572430034017771,-1.5676099264792185,16.0,0.6666666666666666,0
20261005T183107Z,alpaca_live_path_harvest,18,AMZN,MSFT,mag7,6.763173964500826,-2.6226399316844002,1.9010193192605118,0.4758616111408897,4.523659250944912,4.725137914976886,17.0,0.6666666666666666,0
20261005T183107Z,alpaca_live_path_harvest,19,AMZN,MSFT,mag7,7.137792067612299,0.0,1.6394482176913299,0.46297092640237314,-1.6394482176913299,-1.0332991942139471,0.0,2.0,1
20261005T183107Z,alpaca_live_path_harvest,20,AMZN,MSFT,mag7,7.1268908796855515,1.6141744368537316,1.6394482176913299,0.46470584100909734,-0.025273780837598164,-4.4104573843543395,1.0,2.0,1
20261005T183107Z,alpaca_live_path_harvest,21,AMZN,MSFT,mag7,8.450726428872576,-1.3788184213581653,1.6394482176913299,0.42924409622195425,-3.018266639049495,-3.1950269957907325,2.0,2.0,1
20261005T183107Z,alpaca_live_path_harvest,22,AMZN,MSFT,mag7,8.722604175698951,0.12834917011889102,1.6394482176913299,0.4212847039405815,-1.5110990475724388,-3.0794294543684204,3.0,2.0,1
20261005T183107Z,alpaca_live_path_harvest,23,AMZN,MSFT,mag7,8.620380927394752,1.3102135278001434,1.6394482176913299,0.4211208637888586,-0.32923468989118637,-0.8260728901671882,4.0,2.0,1
20261005T183107Z,alpaca_live_path_harvest,24,AMZN,MSFT,mag7,8.491383499257395,1.8737361270327382,1.6394482176913299,0.4206917612712107,0.2342879093414082,1.818878802870222,5.0,2.0,1
20261005T183107Z,alpaca_live_path_harvest,25,AMZN,MSFT,mag7,8.52723962748719,0.9648723517886078,1.6394482176913299,0.41957753392588726,-0.6745758659027221,-0.8886110434288185,6.0,2.0,1
20261005T183107Z,alpaca_live_path_harvest,26,AMZN,MSFT,mag7,8.502700757920454,1.500930146924827,1.6394482176913299,0.42081753246801695,-0.1385180707665028,3.1965053039556834,7.0,2.0,1
20261005T183107Z,alpaca_live_path_harvest,27,AMZN,MSFT,mag7,8.562469040868658,2.3613152111563718,1.6394482176913299,0.41804875732273145,0.7218669934650417,2.5714039246073583,8.0,2.0,1
20261005T183107Z,alpaca_live_path_harvest,28,AMZN,MSFT,mag7,8.573478128009794,1.9002597536026755,1.6394482176913299,0.420750201166908,0.2608115359113457,0.7046504683031799,9.0,2.0,1
20261005T183107Z,alpaca_live_path_harvest,29,AMZN,MSFT,mag7,8.548721316624748,1.607584119327498,1.6394482176913299,0.4243883650644795,-0.03186409836383177,-0.2722898175515297,10.0,2.0,1
20261005T183107Z,alpaca_live_path_harvest,30,AMZN,MSFT,mag7,6.069140445583642,2.540975916251162,1.6394482176913299,0.4205824776995859,0.9015276985598321,1.8458364208985187,11.0,2.0,1
20261005T183107Z,alpaca_live_path_harvest,31,AMZN,MSFT,mag7,6.107084938523066,1.8469587176793048,1.6394482176913299,0.42149637675102314,0.207510499987975,0.4415598241007331,12.0,2.0,1
20261005T183107Z,alpaca_live_path_harvest,32,AMZN,MSFT,mag7,5.7373159472627,1.6857789086518997,1.6394482176913299,0.42295919462597653,0.04633069096056988,-0.7365421800289255,13.0,2.0,1
20261005T183107Z,alpaca_live_path_harvest,33,AMZN,MSFT,mag7,5.688374558208617,0.8330389427075664,1.6394482176913299,0.42062602881437394,-0.8064092749837635,-1.217669772210337,14.0,2.0,1
20261005T183107Z,alpaca_live_path_harvest,34,AMZN,MSFT,mag7,5.487412053569454,0.9655629439839377,1.6394482176913299,0.4197647016608518,-0.6738852737073922,-0.7578354078324878,15.0,2.0,1
20261005T183107Z,alpaca_live_path_harvest,35,AMZN,MSFT,mag7,5.845179971931755,2.6784997860614146,1.6394482176913299,0.49393409152746715,1.0390515683700847,0.18536839538175515,16.0,2.0,1
20261005T183107Z,alpaca_live_path_harvest,36,AMZN,MSFT,mag7,4.184054428426042,0.7425828755430038,1.6394482176913299,0.49035631301528526,-0.896865342148326,-1.324267175964144,17.0,2.0,1
20261005T183107Z,alpaca_live_path_harvest,37,AMZN,MSFT,mag7,3.606727580665336,1.1607953500134944,1.6394482176913299,0.5040901233066986,-0.47865286767783544,-0.6685016572332245,18.0,2.0,1
20261005T183107Z,alpaca_live_path_harvest,38,AMZN,MSFT,mag7,4.02223216287633,2.824763567282253,1.6394482176913299,0.4910047816080647,1.185315349590923,2.324961961400794,19.0,2.0,1
20261005T183107Z,alpaca_live_path_harvest,39,AMZN,MSFT,mag7,4.041263753752903,1.424301381421155,1.6394482176913299,0.500084982676726,-0.21514683627017497,0.49089860114651174,20.0,2.0,1
20261005T183107Z,alpaca_live_path_harvest,40,AMZN,MSFT,mag7,4.152414852932723,0.8028084302930858,1.6394482176913299,0.49739011680406453,-0.8366397873982441,-2.3004954244613884,21.0,2.0,1
20261005T183107Z,alpaca_live_path_harvest,41,AMZN,MSFT,mag7,4.146368558916344,1.6402263069634277,1.6394482176913299,0.5673823668301169,0.0007780892720979144,0.9726097589457481,22.0,2.0,1
20261005T183107Z,alpaca_live_path_harvest,42,AMZN,MSFT,mag7,4.0430012490536456,2.079478235213453,1.6394482176913299,0.5935327501707333,0.44003001752212345,1.0212585817004196,23.0,2.0,1
20261005T183107Z,alpaca_live_path_harvest,43,AMZN,MSFT,mag7,4.041843692472259,1.426359290625356,1.6394482176913299,0.5940734483732099,-0.21308892706597385,-1.7448018676056336,24.0,2.0,1
20261005T183107Z,alpaca_live_path_harvest,44,AMZN,MSFT,mag7,4.069017969795428,1.369980459274498,1.6394482176913299,0.593287995755754,-0.2694677584168318,-0.11387870646080955,25.0,2.0,1
20261005T183107Z,alpaca_live_path_harvest,45,AMZN,MSFT,mag7,3.7820885901809143,1.8701079547762423,1.6394482176913299,0.5995083765514942,0.23065973708491244,1.242303056372009,26.0,2.0,1
20261005T183107Z,alpaca_live_path_harvest,46,AMZN,MSFT,mag7,3.7811668939930163,1.9335871763728547,1.6394482176913299,0.5992589858355802,0.29413895868152484,0.3466091250040847,27.0,2.0,1
20261005T183107Z,alpaca_live_path_harvest,47,AMZN,MSFT,mag7,3.9007109035964245,2.2330866862979195,1.6394482176913299,0.602418133270893,0.5936384686065895,0.19625080628695174,28.0,2.0,1
20261005T183107Z,alpaca_live_path_harvest,48,AMZN,MSFT,mag7,3.753577359173781,1.3710455725427466,1.6394482176913299,0.6019523870291651,-0.2684026451485832,-0.023477588500946923,29.0,2.0,1
20261005T183107Z,alpaca_live_path_harvest,49,AMZN,MSFT,mag7,3.614487004173024,1.6899070240545129,1.6394482176913299,0.6019537918056994,0.05045880636318299,0.3941057746029344,30.0,2.0,1
20261005T183107Z,alpaca_live_path_harvest,50,AMZN,MSFT,mag7,3.1759939100755954,1.671151710713159,1.6394482176913299,0.61748957487206,0.03170349302182921,-0.22002099991223645,31.0,2.0,1
20261005T183107Z,alpaca_live_path_harvest,51,AMZN,MSFT,mag7,3.0407246433553325,2.3135794698642034,1.6394482176913299,0.6102905628381201,0.6741312521728734,0.4909918013616618,32.0,2.0,1
20261005T183107Z,alpaca_live_path_harvest,52,AMZN,MSFT,mag7,2.9592497759467404,2.0372781798190407,1.6394482176913299,0.6073955436568903,0.397829962127711,-0.1775323210596696,33.0,2.0,1
20261005T183107Z,alpaca_live_path_harvest,53,AMZN,MSFT,mag7,2.6482455759497303,2.450914582542525,1.6394482176913299,0.6071949825039141,0.8114663648511952,1.3234866720925993,34.0,2.0,1
20261005T183107Z,alpaca_live_path_harvest,54,AMZN,MSFT,mag7,2.6565291652646312,1.3380549818806553,1.6394482176913299,0.614663697524509,-0.3013932358106746,-0.3123824181488999,35.0,2.0,1
20261005T183107Z,alpaca_live_path_harvest,55,AMZN,MSFT,mag7,2.435498203033268,0.9564248031740535,1.6394482176913299,0.6266105889634984,-0.6830234145172763,-0.6986331022749994,36.0,2.0,1
20261005T183107Z,alpaca_live_path_harvest,56,AMZN,MSFT,mag7,2.4268205668223835,1.744598099043837,1.6394482176913299,0.6445612398069481,0.10514988135250716,-0.7553516079078293,37.0,2.0,1
20261005T183107Z,alpaca_live_path_harvest,57,AMZN,MSFT,mag7,2.3816164632898635,1.925706422200083,1.6394482176913299,0.6515325836776057,0.2862582045087531,-0.33717939567696364,38.0,2.0,1
20261005T183107Z,alpaca_live_path_harvest,58,AMZN,MSFT,mag7,2.3461234223473966,2.2615043377664934,1.6394482176913299,0.6850867125884927,0.6220561200751638,-0.5479548473977445,39.0,2.0,1
20261005T183107Z,alpaca_live_path_harvest,59,AMZN,MSFT,mag7,2.523703116777687,0.8899609784550034,1.6394482176913299,0.6743451731828028,-0.7494872392363264,-0.42894080579686716,40.0,2.0,1
20261005T183107Z,alpaca_live_path_harvest,60,AMZN,MSFT,mag7,2.6053643865299305,2.458273009083224,1.6394482176913299,0.6943023268777122,0.8188247913918945,1.3373201223820275,41.0,2.0,1
20261005T183107Z,alpaca_live_path_harvest,61,AMZN,MSFT,mag7,2.599766247891923,1.8727988776522926,1.6394482176913299,0.6950487401132336,0.23335065996096271,0.15401683403092079,42.0,2.0,1
20261005T183107Z,alpaca_live_path_harvest,62,AMZN,MSFT,mag7,2.8775167763801965,3.3799876595466594,1.6394482176913299,0.6720176587129981,1.7405394418553295,1.0690900140892097,43.0,2.0,1
20261005T183107Z,alpaca_live_path_harvest,63,AMZN,MSFT,mag7,4.061985358115028,4.787489662443246,1.6394482176913299,0.5976624851827101,3.148041444751916,2.073075821638213,44.0,2.0,0
20261005T183107Z,alpaca_live_path_harvest,64,AMZN,MSFT,mag7,4.148456269390386,2.9246045955080895,1.6394482176913299,0.595967404951692,1.2851563778167596,1.8940744214935763,45.0,2.0,1
20261005T183107Z,alpaca_live_path_harvest,65,AMZN,MSFT,mag7,4.8349911997882895,-0.44755119366541707,1.6394482176913299,0.5620576359938135,-2.086999411356747,-2.131987639847307,46.0,2.0,1
20261005T183107Z,alpaca_live_path_harvest,66,AMZN,MSFT,mag7,4.81989825022787,2.2400959972301435,1.6394482176913299,0.5609337159105147,0.6006477795388137,0.49041787432225303,47.0,2.0,1
20261005T183107Z,alpaca_live_path_harvest,67,AMZN,MSFT,mag7,6.06332822141719,-1.2738343333501996,1.6394482176913299,0.5081420306072553,-2.9132825510415294,-3.7301070962898506,48.0,2.0,1
20261005T183107Z,alpaca_live_path_harvest,68,AMZN,MSFT,mag7,6.083255427266357,0.583381390129825,1.6394482176913299,0.5032980290042358,-1.0560668275615048,-3.4068903798186625,49.0,2.0,1
20261005T183107Z,alpaca_live_path_harvest,69,AMZN,MSFT,mag7,6.077401249146576,1.3154863346640866,1.6394482176913299,0.5026603289442869,-0.3239618830272434,-1.396498683855191,50.0,2.0,1
20261005T183107Z,alpaca_live_path_harvest,70,AMZN,MSFT,mag7,5.992991704973946,1.6463669805610712,1.6394482176913299,0.5027145387481444,0.006918762869741269,1.5421670795905584,51.0,2.0,1
20261005T183107Z,alpaca_live_path_harvest,71,AMZN,MSFT,mag7,6.035505154447233,1.088743281820366,1.6394482176913299,0.5035672728918024,-0.5507049358709639,-1.140241212313441,52.0,2.0,1
20261005T183107Z,alpaca_live_path_harvest,72,AMZN,MSFT,mag7,6.034093724843354,1.6158361774324284,1.6394482176913299,0.5046397004524626,-0.023612040258901606,2.5096161111601645,53.0,2.0,1
20261005T183107Z,alpaca_live_path_harvest,73,AMZN,MSFT,mag7,6.4759897747059165,3.560353947116742,1.6394482176913299,0.4914393416228871,1.9209057294254122,2.7693235862192638,54.0,2.0,1
20261005T183107Z,alpaca_live_path_harvest,74,AMZN,MSFT,mag7,6.389767962029815,2.174618883669804,1.6394482176913299,0.49090215712621055,0.5351706659784744,0.8466041059353131,55.0,2.0,1
20261005T183107Z,alpaca_live_path_harvest,75,AMZN,MSFT,mag7,6.4675286260709015,0.7951578739193472,1.6394482176913299,0.4909009338338223,-0.8442903437719826,-0.7476447968276091,56.0,2.0,1
20261005T183107Z,alpaca_live_path_harvest,76,AMZN,MSFT,mag7,6.598882662642064,0.5837788639104766,1.6394482176913299,0.48604301401151906,-1.0556693537808532,-0.41275537541445145,57.0,2.0,1
20261005T183107Z,alpaca_live_path_harvest,77,AMZN,MSFT,mag7,6.588850291920965,2.7945077615373206,1.6394482176913299,0.48047574440509294,1.1550595438459905,1.188020266455561,58.0,2.0,1
20261005T183107Z,alpaca_live_path_harvest,78,AMZN,MSFT,mag7,6.513262638222822,3.96971754396713,1.6394482176913299,0.45960023903290603,2.3302693262758005,0.5222407882281004,59.0,2.0,0
20261005T183107Z,alpaca_live_path_harvest,79,AMZN,MSFT,mag7,6.336995651525735,1.1890708178424263,1.6394482176913299,0.46218735990708637,-0.4503773998489036,-0.9114508009423616,60.0,2.0,1
20261005T183107Z,alpaca_live_path_harvest,80,AMZN,MSFT,mag7,6.086248873376686,2.2743444496772933,1.6394482176913299,0.4615991409472802,0.6348962319859633,1.4965257976057273,61.0,2.0,1
20261005T183107Z,alpaca_live_path_harvest,81,AMZN,MSFT,mag7,6.065328237310906,1.9725703394855152,1.6394482176913299,0.4613756494516244,0.3331221217941854,1.4082787618862311,62.0,2.0,1
20261005T183107Z,alpaca_live_path_harvest,82,AMZN,MSFT,mag7,4.901714495439773,1.3178780261446117,1.6394482176913299,0.4646906552894458,-0.3215701915467182,-1.3044348392096707,63.0,2.0,1
20261005T183107Z,alpaca_live_path_harvest,83,AMZN,MSFT,mag7,5.384210678963371,-0.284380598087562,1.6394482176913299,0.4745040552049903,-1.9238288157788919,-4.181532450124104,64.0,2.0,1
20261005T183107Z,alpaca_live_path_harvest,84,AMZN,MSFT,mag7,5.436434345792303,2.4161800440448724,1.6394482176913299,0.4764364383181286,0.7767318263535424,1.2618573255461,65.0,2.0,1
20261005T183107Z,alpaca_live_path_harvest,85,AMZN,MSFT,mag7,5.51719930120819,1.0044308822831154,1.6394482176913299,0.4860055821402802,-0.6350173354082145,-1.2709768847912073,66.0,2.0,1
20261005T183107Z,alpaca_live_path_harvest,86,AMZN,MSFT,mag7,5.447630254523615,1.4146164819714797,1.6394482176913299,0.48804676130650254,-0.2248317357198502,-0.59055838685573,67.0,2.0,1
20261005T183107Z,alpaca_live_path_harvest,87,AMZN,MSFT,mag7,5.543509581954945,2.5833794358240207,1.6394482176913299,0.5201325091349686,0.9439312181326908,1.2554232821057667,68.0,2.0,1
20261005T183107Z,alpaca_live_path_harvest,88,AMZN,MSFT,mag7,5.463958781669959,0.30965569228580625,1.6394482176913299,0.514669386351024,-1.3297925254055236,0.5392030775884677,69.0,2.0,1
20261005T183107Z,alpaca_live_path_harvest,89,AMZN,MSFT,mag7,6.254915952742431,-0.5157072162240828,1.6394482176913299,0.48345836126563624,-2.1551554339154126,-3.278738848489809,70.0,2.0,1
20261005T183107Z,alpaca_live_path_harvest,90,AMZN,MSFT,mag7,6.194340342520601,1.4166355959128563,1.6394482176913299,0.483232658107445,-0.22281262177847358,0.3132174161503144,71.0,2.0,1
20261005T183107Z,alpaca_live_path_harvest,91,AMZN,MSFT,mag7,6.1029556731309755,1.237982650548233,1.6394482176913299,0.48362472417563557,-0.40146556714309695,-0.3203871982411897,72.0,2.0,1
20261005T183107Z,alpaca_live_path_harvest,92,AMZN,MSFT,mag7,5.9478860883958795,2.130312428373405,1.6394482176913299,0.48227255318145845,0.4908642106820752,-0.5301124131898518,73.0,2.0,1
20261005T183107Z,alpaca_live_path_harvest,93,AMZN,MSFT,mag7,5.066486363469371,2.2893041030795347,1.6394482176913299,0.49639804319370756,0.6498558853882047,2.0146907669696246,74.0,2.0,1
20261005T183107Z,alpaca_live_path_harvest,94,AMZN,MSFT,mag7,5.079719649724957,1.1841109611129057,1.6394482176913299,0.49730606324780696,-0.4553372565784243,1.8556439988188345,75.0,2.0,1
20261005T183107Z,alpaca_live_path_harvest,95,AMZN,MSFT,mag7,4.920088199489247,1.6068251664866453,1.6394482176913299,0.4999150462016787,-0.03262305120468457,0.19514012519495055,76.0,2.0,1
20261005T183107Z,alpaca_live_path_harvest,96,AMZN,MSFT,mag7,5.420660846222885,3.021449346418749,1.6394482176913299,0.49129973690405226,1.382001128727419,2.063894916178458,77.0,2.0,1
20261005T183107Z,alpaca_live_path_harvest,97,AMZN,MSFT,mag7,5.716499066986585,0.2659886844778625,1.6394482176913299,0.48473709224840633,-1.3734595332134674,-2.1325828718448063,78.0,2.0,1
20261005T183107Z,alpaca_live_path_harvest,98,AMZN,MSFT,mag7,6.98169887106391,-1.1319126315925099,1.6394482176913299,0.4600400918886267,-2.7713608492838397,-4.405798700139064,79.0,2.0,1
20261005T183107Z,alpaca_live_path_harvest,99,AMZN,MSFT,mag7,7.683821392216181,-0.6482846658948718,1.6394482176913299,0.4305617953438418,-2.2877328835862016,-2.82850025169995,80.0,2.0,1
20261005T183107Z,alpaca_live_path_harvest,100,AMZN,MSFT,mag7,8.02283270031188,2.528785178778991,1.6394482176913299,0.4274089931594859,0.889336961087661,1.1297578149473508,81.0,2.0,1
20261005T183107Z,alpaca_live_path_harvest,101,AMZN,MSFT,mag7,8.059761264009133,1.8550795027367248,1.6394482176913299,0.42887722124814226,0.21563128504539497,-1.4555593627768757,82.0,2.0,1
20261005T183107Z,alpaca_live_path_harvest,102,AMZN,MSFT,mag7,7.904706303829934,2.169695562112971,1.6394482176913299,0.42576986169648157,0.5302473444216416,2.1667194610676233,83.0,2.0,1
20261005T183107Z,alpaca_live_path_harvest,103,AMZN,MSFT,mag7,7.847894156913167,1.5732116442934052,1.6394482176913299,0.431762513011927,-0.0662365733979247,3.37621004658497,84.0,2.0,1
20261005T183107Z,alpaca_live_path_harvest,104,AMZN,MSFT,mag7,7.464991769470924,2.023058968588321,1.6394482176913299,0.4358422435943456,0.38361075089699115,3.5976227977380857,85.0,2.0,1
20261005T183107Z,alpaca_live_path_harvest,105,AMZN,MSFT,mag7,7.582823983155555,2.3145932718586204,1.6394482176913299,0.43223276993042137,0.6751450541672904,-0.41677653047493096,86.0,2.0,1
20261005T183107Z,alpaca_live_path_harvest,106,AMZN,MSFT,mag7,7.59747923878995,1.2891552961706758,1.6394482176913299,0.4321326753226671,-0.35029292152065405,-0.8376803473384825,87.0,2.0,1
20261005T183107Z,alpaca_live_path_harvest,107,AMZN,MSFT,mag7,7.848389951609447,2.856482255402388,1.6394482176913299,0.4287660800301222,1.2170340377110582,0.8334193809590034,88.0,2.0,1
20261005T183107Z,alpaca_live_path_harvest,108,AMZN,MSFT,mag7,7.7574524106905915,1.1342586817727267,1.6394482176913299,0.43099066913394674,-0.5051895359186032,-0.4423248126198189,89.0,2.0,1
20261005T183107Z,alpaca_live_path_harvest,109,AMZN,MSFT,mag7,7.787011927161471,1.9062458506323219,1.6394482176913299,0.4444381899578121,0.26679763294099207,-0.02455517130425733,90.0,2.0,1
20261005T183107Z,alpaca_live_path_harvest,110,AMZN,MSFT,mag7,7.871483665754655,2.2045654878496235,1.6394482176913299,0.44214463288289174,0.5651172701582937,-0.06074958117291089,91.0,2.0,1
20261005T183107Z,alpaca_live_path_harvest,111,AMZN,MSFT,mag7,7.455777352422736,1.7124260354211527,1.6394482176913299,0.44232417199165547,0.07297781772982274,0.6935475198705887,92.0,2.0,1
20261005T183107Z,alpaca_live_path_harvest,112,AMZN,MSFT,mag7,7.524437987486722,2.6643298520186565,1.6394482176913299,0.43730639063760757,1.0248816343273266,-0.1424418168204852,93.0,2.0,1
20261005T183107Z,alpaca_live_path_harvest,113,AMZN,MSFT,mag7,5.875252762604783,0.9916742838800495,1.6394482176913299,0.4378234249271641,-0.6477739338112803,-0.16782643443910955,94.0,2.0,1
20261005T183107Z,alpaca_live_path_harvest,114,AMZN,MSFT,mag7,3.8200408049294827,1.1506311150759598,1.6394482176913299,0.4371309976901875,-0.48881710261537,-0.987831279221524,95.0,2.0,1
20261005T183107Z,alpaca_live_path_harvest,115,AMZN,MSFT,mag7,3.7687405123748574,2.4927929211294546,1.6394482176913299,0.432938946592494,0.8533447034381247,0.3491642622988252,96.0,2.0,1
20261005T183107Z,alpaca_live_path_harvest,116,AMZN,MSFT,mag7,3.7704797858898083,1.775010866641193,1.6394482176913299,0.4434083513852547,0.1355626489498631,0.07890399108574683,97.0,2.0,1
20261005T183107Z,alpaca_live_path_harvest,117,AMZN,MSFT,mag7,4.590719222640616,0.24866099832231914,1.6394482176913299,0.43998219511777636,-1.3907872193690107,-3.1922647276575673,98.0,2.0,1
20261005T183107Z,alpaca_live_path_harvest,118,AMZN,MSFT,mag7,5.328710491253944,3.475706774352637,1.6394482176913299,0.4691315528369849,1.8362585566613072,3.0874706383868498,99.0,2.0,0
20261005T183107Z,alpaca_live_path_harvest,119,AMZN,MSFT,mag7,5.570180498310385,0.9232702749586907,1.6394482176913299,0.5244525794298933,-0.7161779427326391,-0.3273864417393099,100.0,2.0,1
20261005T183107Z,alpaca_live_path_harvest,120,AMZN,MSFT,mag7,5.641870181259015,1.1025288960930153,1.6394482176913299,0.5243659729216548,-0.5369193215983146,-1.8706882447320765,101.0,2.0,1
20261005T183107Z,alpaca_live_path_harvest,121,AMZN,MSFT,mag7,5.646552744800802,1.2792444242202547,1.6394482176913299,0.5209202782167538,-0.3602037934710751,-0.7944419445678875,102.0,2.0,1
20261005T183107Z,alpaca_live_path_harvest,122,AMZN,MSFT,mag7,5.3715515508139156,2.296097983285472,1.6394482176913299,0.5206956688782591,0.6566497655941426,2.5311922554860926,103.0,2.0,1
20261005T183107Z,alpaca_live_path_harvest,123,AMZN,MSFT,mag7,5.287350321059612,1.7292334530633489,1.6394482176913299,0.5213734153742797,0.08978523537201902,-2.231686921928582,104.0,2.0,1
20261005T183107Z,alpaca_live_path_harvest,124,AMZN,MSFT,mag7,5.282033245584329,1.9298987856875072,1.6394482176913299,0.5215991141949181,0.29045056799617724,1.2441697683696078,105.0,2.0,1
20261005T183107Z,alpaca_live_path_harvest,125,AMZN,MSFT,mag7,5.239266543338339,2.101734149114704,1.6394482176913299,0.5236025839854029,0.4622859314233741,1.29135928111632,106.0,2.0,1
20261005T183107Z,alpaca_live_path_harvest,126,AMZN,MSFT,mag7,5.28066865038143,1.3346264693339944,1.6394482176913299,0.5245586957045918,-0.30482174835733533,0.13599903280030504,107.0,2.0,1
20261005T183107Z,alpaca_live_path_harvest,127,AMZN,MSFT,mag7,4.952982600115989,1.4246789536710314,1.6394482176913299,0.5377911371379218,-0.21476926402029853,-1.0987946058170621,108.0,2.0,1
20261005T183107Z,alpaca_live_path_harvest,128,AMZN,MSFT,mag7,4.9633478031264495,2.3320955379954946,1.6394482176913299,0.5377906797720687,0.6926473203041649,0.7343784434877307,109.0,2.0,0
20261005T183107Z,alpaca_live_path_harvest,129,AMZN,MSFT,mag7,4.878016137760796,1.7274703483402793,1.6394482176913299,0.5382389463855648,0.08802213064894955,-0.1747024774299689,110.0,2.0,1
20261005T183107Z,alpaca_live_path_harvest,130,AMZN,MSFT,mag7,5.172297102337444,0.2313984692135831,1.6394482176913299,0.5204071117657796,-1.4080497484777468,-2.2362001713046427,111.0,2.0,1
20261005T183107Z,alpaca_live_path_harvest,131,AMZN,MSFT,mag7,5.185109542412358,1.9208031252810502,1.6394482176913299,0.5198433818144794,0.2813549075897203,0.757919385922986,112.0,2.0,1
20261005T183107Z,alpaca_live_path_harvest,132,AMZN,MSFT,mag7,4.674410899199317,1.2554111257549396,1.6394482176913299,0.5328019960422827,-0.3840370919363902,-0.141399604115162,113.0,2.0,1
20261005T183107Z,alpaca_live_path_harvest,133,AMZN,MSFT,mag7,3.4405330883027085,1.7831560142258884,1.6394482176913299,0.5362264649987152,0.1437077965345585,-0.6857379903111394,114.0,2.0,1
20261005T183107Z,alpaca_live_path_harvest,134,AMZN,MSFT,mag7,3.314021641619712,1.9880813703340332,1.6394482176913299,0.5376400879510762,0.3486331526427033,0.257267535036749,115.0,2.0,0
20261005T183107Z,alpaca_live_path_harvest,135,AMZN,MSFT,mag7,3.491997711766779,0.7379955312880551,1.6394482176913299,0.5389571643379841,-0.9014526864032748,0.5589421322863644,116.0,2.0,1
20261005T183107Z,alpaca_live_path_harvest,136,AMZN,MSFT,mag7,3.447470023071211,1.458658869210907,1.6394482176913299,0.5396100600726319,-0.18078934848042294,-0.658359992568478,117.0,2.0,0
20261005T183107Z,alpaca_live_path_harvest,137,AMZN,MSFT,mag7,3.4559317779726215,0.8418454356897328,1.6394482176913299,0.5550708017052042,-0.7976027820015971,-0.5317865212968911,118.0,2.0,1
20261005T183107Z,alpaca_live_path_harvest,138,AMZN,MSFT,mag7,3.483229254660408,1.038147056135324,1.6394482176913299,0.6176502974777168,-0.6013011615560058,-0.7585316073995955,119.0,2.0,0
20261005T183107Z,alpaca_live_path_harvest,139,AMZN,MSFT,mag7,3.4165754646226274,1.0354222352835967,1.6394482176913299,0.6237116229728887,-0.6040259824077333,-0.8727442442712118,120.0,2.0,0
20261005T183107Z,alpaca_live_path_harvest,140,AMZN,MSFT,mag7,7.083989853036774,-2.6596969365875482,1.6394482176913299,0.4574206890822222,-4.299145154278878,-4.088700326047461,121.0,2.0,0
20261005T183107Z,alpaca_live_path_harvest,1,AMAT,LRCX,semis,4.584088895178657,0.0,1.8853803334464836,0.569265820560645,-1.8853803334464836,-1.308533586180215,0.0,0.6666666666666666,1
20261005T183107Z,alpaca_live_path_harvest,2,AMAT,LRCX,semis,4.537953708539058,2.200186535915448,1.8853803334464836,0.5814389436157105,0.3148062024689643,0.2662996077479193,1.0,0.6666666666666666,1
20261005T183107Z,alpaca_live_path_harvest,3,AMAT,LRCX,semis,4.550813986622093,0.6275707909500683,1.8853803334464836,0.5776605121651525,-1.2578095424964153,-2.1039704278688305,2.0,0.6666666666666666,1
20261005T183107Z,alpaca_live_path_harvest,4,AMAT,LRCX,semis,4.633829378678802,2.2988023982436374,1.8853803334464836,0.5793592835777641,0.41342206479715365,0.3253087367925446,3.0,0.6666666666666666,1
20261005T183107Z,alpaca_live_path_harvest,5,AMAT,LRCX,semis,4.846353858050762,0.39269207854880395,1.8853803334464836,0.5752817774267204,-1.4926882548976796,-1.7022031228068897,4.0,0.6666666666666666,1
20261005T183107Z,alpaca_live_path_harvest,6,AMAT,LRCX,semis,4.684245373924552,1.0075854636970643,1.8853803334464836,0.5857692172349082,-0.8777948697494193,0.8823207047178698,5.0,0.6666666666666666,1
20261005T183107Z,alpaca_live_path_harvest,7,AMAT,LRCX,semis,4.413570290647594,2.6138752196154464,1.8853803334464836,0.5811767654654064,0.7284948861689627,0.37720513506482123,6.0,0.6666666666666666,1
20261005T183107Z,alpaca_live_path_harvest,8,AMAT,LRCX,semis,4.412188949529192,3.1622754363043377,1.8853803334464836,0.5675380651682059,1.2768951028578543,2.4491109296735205,7.0,0.6666666666666666,1
20261005T183107Z,alpaca_live_path_harvest,9,AMAT,LRCX,semis,4.613810684443347,2.934947646154812,1.8853803334464836,0.5592007221042545,1.0495673127083285,0.5487056269748564,8.0,0.6666666666666666,1
20261005T183107Z,alpaca_live_path_harvest,10,AMAT,LRCX,semis,4.814262605252623,3.025267232157772,1.8853803334464836,0.5494421902388433,1.1398868987112885,2.508080062231488,9.0,0.6666666666666666,1
20261005T183107Z,alpaca_live_path_harvest,11,AMAT,LRCX,semis,4.767731590885228,1.95574270943487,1.8853803334464836,0.5526563456256922,0.07036237598838652,0.9164204527340871,10.0,0.6666666666666666,1
20261005T183107Z,alpaca_live_path_harvest,12,AMAT,LRCX,semis,5.191142733970424,0.3957996061853868,1.8853803334464836,0.5629022459363527,-1.4895807272610968,-2.2402576847903903,11.0,0.6666666666666666,1
20261005T183107Z,alpaca_live_path_harvest,13,AMAT,LRCX,semis,5.017277069857173,1.7197849353501142,1.8853803334464836,0.5811695645647061,-0.16559539809636928,-1.5174084120494284,12.0,0.6666666666666666,1
20261005T183107Z,alpaca_live_path_harvest,14,AMAT,LRCX,semis,5.1998708579199615,2.9001481136027643,1.8853803334464836,0.5743930599353874,1.0147677801562804,-0.02748281629098983,13.0,0.6666666666666666,1
20261005T183107Z,alpaca_live_path_harvest,15,AMAT,LRCX,semis,5.617669167622544,3.456551245043706,1.8853803334464836,0.557732218412189,1.5711709115972223,0.5219032598956914,14.0,0.6666666666666666,1
20261005T183107Z,alpaca_live_path_harvest,16,AMAT,LRCX,semis,5.7694332494874425,-0.016282545671694848,1.8853803334464836,0.5341367026579722,-1.9016628791181784,-2.0529318081220937,15.0,0.6666666666666666,1
20261005T183107Z,alpaca_live_path_harvest,17,AMAT,LRCX,semis,6.161799948499397,0.3630011454857367,1.8853803334464836,0.5197743901362221,-1.522379187960747,-0.2015901985687833,16.0,0.6666666666666666,1
20261005T183107Z,alpaca_live_path_harvest,18,AMAT,LRCX,semis,6.044488839182944,2.5637938131597187,1.8853803334464836,0.5228223365783053,0.6784134797132348,0.8165424452574144,17.0,0.6666666666666666,1
20261005T183107Z,alpaca_live_path_harvest,19,AMAT,LRCX,semis,6.282238741353484,0.6879123565150012,1.8853803334464836,0.5150282477385861,-1.1974679769314824,-2.400594640782424,18.0,0.6666666666666666,1
20261005T183107Z,alpaca_live_path_harvest,20,AMAT,LRCX,semis,6.0382597900471815,2.3836881008021478,1.8853803334464836,0.5148991960216973,0.49830776735566423,-1.299429528308633,19.0,0.6666666666666666,1
20261005T183107Z,alpaca_live_path_harvest,21,AMAT,LRCX,semis,5.923026622384456,2.234858300003184,1.8853803334464836,0.5273057054527407,0.3494779665567004,2.1601331364707677,20.0,0.6666666666666666,1
20261005T183107Z,alpaca_live_path_harvest,22,AMAT,LRCX,semis,5.85303001450079,2.2538077430303365,1.8853803334464836,0.5280299214318909,0.36842740958385306,1.8618600962249274,21.0,0.6666666666666666,1
20261005T183107Z,alpaca_live_path_harvest,23,AMAT,LRCX,semis,5.967058179342853,3.5351398701486128,1.8853803334464836,0.5216663420876094,1.6497595367021292,0.9715804539370765,22.0,0.6666666666666666,1
20261005T183107Z,alpaca_live_path_harvest,24,AMAT,LRCX,semis,5.841735187903842,2.3557538040630477,1.8853803334464836,0.5219637837061494,0.47037347061656415,1.797513024940713,23.0,0.6666666666666666,1
20261005T183107Z,alpaca_live_path_harvest,25,AMAT,LRCX,semis,5.838490420037596,0.8122758321322492,1.8853803334464836,0.5243798042658342,-1.0731045013142344,-1.5552484154854596,24.0,0.6666666666666666,1
20261005T183107Z,alpaca_live_path_harvest,26,AMAT,LRCX,semis,6.5385269638285655,3.929410141005878,1.8853803334464836,0.5097990088727152,2.044029807559394,1.9573426361612747,25.0,0.6666666666666666,1
20261005T183107Z,alpaca_live_path_harvest,27,AMAT,LRCX,semis,6.23275661289334,2.4439223997044475,1.8853803334464836,0.5105534194018836,0.5585420662579638,0.3949284809375172,26.0,0.6666666666666666,1
20261005T183107Z,alpaca_live_path_harvest,28,AMAT,LRCX,semis,6.227695670577246,1.794116715127482,1.8853803334464836,0.5161626010756327,-0.09126361831900176,-1.7327707735177114,27.0,0.6666666666666666,1
20261005T183107Z,alpaca_live_path_harvest,29,AMAT,LRCX,semis,6.3192132290897405,0.8869814244716661,1.8853803334464836,0.513236576132421,-0.9983989089748175,-1.527090818824206,28.0,0.6666666666666666,1
20261005T183107Z,alpaca_live_path_harvest,30,AMAT,LRCX,semis,8.079230668986007,5.123205836251056,1.8853803334464836,0.45652305303138424,3.237825502804573,5.3781237318354895,29.0,0.6666666666666666,0
20261005T183107Z,alpaca_live_path_harvest,31,AMAT,LRCX,semis,7.558665701267669,2.5955633045682105,1.8853803334464836,0.4548957336179554,0.7101829711217268,-1.1845668133552523,30.0,0.6666666666666666,1
20261005T183107Z,alpaca_live_path_harvest,32,AMAT,LRCX,semis,7.016151183039914,2.462186683874538,1.8853803334464836,0.4633447376695132,0.5768063504280542,0.2682498230036572,31.0,0.6666666666666666,1
20261005T183107Z,alpaca_live_path_harvest,33,AMAT,LRCX,semis,7.050456207434673,2.6136735559696906,1.8853803334464836,0.46283710212867546,0.7282932225232069,1.2222062881416946,32.0,0.6666666666666666,1
20261005T183107Z,alpaca_live_path_harvest,34,AMAT,LRCX,semis,6.915033509352021,0.8333783985581626,1.8853803334464836,0.45747997563963533,-1.052001934888321,0.016709802942068565,33.0,0.6666666666666666,1
20261005T183107Z,alpaca_live_path_harvest,35,AMAT,LRCX,semis,6.906990742949876,2.1865091688069707,1.8853803334464836,0.4629093503768632,0.3011288353604869,-3.6164749424924025,34.0,0.6666666666666666,1
20261005T183107Z,alpaca_live_path_harvest,36,AMAT,LRCX,semis,6.891426239431594,2.0287524086367563,1.8853803334464836,0.4801036786362185,0.14337207519027276,-0.5891852378393991,35.0,0.6666666666666666,1
20261005T183107Z,alpaca_live_path_harvest,37,AMAT,LRCX,semis,7.045643865598928,3.1862727169683214,1.8853803334464836,0.4895465074551094,1.3008923835218378,1.034136593858409,36.0,0.6666666666666666,0
20261005T183107Z,alpaca_live_path_harvest,38,AMAT,LRCX,semis,7.098058344027517,1.346528605097543,1.8853803334464836,0.485895257598406,-0.5388517283489408,-1.549284306866673,37.0,0.6666666666666666,1
20261005T183107Z,alpaca_live_path_harvest,39,AMAT,LRCX,semis,7.1274839092048,2.6140051905682427,1.8853803334464836,0.4996595669607083,0.728624857121759,2.2722866451145136,38.0,0.6666666666666666,0
20261005T183107Z,alpaca_live_path_harvest,40,AMAT,LRCX,semis,6.654503561292289,2.456585385880868,1.8853803334464836,0.4995257187637069,0.5712050524343847,0.4233221354145712,39.0,0.6666666666666666,0
20261005T183107Z,alpaca_live_path_harvest,41,AMAT,LRCX,semis,6.400306785545761,1.9103079827641822,1.8853803334464836,0.49998051247541925,0.024927649317698728,-0.044752081468016056,40.0,0.6666666666666666,1
20261005T183107Z,alpaca_live_path_harvest,42,AMAT,LRCX,semis,6.578798499238888,1.2490320867272644,1.8853803334464836,0.4954325130666277,-0.6363482467192192,-2.3853021661477785,41.0,0.6666666666666666,1
20261005T183107Z,alpaca_live_path_harvest,43,AMAT,LRCX,semis,6.5029815995711715,2.0150606562948252,1.8853803334464836,0.4994558795804051,0.12968032284834147,0.9442432375960493,42.0,0.6666666666666666,1
20261005T183107Z,alpaca_live_path_harvest,44,AMAT,LRCX,semis,6.022827087763794,2.2469992980513944,1.8853803334464836,0.49944740311809305,0.3616189646049107,-0.38840967132530296,43.0,0.6666666666666666,0
20261005T183107Z,alpaca_live_path_harvest,45,AMAT,LRCX,semis,4.196838440834998,0.8333681826628996,1.8853803334464836,0.5034438209753208,-1.052012150783584,-1.9012396791037758,44.0,0.6666666666666666,1
20261005T183107Z,alpaca_live_path_harvest,46,AMAT,LRCX,semis,4.136380546472336,1.752474533058713,1.8853803334464836,0.5144060698850225,-0.13290580038777047,-0.12583332717752,45.0,0.6666666666666666,1
20261005T183107Z,alpaca_live_path_harvest,47,AMAT,LRCX,semis,4.111622778115286,1.578819267631299,1.8853803334464836,0.5132372544695571,-0.30656106581518455,0.4875333150573624,46.0,0.6666666666666666,1
20261005T183107Z,alpaca_live_path_harvest,48,AMAT,LRCX,semis,3.9769174574155612,1.9457664531117713,1.8853803334464836,0.5150396856451789,0.06038611966528768,-0.08450899586732703,47.0,0.6666666666666666,0
20261005T183107Z,alpaca_live_path_harvest,49,AMAT,LRCX,semis,3.5094595366873476,1.6586536716158435,1.8853803334464836,0.5275289283923401,-0.22672666183063994,-0.7354253615772223,48.0,0.6666666666666666,0
20261005T183107Z,alpaca_live_path_harvest,50,AMAT,LRCX,semis,4.050626334757192,0.6351463414068874,1.8853803334464836,0.6052478919546668,-1.2502339920395962,-0.3223751098134926,49.0,0.6666666666666666,1
20261005T183107Z,alpaca_live_path_harvest,51,AMAT,LRCX,semis,4.267205154614848,1.0117068942894907,1.8853803334464836,0.5993923910523673,-0.8736734391569929,-1.0405228895693655,50.0,0.6666666666666666,0
20261005T183107Z,alpaca_live_path_harvest,52,AMAT,LRCX,semis,4.242061138903055,0.0,1.806579555820013,0.5774240459794345,-1.806579555820013,-1.9838109608104104,0.0,0.13333333333333333,1
20261005T183107Z,alpaca_live_path_harvest,53,AMAT,LRCX,semis,4.542840782724815,0.16843839248517356,1.806579555820013,0.5740716015315203,-1.6381411633348395,-0.7323160693914132,1.0,0.13333333333333333,1
20261005T183107Z,alpaca_live_path_harvest,54,AMAT,LRCX,semis,5.208578169637224,3.831187179553349,1.806579555820013,0.5471388495304177,2.024607623733336,2.5768804782437997,2.0,0.13333333333333333,1
20261005T183107Z,alpaca_live_path_harvest,55,AMAT,LRCX,semis,5.093978698149367,2.2641793028747585,1.806579555820013,0.5453666125016838,0.45759974705474527,1.8259336483298398,3.0,0.13333333333333333,1
20261005T183107Z,alpaca_live_path_harvest,56,AMAT,LRCX,semis,4.8960711528798235,1.1677280438714326,1.806579555820013,0.5508442731030962,-0.6388515119485804,0.3602663557713413,4.0,0.13333333333333333,1
20261005T183107Z,alpaca_live_path_harvest,57,AMAT,LRCX,semis,4.983826610497848,2.239342621029573,1.806579555820013,0.5691207401387576,0.43276306520955976,2.2248773446925725,5.0,0.13333333333333333,1
20261005T183107Z,alpaca_live_path_harvest,58,AMAT,LRCX,semis,5.675477560675716,3.9325495053653308,1.806579555820013,0.5399263230858286,2.125969949545318,3.5798920927764586,6.0,0.13333333333333333,1
20261005T183107Z,alpaca_live_path_harvest,59,AMAT,LRCX,semis,5.645002088586609,1.4920614361165832,1.806579555820013,0.5435978006919137,-0.31451811970342997,-2.1964870281033653,7.0,0.13333333333333333,1
20261005T183107Z,alpaca_live_path_harvest,60,AMAT,LRCX,semis,6.423193523064016,3.9828621027983013,1.806579555820013,0.5212863931572994,2.176282546978288,1.7389280335512354,8.0,0.13333333333333333,0
20261005T183107Z,alpaca_live_path_harvest,61,AMAT,LRCX,semis,6.414879154596406,1.7106212992334309,1.806579555820013,0.5247342260677049,-0.09595825658658225,0.5801278426781777,9.0,0.13333333333333333,1
20261005T183107Z,alpaca_live_path_harvest,62,AMAT,LRCX,semis,6.4138124292739915,1.9247785376079347,1.806579555820013,0.5246594484401098,0.11819898178792175,-0.25970619364032926,10.0,0.13333333333333333,0
20261005T183107Z,alpaca_live_path_harvest,63,AMAT,LRCX,semis,6.894505554204441,0.0,2.0369146281466985,0.5103982875939569,-2.0369146281466985,-4.199093666132171,0.0,0.13333333333333333,1
20261005T183107Z,alpaca_live_path_harvest,64,AMAT,LRCX,semis,7.04484910200121,3.173179783179075,2.0369146281466985,0.5045413085687137,1.1362651550323766,1.4074589890164817,1.0,0.13333333333333333,1
20261005T183107Z,alpaca_live_path_harvest,65,AMAT,LRCX,semis,6.800490018890182,1.8207122344869924,2.0369146281466985,0.5044871638893352,-0.21620239365970628,-2.4178844911335773,2.0,0.13333333333333333,1
20261005T183107Z,alpaca_live_path_harvest,66,AMAT,LRCX,semis,6.7508317129625155,1.3238056516405423,2.0369146281466985,0.5029379089842971,-0.7131089765061562,-0.7396572361787207,3.0,0.13333333333333333,1
20261005T183107Z,alpaca_live_path_harvest,67,AMAT,LRCX,semis,6.230916645550774,2.1049967658330675,2.0369146281466985,0.5032353716398036,0.06808213768636891,-0.14064842421918228,4.0,0.13333333333333333,1
20261005T183107Z,alpaca_live_path_harvest,68,AMAT,LRCX,semis,6.1087120114865385,0.9298025811205817,2.0369146281466985,0.5000194890437537,-1.1071120470261169,0.8934593232427573,5.0,0.13333333333333333,1
20261005T183107Z,alpaca_live_path_harvest,69,AMAT,LRCX,semis,6.702437825083075,-0.3086729290031176,2.0369146281466985,0.4764544082571203,-2.345587557149816,-3.8783565585370865,6.0,0.13333333333333333,1
20261005T183107Z,alpaca_live_path_harvest,70,AMAT,LRCX,semis,6.673720752090662,1.7449627608169527,2.0369146281466985,0.480856173606276,-0.2919518673297459,-0.24079219359455237,7.0,0.13333333333333333,1
20261005T183107Z,alpaca_live_path_harvest,71,AMAT,LRCX,semis,7.709120390953407,4.513545064722395,2.0369146281466985,0.45399775864723785,2.476630436575696,3.6730739818992446,8.0,0.13333333333333333,0
20261005T183107Z,alpaca_live_path_harvest,72,AMAT,LRCX,semis,7.816339528672335,2.995768824024455,2.0369146281466985,0.4609954602464529,0.9588541958777561,1.1026349691864994,9.0,0.13333333333333333,0
20261005T183107Z,alpaca_live_path_harvest,73,AMAT,LRCX,semis,7.332785315803205,1.749740237074049,2.0369146281466985,0.46841091770923243,-0.2871743910726497,0.8173532080115706,10.0,0.13333333333333333,0
20261005T183107Z,alpaca_live_path_harvest,74,AMAT,LRCX,semis,8.254042015841907,0.0,2.6199795928874785,0.44452860484476614,2.6199795928874785,0.6231487397967499,0.0,0.13333333333333333,1
20261005T183107Z,alpaca_live_path_harvest,75,AMAT,LRCX,semis,8.848446177507292,4.440219218032045,2.6199795928874785,0.4276513735093861,-1.8202396251445663,-3.586292315999299,1.0,0.13333333333333333,0
20261005T183107Z,alpaca_live_path_harvest,76,AMAT,LRCX,semis,8.438133807606187,2.555319502886166,2.6199795928874785,0.4379407345465972,0.06466009000131274,0.46239412665125884,2.0,0.13333333333333333,1
20261005T183107Z,alpaca_live_path_harvest,77,AMAT,LRCX,semis,8.467589028726206,3.6510359816853253,2.6199795928874785,0.43312051825514036,-1.0310563887978466,-0.8155622132150938,3.0,0.13333333333333333,1
20261005T183107Z,alpaca_live_path_harvest,78,AMAT,LRCX,semis,9.052116932909225,4.403584378095022,2.6199795928874785,0.43212058659311486,-1.7836047852075436,-2.51671724838551,4.0,0.13333333333333333,0
20261005T183107Z,alpaca_live_path_harvest,79,AMAT,LRCX,semis,9.052967691878404,2.4078788729710325,2.6199795928874785,0.4318388289950034,0.21210071991644613,-3.394165840630342,5.0,0.13333333333333333,1
20261005T183107Z,alpaca_live_path_harvest,80,AMAT,LRCX,semis,9.044789920760069,2.6284953636931188,2.6199795928874785,0.4323208404631869,-0.008515770805640432,2.2924251395039503,6.0,0.13333333333333333,1
20261005T183107Z,alpaca_live_path_harvest,81,AMAT,LRCX,semis,8.960609057005763,2.6656253005142316,2.6199795928874785,0.4404108680746935,-0.04564570762675311,-0.34388840880725413,7.0,0.13333333333333333,0
20261005T183107Z,alpaca_live_path_harvest,82,AMAT,LRCX,semis,8.324492631328171,2.04259959022189,2.6199795928874785,0.4434081810803293,0.5773800026655886,2.1043950794417468,8.0,0.13333333333333333,1
20261005T183107Z,alpaca_live_path_harvest,83,AMAT,LRCX,semis,8.30195777395275,2.43247671508419,2.6199795928874785,0.4430774165070301,0.18750287780328836,2.7717641653965757,9.0,0.13333333333333333,0
20261005T183107Z,alpaca_live_path_harvest,84,AMAT,LRCX,semis,7.794293665898445,1.1704889499315505,2.6199795928874785,0.43247393590650673,1.449490642955928,1.8363115636028282,10.0,0.13333333333333333,0
20261005T183107Z,alpaca_live_path_harvest,1,WDC,STX,memory,2.7718123054791866,0.0,2.592740930043963,0.7496941843914315,2.592740930043963,1.6817928255912193,0.0,0.6666666666666666,1
20261005T183107Z,alpaca_live_path_harvest,2,WDC,STX,memory,2.811949335006081,3.24960977385667,2.592740930043963,0.7475155265247001,-0.6568688438127065,-0.5073291672646064,1.0,0.6666666666666666,1
20261005T183107Z,alpaca_live_path_harvest,3,WDC,STX,memory,3.0200138423240417,0.9065392599827411,2.592740930043963,0.7352794127562083,1.6862016700612221,0.7698302479391714,2.0,0.6666666666666666,1
20261005T183107Z,alpaca_live_path_harvest,4,WDC,STX,memory,3.2010033098292654,4.460076397170175,2.592740930043963,0.7253508039583644,-1.867335467126212,-0.3929523432141252,3.0,0.6666666666666666,1
20261005T183107Z,alpaca_live_path_harvest,5,WDC,STX,memory,3.2661172660175226,1.5536642509181262,2.592740930043963,0.7215477235726483,1.039076679125837,0.8395420902110231,4.0,0.6666666666666666,1
20261005T183107Z,alpaca_live_path_harvest,6,WDC,STX,memory,3.1784966023993286,2.8394263934118666,2.592740930043963,0.7229379316081367,-0.2466854633679036,-1.586499218821831,5.0,0.6666666666666666,1
20261005T183107Z,alpaca_live_path_harvest,7,WDC,STX,memory,3.1813921173133584,2.7802420345469394,2.592740930043963,0.7230675553153342,-0.18750110450297638,0.24259110027846303,6.0,0.6666666666666666,1
20261005T183107Z,alpaca_live_path_harvest,8,WDC,STX,memory,3.205658873157951,1.3813986251758696,2.592740930043963,0.717607936389541,1.2113423048680936,-0.22140130122987783,7.0,0.6666666666666666,1
20261005T183107Z,alpaca_live_path_harvest,9,WDC,STX,memory,3.284471083283358,1.0700817121886117,2.592740930043963,0.7189279531003893,1.5226592178553515,1.927921724440256,8.0,0.6666666666666666,1
20261005T183107Z,alpaca_live_path_harvest,10,WDC,STX,memory,3.2857004192499573,2.1874323732169167,2.592740930043963,0.7188453057024103,0.4053085568270464,-0.33517802266416086,9.0,0.6666666666666666,1
20261005T183107Z,alpaca_live_path_harvest,11,WDC,STX,memory,3.615692932600009,4.480930739192791,2.592740930043963,0.7046411025685574,-1.8881898091488276,-0.9218006368375711,10.0,0.6666666666666666,1
20261005T183107Z,alpaca_live_path_harvest,12,WDC,STX,memory,3.6216216022788443,2.1723592066178377,2.592740930043963,0.7050227081922084,0.4203817234261254,0.3675936317416074,11.0,0.6666666666666666,1
20261005T183107Z,alpaca_live_path_harvest,13,WDC,STX,memory,3.8667959836649883,0.7363714599297282,2.592740930043963,0.6951646780322156,1.856369470114235,0.4654685489197504,12.0,0.6666666666666666,1
20261005T183107Z,alpaca_live_path_harvest,14,WDC,STX,memory,3.7330630901468993,3.0206109983237686,2.592740930043963,0.6968950953703413,-0.4278700682798054,-1.061125738046087,13.0,0.6666666666666666,1
20261005T183107Z,alpaca_live_path_harvest,15,WDC,STX,memory,4.240078334527821,4.883133563764914,2.592740930043963,0.6722612574711565,-2.2903926337209506,-1.6411787405607072,14.0,0.6666666666666666,1
20261005T183107Z,alpaca_live_path_harvest,16,WDC,STX,memory,3.99057500528671,3.937861995050807,2.592740930043963,0.6652799870253251,-1.345121065006844,0.21534203361048868,15.0,0.6666666666666666,1
20261005T183107Z,alpaca_live_path_harvest,17,WDC,STX,memory,3.999964320787365,2.0251005003697187,2.592740930043963,0.6641617460025188,0.5676404296742446,0.1277673732705921,16.0,0.6666666666666666,1
20261005T183107Z,alpaca_live_path_harvest,18,WDC,STX,memory,6.680963610925475,7.168203516482814,2.592740930043963,0.5547900330883287,-4.575462586438851,-5.443049038364995,17.0,0.6666666666666666,0
20261005T183107Z,alpaca_live_path_harvest,19,WDC,STX,memory,6.64776666081684,3.386019665270881,2.592740930043963,0.5538785838593044,-0.7932787352269179,-0.669561055911197,18.0,0.6666666666666666,1
20261005T183107Z,alpaca_live_path_harvest,20,WDC,STX,memory,6.562347886585964,3.3731846872678544,2.592740930043963,0.5522027503363146,-0.780443757223891,0.5495475757829411,19.0,0.6666666666666666,1
20261005T183107Z,alpaca_live_path_harvest,21,WDC,STX,memory,6.728784620574873,1.66191274079755,2.592740930043963,0.560048886508232,0.9308281892464131,1.6078124828824572,20.0,0.6666666666666666,1
20261005T183107Z,alpaca_live_path_harvest,22,WDC,STX,memory,7.675823843496353,0.08994080612207433,2.592740930043963,0.531606509125081,2.502800123921889,2.1141687789280352,21.0,0.6666666666666666,1
20261005T183107Z,alpaca_live_path_harvest,23,WDC,STX,memory,7.650356359055835,3.5025405566485115,2.592740930043963,0.5331469155007327,-0.9097996266045484,3.2788310729144086,22.0,0.6666666666666666,1
20261005T183107Z,alpaca_live_path_harvest,24,WDC,STX,memory,7.48008499135184,2.7459067506458004,2.592740930043963,0.5357396566653503,-0.15316582060183703,0.6289809164171629,23.0,0.6666666666666666,1
20261005T183107Z,alpaca_live_path_harvest,25,WDC,STX,memory,7.774181540331594,1.2721046441425579,2.592740930043963,0.529504494873735,1.3206362859014054,2.2109687759736176,24.0,0.6666666666666666,1
20261005T183107Z,alpaca_live_path_harvest,26,WDC,STX,memory,7.901879501648029,1.5057435078412327,2.592740930043963,0.5242162396094329,1.0869974222027305,0.38602006947813833,25.0,0.6666666666666666,1
20261005T183107Z,alpaca_live_path_harvest,27,WDC,STX,memory,7.944881672524761,3.433285154329199,2.592740930043963,0.5218588135732061,-0.8405442242852358,-3.4475977218870524,26.0,0.6666666666666666,1
20261005T183107Z,alpaca_live_path_harvest,28,WDC,STX,memory,7.820095694678372,1.9558411184177373,2.592740930043963,0.5219438438231592,0.6368998116262259,1.6822148444831213,27.0,0.6666666666666666,1
20261005T183107Z,alpaca_live_path_harvest,29,WDC,STX,memory,7.909466929237046,3.6398617963232116,2.592740930043963,0.5221881799439987,-1.0471208662792482,-0.9579970060455253,28.0,0.6666666666666666,0
20261005T183107Z,alpaca_live_path_harvest,30,WDC,STX,memory,7.776165737584948,2.4987704650071874,2.592740930043963,0.5226102072956951,0.09397046503677595,-1.291208629085793,29.0,0.6666666666666666,1
20261005T183107Z,alpaca_live_path_harvest,31,WDC,STX,memory,8.099270263114827,1.0934938799528062,2.592740930043963,0.5142334585672963,1.499247050091157,0.5580148404934789,30.0,0.6666666666666666,1
20261005T183107Z,alpaca_live_path_harvest,32,WDC,STX,memory,8.274588924876983,1.4893960511640914,2.592740930043963,0.5088699636901007,1.1033448788798719,2.254264463321783,31.0,0.6666666666666666,1
20261005T183107Z,alpaca_live_path_harvest,33,WDC,STX,memory,5.816497238203047,2.9614136333461993,2.592740930043963,0.5130387310606936,-0.3686727033022362,-1.0569977952801195,32.0,0.6666666666666666,1
20261005T183107Z,alpaca_live_path_harvest,34,WDC,STX,memory,5.669796170184443,2.8660925826407846,2.592740930043963,0.5129425389392138,-0.2733516525968216,0.8732588004338482,33.0,0.6666666666666666,1
20261005T183107Z,alpaca_live_path_harvest,35,WDC,STX,memory,5.582661735307797,3.095977631995601,2.592740930043963,0.5174533896587309,-0.5032367019516377,-0.6550395703160007,34.0,0.6666666666666666,1
20261005T183107Z,alpaca_live_path_harvest,36,WDC,STX,memory,5.643725103871365,3.0102976870591576,2.592740930043963,0.5187908822624627,-0.4175567570151943,-2.201310776308799,35.0,0.6666666666666666,1
20261005T183107Z,alpaca_live_path_harvest,37,WDC,STX,memory,4.7250530838013995,2.144862666160549,2.592740930043963,0.5184466487449295,0.447878263883414,-0.8134841303628377,36.0,0.6666666666666666,1
20261005T183107Z,alpaca_live_path_harvest,38,WDC,STX,memory,4.488187232857329,2.738028833287427,2.592740930043963,0.5982830062455506,-0.1452879032434638,0.2040361920021155,37.0,0.6666666666666666,1
20261005T183107Z,alpaca_live_path_harvest,39,WDC,STX,memory,4.51881143515261,2.9202225810666693,2.592740930043963,0.6025564324554302,-0.32748165102270627,-0.08257545211534989,38.0,0.6666666666666666,1
20261005T183107Z,alpaca_live_path_harvest,40,WDC,STX,memory,4.779272722084505,1.069104972496257,2.592740930043963,0.5946895554144217,1.5236359575477063,2.4211683586710024,39.0,0.6666666666666666,1
20261005T183107Z,alpaca_live_path_harvest,41,WDC,STX,memory,4.748001151838645,3.2866896494923425,2.592740930043963,0.5893871712888452,-0.6939487194483791,-0.3271919405449125,40.0,0.6666666666666666,0
20261005T183107Z,alpaca_live_path_harvest,42,WDC,STX,memory,4.616292161609768,3.0053122227361135,2.592740930043963,0.6207438194953898,-0.41257129269215026,-1.002652008757059,41.0,0.6666666666666666,1
20261005T183107Z,alpaca_live_path_harvest,43,WDC,STX,memory,4.601374217525045,2.052462018087277,2.592740930043963,0.6282487152211308,0.5402789119566863,0.7832356897676618,42.0,0.6666666666666666,1
20261005T183107Z,alpaca_live_path_harvest,44,WDC,STX,memory,4.4361757454438,3.2564070020203117,2.592740930043963,0.6229645818668627,-0.6636660719763485,-0.4012673325930393,43.0,0.6666666666666666,0
20261005T183107Z,alpaca_live_path_harvest,45,WDC,STX,memory,4.438166082448412,2.377690703785053,2.592740930043963,0.6344540406243399,0.21505022625891015,-1.6178652235175606,44.0,0.6666666666666666,1
20261005T183107Z,alpaca_live_path_harvest,46,WDC,STX,memory,3.9395479940048013,3.1022767781166505,2.592740930043963,0.6408208428323372,-0.5095358480726871,0.19235663776910314,45.0,0.6666666666666666,0
20261005T183107Z,alpaca_live_path_harvest,47,WDC,STX,memory,3.4845674048285247,2.425643943150927,2.592740930043963,0.6481152571995371,0.1670969868930359,0.6571981570519029,46.0,0.6666666666666666,1
20261005T183107Z,alpaca_live_path_harvest,48,WDC,STX,memory,3.471535673966513,2.4845622305038324,2.592740930043963,0.6516439442513934,0.10817869954013097,-0.5255185229940025,47.0,0.6666666666666666,0
20261005T183107Z,alpaca_live_path_harvest,49,WDC,STX,memory,3.6149252706078654,1.8974133956382646,2.592740930043963,0.6611828141477668,0.6953275344056985,1.5290981292257755,48.0,0.6666666666666666,1
20261005T183107Z,alpaca_live_path_harvest,50,WDC,STX,memory,3.5957057096597267,2.065670529748846,2.592740930043963,0.659407239623934,0.5270704002951173,0.34168544227507025,49.0,0.6666666666666666,0
20261005T183107Z,alpaca_live_path_harvest,51,WDC,STX,memory,4.4241722499440135,0.7880170226452556,2.592740930043963,0.6444780313575066,1.8047239073987076,2.8117181569780767,50.0,0.6666666666666666,0
20261005T183107Z,alpaca_live_path_harvest,52,WDC,STX,memory,5.222088430452672,0.0,1.571615953343848,0.6252158393156859,-1.571615953343848,-2.0263364651730513,0.0,2.0,1
20261005T183107Z,alpaca_live_path_harvest,53,WDC,STX,memory,5.551553380541124,0.48972438419841047,1.571615953343848,0.6123295229722544,-1.0818915691454376,-2.1510764294993807,1.0,2.0,1
20261005T183107Z,alpaca_live_path_harvest,54,WDC,STX,memory,5.260357853800058,2.5956486566249737,1.571615953343848,0.6049513903481769,1.0240327032811256,0.6983349847537624,2.0,2.0,1
20261005T183107Z,alpaca_live_path_harvest,55,WDC,STX,memory,5.76198523670057,0.04628602991804209,1.571615953343848,0.5840096895320492,-1.525329923425806,-4.1451275298565635,3.0,2.0,1
20261005T183107Z,alpaca_live_path_harvest,56,WDC,STX,memory,5.767817601987425,1.955791798820262,1.571615953343848,0.584258343979377,0.38417584547641387,0.11581568805092957,4.0,2.0,1
20261005T183107Z,alpaca_live_path_harvest,57,WDC,STX,memory,5.722828158288352,1.764351903298768,1.571615953343848,0.5840088301000453,0.19273594995491994,2.239937982330764,5.0,2.0,1
20261005T183107Z,alpaca_live_path_harvest,58,WDC,STX,memory,5.627857497829216,1.575043086391087,1.571615953343848,0.5848572298993943,0.0034271330472387938,1.518509498976232,6.0,2.0,1
20261005T183107Z,alpaca_live_path_harvest,59,WDC,STX,memory,6.333074473467614,-0.5244147747491044,1.571615953343848,0.5789692901930409,-2.0960307280929524,-3.501734207367508,7.0,2.0,1
20261005T183107Z,alpaca_live_path_harvest,60,WDC,STX,memory,6.306445921425354,1.1867608046522673,1.571615953343848,0.5809751340762798,-0.3848551486915808,1.582741038658503,8.0,2.0,1
20261005T183107Z,alpaca_live_path_harvest,61,WDC,STX,memory,6.434496864188938,2.431802383252039,1.571615953343848,0.5766646968202687,0.8601864299081906,0.4395346053909748,9.0,2.0,1
20261005T183107Z,alpaca_live_path_harvest,62,WDC,STX,memory,6.666198257603207,0.20773116304307293,1.571615953343848,0.5708447454741873,-1.3638847903007751,-1.725650969896003,10.0,2.0,1
20261005T183107Z,alpaca_live_path_harvest,63,WDC,STX,memory,6.758061274520792,0.17952100312558938,1.571615953343848,0.5641046111189769,-1.3920949502182587,-1.6491576110552615,11.0,2.0,1
20261005T183107Z,alpaca_live_path_harvest,64,WDC,STX,memory,6.6515714677272975,1.1081796309530387,1.571615953343848,0.5644913868023148,-0.4634363223908093,1.6656513121714511,12.0,2.0,1
20261005T183107Z,alpaca_live_path_harvest,65,WDC,STX,memory,6.241561811000403,3.080439527939134,1.571615953343848,0.5523422342007428,1.5088235745952858,1.9123621960089963,13.0,2.0,1
20261005T183107Z,alpaca_live_path_harvest,66,WDC,STX,memory,6.162014284171272,0.8689361205054335,1.571615953343848,0.5510197439917935,-0.7026798328384146,-1.7199843723441177,14.0,2.0,1
20261005T183107Z,alpaca_live_path_harvest,67,WDC,STX,memory,5.979953435731546,2.207411247633748,1.571615953343848,0.5488209251858714,0.6357952942899,2.036627833268858,15.0,2.0,1
20261005T183107Z,alpaca_live_path_harvest,68,WDC,STX,memory,5.80124183205307,1.5064514243754799,1.571615953343848,0.5523433879485959,-0.06516452896836833,1.4182043185135285,16.0,2.0,1
20261005T183107Z,alpaca_live_path_harvest,69,WDC,STX,memory,5.491078528303879,1.9693221052009804,1.571615953343848,0.5533956245421795,0.3977061518571324,0.9517409173125089,17.0,2.0,1
20261005T183107Z,alpaca_live_path_harvest,70,WDC,STX,memory,5.449871855377427,3.033740916649869,1.571615953343848,0.56616775862011,1.4621249633060205,-0.058121434476584,18.0,2.0,1
20261005T183107Z,alpaca_live_path_harvest,71,WDC,STX,memory,6.14856159515111,-0.5249104348211813,1.571615953343848,0.5493151530960719,-2.0965263881650293,-1.588697349262611,19.0,2.0,1
20261005T183107Z,alpaca_live_path_harvest,72,WDC,STX,memory,6.1082279057943865,1.655430077896665,1.571615953343848,0.5597493262803137,0.08381412455281705,-0.6427164634772111,20.0,2.0,1
20261005T183107Z,alpaca_live_path_harvest,73,WDC,STX,memory,6.414080831146008,2.785880022214587,1.571615953343848,0.5563174689736601,1.2142640688707391,1.364420803263863,21.0,2.0,1
20261005T183107Z,alpaca_live_path_harvest,74,WDC,STX,memory,5.868139770363378,0.8723073407672981,1.571615953343848,0.5639712933275555,-0.69930861257655,-1.252356306700301,22.0,2.0,1
20261005T183107Z,alpaca_live_path_harvest,75,WDC,STX,memory,6.270323066535443,0.0672435437707557,1.571615953343848,0.5655970693104514,-1.5043724095730924,-3.327578643049992,23.0,2.0,1
20261005T183107Z,alpaca_live_path_harvest,76,WDC,STX,memory,6.599639934929313,3.100527671248945,1.571615953343848,0.5516972650394484,1.528911717905097,4.099035152951354,24.0,2.0,0
20261005T183107Z,alpaca_live_path_harvest,77,WDC,STX,memory,6.387368224776433,1.8980387106562115,1.571615953343848,0.5516994570116116,0.3264227573123634,0.33119796061751006,25.0,2.0,1
20261005T183107Z,alpaca_live_path_harvest,78,WDC,STX,memory,6.646131321456228,-0.031397929764029,1.571615953343848,0.5392050971230373,-1.603013883107877,-3.330474429229207,26.0,2.0,1
20261005T183107Z,alpaca_live_path_harvest,79,WDC,STX,memory,6.622333566231419,1.8796693030286895,1.571615953343848,0.5540521054841654,0.3080533496848415,1.0597998672189077,27.0,2.0,1
20261005T183107Z,alpaca_live_path_harvest,80,WDC,STX,memory,8.361525371919884,-1.5348710305047517,1.571615953343848,0.4962790730383837,-3.1064869838486,-2.621329374038089,28.0,2.0,1
20261005T183107Z,alpaca_live_path_harvest,81,WDC,STX,memory,8.427519025936926,2.103741535315785,1.571615953343848,0.4987419626817344,0.5321255819719366,-1.209418108768557,29.0,2.0,0
20261005T183107Z,alpaca_live_path_harvest,82,WDC,STX,memory,12.445760923098304,-2.4470569637402964,1.571615953343848,0.40957341265976555,-4.018672917084144,-7.895951741160229,30.0,2.0,0
20261005T183107Z,alpaca_live_path_harvest,1,ORCL,CRM,hyperscaler,4.994354541494186,0.0,1.5135909338822338,0.474422755821337,1.5135909338822338,0.1382020609614699,0.0,0.6666666666666666,1
20261005T183107Z,alpaca_live_path_harvest,2,ORCL,CRM,hyperscaler,5.176921029333957,0.49323569006532986,1.5135909338822338,0.5394498397194446,1.020355243816904,2.3033625240988043,1.0,0.6666666666666666,1
20261005T183107Z,alpaca_live_path_harvest,3,ORCL,CRM,hyperscaler,5.306145956785213,-0.1425272617186697,1.5135909338822338,0.5350198691918947,1.6561181956009035,3.12685127651136,2.0,0.6666666666666666,1
20261005T183107Z,alpaca_live_path_harvest,4,ORCL,CRM,hyperscaler,5.783730896129786,2.406051344290617,1.5135909338822338,0.5222598665933884,-0.8924604104083832,-0.8097978012050874,3.0,0.6666666666666666,1
20261005T183107Z,alpaca_live_path_harvest,5,ORCL,CRM,hyperscaler,5.719406174744001,1.2656476413836675,1.5135909338822338,0.5232445059096502,0.24794329249856636,0.06164671493634728,4.0,0.6666666666666666,1
20261005T183107Z,alpaca_live_path_harvest,6,ORCL,CRM,hyperscaler,5.877738741609048,0.5662155821014523,1.5135909338822338,0.5539497651933988,0.9473753517807815,-0.6445412287038266,5.0,0.6666666666666666,1
20261005T183107Z,alpaca_live_path_harvest,7,ORCL,CRM,hyperscaler,6.132914972805714,2.0988170974738387,1.5135909338822338,0.5438705906439681,-0.5852261635916048,-2.371739001354598,6.0,0.6666666666666666,1
20261005T183107Z,alpaca_live_path_harvest,8,ORCL,CRM,hyperscaler,6.442779411333954,2.382198897052901,1.5135909338822338,0.5497314911166052,-0.8686079631706671,-3.8150067702782904,7.0,0.6666666666666666,1
20261005T183107Z,alpaca_live_path_harvest,9,ORCL,CRM,hyperscaler,6.45163025068863,1.5457945078291688,1.5135909338822338,0.5500786096016103,-0.03220357394693496,1.3088526200348725,8.0,0.6666666666666666,1
20261005T183107Z,alpaca_live_path_harvest,10,ORCL,CRM,hyperscaler,6.440315608881139,1.561406514086976,1.5135909338822338,0.5510226144549217,-0.04781558020474213,-0.42831094177573165,9.0,0.6666666666666666,1
20261005T183107Z,alpaca_live_path_harvest,11,ORCL,CRM,hyperscaler,6.110765556140428,0.8510960556847607,1.5135909338822338,0.5484116893386283,0.6624948781974731,-0.4631734073116093,10.0,0.6666666666666666,1
20261005T183107Z,alpaca_live_path_harvest,12,ORCL,CRM,hyperscaler,6.238877534079929,2.427451739863831,1.5135909338822338,0.5382022707419869,-0.9138608059815975,-0.28342346576371824,11.0,0.6666666666666666,1
20261005T183107Z,alpaca_live_path_harvest,13,ORCL,CRM,hyperscaler,6.165496415269875,1.663708536240994,1.5135909338822338,0.5390783520302873,-0.15011760235876026,1.0947999722759278,12.0,0.6666666666666666,1
20261005T183107Z,alpaca_live_path_harvest,14,ORCL,CRM,hyperscaler,6.26770281434336,0.41685662714642713,1.5135909338822338,0.5323699614032127,1.0967343067358066,1.5098410455066755,13.0,0.6666666666666666,1
20261005T183107Z,alpaca_live_path_harvest,15,ORCL,CRM,hyperscaler,6.357831976937683,1.8854705430800465,1.5135909338822338,0.5308908959654526,-0.37187960919781277,-0.39368265321104445,14.0,0.6666666666666666,1
20261005T183107Z,alpaca_live_path_harvest,16,ORCL,CRM,hyperscaler,5.944571961564169,1.9157064614700778,1.5135909338822338,0.5427504233236495,-0.40211552758784413,-1.5004230639180378,15.0,0.6666666666666666,1
20261005T183107Z,alpaca_live_path_harvest,17,ORCL,CRM,hyperscaler,5.871814914590518,0.6071341080867805,1.5135909338822338,0.5425963604975588,0.9064568257954533,2.4548622274309935,16.0,0.6666666666666666,1
20261005T183107Z,alpaca_live_path_harvest,18,ORCL,CRM,hyperscaler,5.439830300461073,2.971644884773271,1.5135909338822338,0.524875009713906,-1.4580539508910373,-1.7375282465412965,17.0,0.6666666666666666,1
20261005T183107Z,alpaca_live_path_harvest,19,ORCL,CRM,hyperscaler,5.222550797222061,1.8808082888003246,1.5135909338822338,0.5249900022287678,-0.3672173549180909,-1.9889328902494299,18.0,0.6666666666666666,1
20261005T183107Z,alpaca_live_path_harvest,20,ORCL,CRM,hyperscaler,5.457845920369176,0.6483096869059974,1.5135909338822338,0.5209224377120097,0.8652812469762363,1.6408268763891556,19.0,0.6666666666666666,1
20261005T183107Z,alpaca_live_path_harvest,21,ORCL,CRM,hyperscaler,6.11055490828009,-0.20486407488103908,1.5135909338822338,0.5140295655218274,1.7184550087632728,3.026575442318125,20.0,0.6666666666666666,1
20261005T183107Z,alpaca_live_path_harvest,22,ORCL,CRM,hyperscaler,6.057752501040137,0.9580705752523477,1.5135909338822338,0.5181578335794964,0.555520358629886,-0.3550578498812058,21.0,0.6666666666666666,1
20261005T183107Z,alpaca_live_path_harvest,23,ORCL,CRM,hyperscaler,5.800424354723051,0.931794197751926,1.5135909338822338,0.5394538554136127,0.5817967361303078,2.9019305813799234,22.0,0.6666666666666666,1
20261005T183107Z,alpaca_live_path_harvest,24,ORCL,CRM,hyperscaler,5.80462682939689,1.7968924081007298,1.5135909338822338,0.5501886625981707,-0.28330147421849605,0.43793820762321617,23.0,0.6666666666666666,1
20261005T183107Z,alpaca_live_path_harvest,25,ORCL,CRM,hyperscaler,5.788640938453271,1.6010810332753238,1.5135909338822338,0.5503513255192471,-0.08749009939309,-1.037717110188447,24.0,0.6666666666666666,1
20261005T183107Z,alpaca_live_path_harvest,26,ORCL,CRM,hyperscaler,5.737878405647805,1.9411550489161313,1.5135909338822338,0.5587921630152479,-0.42756411503389746,-2.6668252014374447,25.0,0.6666666666666666,1
20261005T183107Z,alpaca_live_path_harvest,27,ORCL,CRM,hyperscaler,5.4006480141991124,1.7952117421439426,1.5135909338822338,0.5649170980635873,-0.28162080826170893,-0.9018203745529376,26.0,0.6666666666666666,1
20261005T183107Z,alpaca_live_path_harvest,28,ORCL,CRM,hyperscaler,5.36904267970509,1.1538397211250067,1.5135909338822338,0.5771086857024669,0.35975121275722716,-0.3308299124282087,27.0,0.6666666666666666,1
20261005T183107Z,alpaca_live_path_harvest,29,ORCL,CRM,hyperscaler,5.6461213334256,3.1019085814553735,1.5135909338822338,0.5595740758209172,-1.58831764757314,-1.469461818003697,28.0,0.6666666666666666,0
20261005T183107Z,alpaca_live_path_harvest,30,ORCL,CRM,hyperscaler,5.595835271651206,1.7908265328088642,1.5135909338822338,0.5594705203812692,-0.27723559892663036,-0.24765094552507777,29.0,0.6666666666666666,1
20261005T183107Z,alpaca_live_path_harvest,31,ORCL,CRM,hyperscaler,5.520388756779039,1.7217752339420715,1.5135909338822338,0.5632033439617004,-0.20818430005983787,0.13362916998308377,30.0,0.6666666666666666,1
20261005T183107Z,alpaca_live_path_harvest,32,ORCL,CRM,hyperscaler,5.407296464343421,2.173984117031385,1.5135909338822338,0.5711070585921572,-0.6603931831491512,-0.52910057613704,31.0,0.6666666666666666,1
20261005T183107Z,alpaca_live_path_harvest,33,ORCL,CRM,hyperscaler,4.722837246810346,2.1498801428727528,1.5135909338822338,0.569167968359953,-0.6362892089905191,-1.1565566831804914,32.0,0.6666666666666666,1
20261005T183107Z,alpaca_live_path_harvest,34,ORCL,CRM,hyperscaler,4.653046338358136,1.8031684285256562,1.5135909338822338,0.5808290939991059,-0.2895774946434224,1.375861540103233,33.0,0.6666666666666666,1
20261005T183107Z,alpaca_live_path_harvest,35,ORCL,CRM,hyperscaler,4.650654948499641,0.6226045983532599,1.5135909338822338,0.5751801209627905,0.8909863355289739,1.2789580612910754,34.0,0.6666666666666666,1
20261005T183107Z,alpaca_live_path_harvest,36,ORCL,CRM,hyperscaler,3.4464149276765808,1.9754078477929036,1.5135909338822338,0.5763616968043301,-0.46181691391066976,-0.32994294677260994,35.0,0.6666666666666666,1
20261005T183107Z,alpaca_live_path_harvest,37,ORCL,CRM,hyperscaler,3.644489600659287,0.5147642668550934,1.5135909338822338,0.576047843282741,0.9988266670271404,1.808527507264671,36.0,0.6666666666666666,1
20261005T183107Z,alpaca_live_path_harvest,38,ORCL,CRM,hyperscaler,3.526556431449753,2.332718174848827,1.5135909338822338,0.6014243301935932,-0.8191272409665928,-0.1749516927551383,37.0,0.6666666666666666,1
20261005T183107Z,alpaca_live_path_harvest,39,ORCL,CRM,hyperscaler,3.5423186721177684,1.991244027377335,1.5135909338822338,0.6031301170241764,-0.47765309349510127,-0.16405439593096957,38.0,0.6666666666666666,1
20261005T183107Z,alpaca_live_path_harvest,40,ORCL,CRM,hyperscaler,3.5759438552923495,1.3626320305302533,1.5135909338822338,0.6107385120707464,0.15095890335198045,-0.8263144887707256,39.0,0.6666666666666666,1
20261005T183107Z,alpaca_live_path_harvest,41,ORCL,CRM,hyperscaler,3.6045934446978793,1.3608113163043716,1.5135909338822338,0.6669481408567693,0.15277961757786215,0.6667296015940508,40.0,0.6666666666666666,1
20261005T183107Z,alpaca_live_path_harvest,42,ORCL,CRM,hyperscaler,5.302558958496673,-1.005588489753263,1.5135909338822338,0.5959162374267668,2.5191794236354967,1.710282936431679,41.0,0.6666666666666666,1
20261005T183107Z,alpaca_live_path_harvest,43,ORCL,CRM,hyperscaler,5.674691764545828,3.007045335494121,1.5135909338822338,0.5829166026788576,-1.4934544016118871,-0.8180723047945435,42.0,0.6666666666666666,0
20261005T183107Z,alpaca_live_path_harvest,44,ORCL,CRM,hyperscaler,5.259813901579157,1.2952802174385496,1.5135909338822338,0.5823991436699557,0.21831071644368416,0.6790424324109153,43.0,0.6666666666666666,1
20261005T183107Z,alpaca_live_path_harvest,45,ORCL,CRM,hyperscaler,5.328266879922946,2.132076189325522,1.5135909338822338,0.5801948750945538,-0.6184852554432883,-0.9009485500498385,44.0,0.6666666666666666,1
20261005T183107Z,alpaca_live_path_harvest,46,ORCL,CRM,hyperscaler,5.3316011963736125,1.2576367531113215,1.5135909338822338,0.5798848912562964,0.2559541807709122,0.03547826446452973,45.0,0.6666666666666666,1
20261005T183107Z,alpaca_live_path_harvest,47,ORCL,CRM,hyperscaler,5.2573132604140875,1.6776910139507426,1.5135909338822338,0.5798209247374463,-0.16410008006850874,-3.0428165976242725,46.0,0.6666666666666666,1
20261005T183107Z,alpaca_live_path_harvest,48,ORCL,CRM,hyperscaler,5.186808216498836,1.0990607245760484,1.5135909338822338,0.5803601994800566,0.41453020930618534,2.073120680059725,47.0,0.6666666666666666,1
20261005T183107Z,alpaca_live_path_harvest,49,ORCL,CRM,hyperscaler,5.443652540759456,2.6943808234922524,1.5135909338822338,0.5886671404029467,-1.1807898896100186,-1.4339803213963933,48.0,0.6666666666666666,0
20261005T183107Z,alpaca_live_path_harvest,50,ORCL,CRM,hyperscaler,5.414862593514399,0.5938742147058631,1.5135909338822338,0.5823437167249014,0.9197167191763707,1.635636803955839,49.0,0.6666666666666666,1
20261005T183107Z,alpaca_live_path_harvest,51,ORCL,CRM,hyperscaler,5.3891500027879164,1.0384998404928236,1.5135909338822338,0.5810609848089059,0.47509109338941,0.28144644723568035,50.0,0.6666666666666666,0
20261005T183107Z,alpaca_live_path_harvest,1,AVGO,META,semis_hyperscaler,9.649993846618989,0.0,1.6973693621667028,0.6076280802487767,-1.6973693621667028,-3.1320753691104075,0.0,0.6666666666666666,1
20261005T183107Z,alpaca_live_path_harvest,2,AVGO,META,semis_hyperscaler,9.98299228731409,0.9199842642019939,1.6973693621667028,0.6028054310303648,-0.7773850979647089,-2.2287801284440207,1.0,0.6666666666666666,1
20261005T183107Z,alpaca_live_path_harvest,3,AVGO,META,semis_hyperscaler,9.742796521807572,1.7100470800181797,1.6973693621667028,0.6028177253060688,0.012677717851476962,-2.1298962742703,2.0,0.6666666666666666,1
20261005T183107Z,alpaca_live_path_harvest,4,AVGO,META,semis_hyperscaler,9.871370373404462,2.5529770799790406,1.6973693621667028,0.5993555087098223,0.855607717812338,3.457988839645566,3.0,0.6666666666666666,1
20261005T183107Z,alpaca_live_path_harvest,5,AVGO,META,semis_hyperscaler,9.93703761550176,2.1666797746419593,1.6973693621667028,0.5978657252067188,0.46931041247525634,2.411888276343734,4.0,0.6666666666666666,1
20261005T183107Z,alpaca_live_path_harvest,6,AVGO,META,semis_hyperscaler,13.537827565589305,-1.1363596186639675,1.6973693621667028,0.5217822364977511,-2.8337289808306703,-3.195822284796941,5.0,0.6666666666666666,1
20261005T183107Z,alpaca_live_path_harvest,7,AVGO,META,semis_hyperscaler,13.883749856451622,2.6705351081339144,1.6973693621667028,0.5151079055186527,0.9731657459672116,4.193570788263036,6.0,0.6666666666666666,1
20261005T183107Z,alpaca_live_path_harvest,8,AVGO,META,semis_hyperscaler,13.685046430598604,2.2271432438834684,1.6973693621667028,0.5162038168288702,0.5297738817167658,1.2720896932705728,7.0,0.6666666666666666,1
20261005T183107Z,alpaca_live_path_harvest,9,AVGO,META,semis_hyperscaler,12.973467003089652,1.528847985967781,1.6973693621667028,0.5177936376994451,-0.16852137619892182,-2.274175713016109,8.0,0.6666666666666666,1
20261005T183107Z,alpaca_live_path_harvest,10,AVGO,META,semis_hyperscaler,12.542996223707371,1.7104708471995091,1.6973693621667028,0.5178605270628336,0.013101485032806282,-1.0209987866328334,9.0,0.6666666666666666,1
20261005T183107Z,alpaca_live_path_harvest,11,AVGO,META,semis_hyperscaler,12.647355083718777,2.0547129699716247,1.6973693621667028,0.5200662405348226,0.3573436078049221,7.95186183514885,10.0,0.6666666666666666,1
20261005T183107Z,alpaca_live_path_harvest,12,AVGO,META,semis_hyperscaler,14.810288321681101,3.8764662558648757,1.6973693621667028,0.4931502063428487,2.179096893698173,3.161196765065165,11.0,0.6666666666666666,0
20261005T183107Z,alpaca_live_path_harvest,13,AVGO,META,semis_hyperscaler,14.577249695606628,2.118061565791307,1.6973693621667028,0.49577300063600444,0.4206922036246042,-0.2686691840504068,12.0,0.6666666666666666,1
20261005T183107Z,alpaca_live_path_harvest,14,AVGO,META,semis_hyperscaler,14.45051447295135,1.8465096672985382,1.6973693621667028,0.5032232910988885,0.14914030513183546,0.7856899391500634,13.0,0.6666666666666666,1
20261005T183107Z,alpaca_live_path_harvest,15,AVGO,META,semis_hyperscaler,14.37796648512016,2.0511474560199416,1.6973693621667028,0.5063044169871702,0.35377809385323883,0.9710189448164783,14.0,0.6666666666666666,1
20261005T183107Z,alpaca_live_path_harvest,16,AVGO,META,semis_hyperscaler,13.22529964516633,1.5274419083618156,1.6973693621667028,0.5070910667828641,-0.16992745380488727,-0.8209248460986032,15.0,0.6666666666666666,1
20261005T183107Z,alpaca_live_path_harvest,17,AVGO,META,semis_hyperscaler,12.877392326540367,1.6652418550965922,1.6973693621667028,0.5071791930810051,-0.03212750707011057,-5.286399816320579,16.0,0.6666666666666666,1
20261005T183107Z,alpaca_live_path_harvest,18,AVGO,META,semis_hyperscaler,12.960257705396963,2.385166809162155,1.6973693621667028,0.5084028680362845,0.6877974469954523,0.8102475397861326,17.0,0.6666666666666666,1
20261005T183107Z,alpaca_live_path_harvest,19,AVGO,META,semis_hyperscaler,12.860000149827142,1.5927125725963038,1.6973693621667028,0.5113297654436277,-0.10465678957039881,-0.1447207134131304,18.0,0.6666666666666666,1
20261005T183107Z,alpaca_live_path_harvest,20,AVGO,META,semis_hyperscaler,12.844868410968576,1.6606137397621175,1.6973693621667028,0.5138625907830148,-0.036755622404585256,-0.6881354510212645,19.0,0.6666666666666666,1
20261005T183107Z,alpaca_live_path_harvest,21,AVGO,META,semis_hyperscaler,7.733551761736695,1.0251377919443994,1.6973693621667028,0.5325568049330651,-0.6722315702223035,-0.9821958699562856,20.0,0.6666666666666666,1
20261005T183107Z,alpaca_live_path_harvest,22,AVGO,META,semis_hyperscaler,7.559774525408734,2.408826121583621,1.6973693621667028,0.5368035483595857,0.7114567594169182,1.5043764908690718,21.0,0.6666666666666666,1
20261005T183107Z,alpaca_live_path_harvest,23,AVGO,META,semis_hyperscaler,7.828809208581829,1.1423493350140423,1.6973693621667028,0.5348873704216129,-0.5550200271526604,-2.637346769983958,22.0,0.6666666666666666,1
20261005T183107Z,alpaca_live_path_harvest,24,AVGO,META,semis_hyperscaler,7.698449781878596,1.6932735875301264,1.6973693621667028,0.5372451218868859,-0.004095774636576346,0.05528140653191258,23.0,0.6666666666666666,1
20261005T183107Z,alpaca_live_path_harvest,25,AVGO,META,semis_hyperscaler,8.491651487674988,0.5763358975321431,1.6973693621667028,0.530570946219554,-1.1210334646345597,-2.365236971939339,24.0,0.6666666666666666,1
20261005T183107Z,alpaca_live_path_harvest,26,AVGO,META,semis_hyperscaler,8.493127862004291,1.9750327028870485,1.6973693621667028,0.6307721177169512,0.27766334072034565,1.8432467178970113,25.0,0.6666666666666666,1
20261005T183107Z,alpaca_live_path_harvest,27,AVGO,META,semis_hyperscaler,5.140464963892437,1.4208643732422064,1.6973693621667028,0.6368161278436734,-0.27650498892449643,-2.0955417229802378,26.0,0.6666666666666666,1
20261005T183107Z,alpaca_live_path_harvest,28,AVGO,META,semis_hyperscaler,5.174933734640992,1.232679979846855,1.6973693621667028,0.6342973193274707,-0.46468938231984763,0.04150779615820284,27.0,0.6666666666666666,1
20261005T183107Z,alpaca_live_path_harvest,29,AVGO,META,semis_hyperscaler,5.175968425556208,1.5081947624078373,1.6973693621667028,0.6352507973212332,-0.18917459975886539,-0.4525009329692466,28.0,0.6666666666666666,1
20261005T183107Z,alpaca_live_path_harvest,30,AVGO,META,semis_hyperscaler,7.299859153720292,3.49415606997113,1.6973693621667028,0.6057298908414909,1.7967867078044273,6.191997245182506,29.0,0.6666666666666666,0
20261005T183107Z,alpaca_live_path_harvest,31,AVGO,META,semis_hyperscaler,7.449018072990556,2.2691177623351555,1.6973693621667028,0.6042441337633702,0.5717484001684527,0.6940075525430757,30.0,0.6666666666666666,1
20261005T183107Z,alpaca_live_path_harvest,32,AVGO,META,semis_hyperscaler,8.253694249961589,2.9735889345553614,1.6973693621667028,0.6481662345443889,1.2762195723886587,3.4895701045854026,31.0,0.6666666666666666,1
20261005T183107Z,alpaca_live_path_harvest,33,AVGO,META,semis_hyperscaler,8.30019992606828,1.0747858426495276,1.6973693621667028,0.6423489682334537,-0.6225835195171752,-0.21856517664161856,32.0,0.6666666666666666,1
20261005T183107Z,alpaca_live_path_harvest,34,AVGO,META,semis_hyperscaler,8.307143184623614,1.6097933139352198,1.6973693621667028,0.6419809589502953,-0.0875760482314828,0.26380063347489796,33.0,0.6666666666666666,1
20261005T183107Z,alpaca_live_path_harvest,35,AVGO,META,semis_hyperscaler,8.340424138053287,2.053183516582296,1.6973693621667028,0.64197019573402,0.3558141544155932,-3.134961517959357,34.0,0.6666666666666666,1
20261005T183107Z,alpaca_live_path_harvest,36,AVGO,META,semis_hyperscaler,8.106495328422918,1.652908566865507,1.6973693621667028,0.6424434837413106,-0.044460795301195684,-1.3391780391507382,35.0,0.6666666666666666,1
20261005T183107Z,alpaca_live_path_harvest,37,AVGO,META,semis_hyperscaler,8.022765428717738,1.3084862697136346,1.6973693621667028,0.6397126433780578,-0.38888309245306824,-3.724344039621985,36.0,0.6666666666666666,1
20261005T183107Z,alpaca_live_path_harvest,38,AVGO,META,semis_hyperscaler,7.868193742082235,1.658318278381652,1.6973693621667028,0.645331783093596,-0.03905108378505086,1.1036301016858032,37.0,0.6666666666666666,1
20261005T183107Z,alpaca_live_path_harvest,39,AVGO,META,semis_hyperscaler,7.882831843660282,1.5966112590132722,1.6973693621667028,0.6451029612519644,-0.10075810315343059,-0.057082942812076,38.0,0.6666666666666666,1
20261005T183107Z,alpaca_live_path_harvest,40,AVGO,META,semis_hyperscaler,7.344971150900615,2.545921436413263,1.6973693621667028,0.6373430360818456,0.8485520742465603,1.0646388378885376,39.0,0.6666666666666666,1
20261005T183107Z,alpaca_live_path_harvest,41,AVGO,META,semis_hyperscaler,7.40904632619623,1.4293252004359545,1.6973693621667028,0.6424228251553177,-0.2680441617307483,-0.27313661557078606,40.0,0.6666666666666666,1
20261005T183107Z,alpaca_live_path_harvest,42,AVGO,META,semis_hyperscaler,7.4288069165920625,2.3742416111258704,1.6973693621667028,0.642261782647711,0.6768722489591676,2.3522423483674744,41.0,0.6666666666666666,1
20261005T183107Z,alpaca_live_path_harvest,43,AVGO,META,semis_hyperscaler,7.122588564764879,1.7966213741156827,1.6973693621667028,0.6470712505466878,0.09925201194898002,0.598980421128681,42.0,0.6666666666666666,1
20261005T183107Z,alpaca_live_path_harvest,44,AVGO,META,semis_hyperscaler,7.02927599876755,1.5821365583689866,1.6973693621667028,0.6470604640411579,-0.11523280379771607,0.23887882759315743,43.0,0.6666666666666666,1
20261005T183107Z,alpaca_live_path_harvest,45,AVGO,META,semis_hyperscaler,6.6100847969106775,3.2597886200900295,1.6973693621667028,0.6447337231280709,1.5624192579233267,1.5327293546111833,44.0,0.6666666666666666,0
20261005T183107Z,alpaca_live_path_harvest,46,AVGO,META,semis_hyperscaler,6.556148346060545,1.9185374505370296,1.6973693621667028,0.6445518934190403,0.2211680883703269,1.1797742200862102,45.0,0.6666666666666666,1
20261005T183107Z,alpaca_live_path_harvest,47,AVGO,META,semis_hyperscaler,6.921216281559862,-0.258486242412967,1.6973693621667028,0.6217135725859968,-1.9558556045796698,-4.164764006121709,46.0,0.6666666666666666,1
20261005T183107Z,alpaca_live_path_harvest,48,AVGO,META,semis_hyperscaler,6.712881601774692,1.1316756814829632,1.6973693621667028,0.6247702453396817,-0.5656936806837396,-0.9882163965265818,47.0,0.6666666666666666,1
20261005T183107Z,alpaca_live_path_harvest,49,AVGO,META,semis_hyperscaler,6.689126654437658,1.5801975141341849,1.6973693621667028,0.6267312067260592,-0.11717184803251794,0.170362896629058,48.0,0.6666666666666666,1
20261005T183107Z,alpaca_live_path_harvest,50,AVGO,META,semis_hyperscaler,6.69613949259175,1.9546447343906208,1.6973693621667028,0.6589214304521995,0.25727537222391794,-2.542834409342197,49.0,0.6666666666666666,0
20261005T183107Z,alpaca_live_path_harvest,51,AVGO,META,semis_hyperscaler,6.678299291473545,1.623401268623144,1.6973693621667028,0.6615129180312938,-0.07396809354355861,-0.5589255956551483,50.0,0.6666666666666666,0
20261005T183107Z,alpaca_live_path_harvest,52,AVGO,META,semis_hyperscaler,7.84221234026062,0.0,2.4147957541154756,0.6455908561809992,2.4147957541154756,6.412736067610422,0.0,0.13333333333333333,1
20261005T183107Z,alpaca_live_path_harvest,53,AVGO,META,semis_hyperscaler,8.03132299296658,3.2559533426479463,2.4147957541154756,0.6484784366116194,-0.8411575885324707,-0.3726592651952842,1.0,0.13333333333333333,1
20261005T183107Z,alpaca_live_path_harvest,54,AVGO,META,semis_hyperscaler,8.17079369972392,3.1776839078979595,2.4147957541154756,0.6451787222474141,-0.7628881537824841,-1.006464941010222,2.0,0.13333333333333333,1
20261005T183107Z,alpaca_live_path_harvest,55,AVGO,META,semis_hyperscaler,8.75516584456261,0.5191648079540896,2.4147957541154756,0.6247411087675745,1.895630946161386,2.435238148162739,3.0,0.13333333333333333,1
20261005T183107Z,alpaca_live_path_harvest,56,AVGO,META,semis_hyperscaler,8.677109441893691,1.8912624154253452,2.4147957541154756,0.6245410687700576,0.5235333386901304,0.9051511852043405,4.0,0.13333333333333333,1
20261005T183107Z,alpaca_live_path_harvest,57,AVGO,META,semis_hyperscaler,9.791182655264528,4.450182283456873,2.4147957541154756,0.6015070407220526,-2.0353865293413973,-6.750061782806995,5.0,0.13333333333333333,0
20261005T183107Z,alpaca_live_path_harvest,58,AVGO,META,semis_hyperscaler,10.065595567194705,1.2473336098614647,2.4147957541154756,0.596359245473931,1.167462144254011,3.1210892812134716,6.0,0.13333333333333333,1
20261005T183107Z,alpaca_live_path_harvest,59,AVGO,META,semis_hyperscaler,10.085633517406533,2.7172032220945757,2.4147957541154756,0.596514330745039,-0.30240746797909995,0.6487377000251968,7.0,0.13333333333333333,0
20261005T183107Z,alpaca_live_path_harvest,60,AVGO,META,semis_hyperscaler,9.307419525747225,2.3726050948498396,2.4147957541154756,0.5997151154745423,0.042190659265635894,-2.823760655797628,8.0,0.13333333333333333,0
20261005T183107Z,alpaca_live_path_harvest,61,AVGO,META,semis_hyperscaler,9.308019115611426,2.1312540869496295,2.4147957541154756,0.6010637302216724,0.2835416671658461,-0.34009529360353097,9.0,0.13333333333333333,0
20261005T183107Z,alpaca_live_path_harvest,62,AVGO,META,semis_hyperscaler,8.375400359790223,2.0953299853762313,2.4147957541154756,0.6028951636600689,0.3194657687392444,3.842162197765026,10.0,0.13333333333333333,0
20261005T183107Z,alpaca_live_path_harvest,1,NVDA,TSLA,mag7,4.140124145314639,0.0,1.6139204918629984,0.5406175120175924,-1.6139204918629984,-2.1273098674589335,0.0,0.13333333333333333,1
20261005T183107Z,alpaca_live_path_harvest,2,NVDA,TSLA,mag7,3.982142134558746,1.1654809004637388,1.6139204918629984,0.5535092286417173,-0.4484395913992597,-1.2421417883667345,1.0,0.13333333333333333,1
20261005T183107Z,alpaca_live_path_harvest,3,NVDA,TSLA,mag7,4.26075955508573,0.4191558104675992,1.6139204918629984,0.5574700578453272,-1.1947646813953992,-1.9035853942610061,2.0,0.13333333333333333,1
20261005T183107Z,alpaca_live_path_harvest,4,NVDA,TSLA,mag7,4.250451357117693,1.7269047442387404,1.6139204918629984,0.573738169029524,0.1129842523757421,-0.4705865256631398,3.0,0.13333333333333333,1
20261005T183107Z,alpaca_live_path_harvest,5,NVDA,TSLA,mag7,4.25623005808987,1.8818514618539224,1.6139204918629984,0.5757454098881041,0.2679309699909241,-1.165423291642122,4.0,0.13333333333333333,1
20261005T183107Z,alpaca_live_path_harvest,6,NVDA,TSLA,mag7,4.531768482759046,3.111760840214285,1.6139204918629984,0.5704318037556516,1.4978403483512865,3.0257144445419897,5.0,0.13333333333333333,0
20261005T183107Z,alpaca_live_path_harvest,7,NVDA,TSLA,mag7,4.530079352299747,1.9260838065150705,1.6139204918629984,0.5789877940226781,0.3121633146520721,0.7309618441343388,6.0,0.13333333333333333,0
20261005T183107Z,alpaca_live_path_harvest,8,NVDA,TSLA,mag7,4.7823656733023165,0.4362785690277238,1.6139204918629984,0.5677240748855761,-1.1776419228352746,0.06475475169154947,7.0,0.13333333333333333,1
20261005T183107Z,alpaca_live_path_harvest,9,NVDA,TSLA,mag7,4.781026188377234,1.5129520710922961,1.6139204918629984,0.56803340784275,-0.10096842077070232,-0.12152767199850131,8.0,0.13333333333333333,1
20261005T183107Z,alpaca_live_path_harvest,10,NVDA,TSLA,mag7,4.428946350279574,1.852126415468858,1.6139204918629984,0.5674673489988885,0.23820592360585965,0.1072475792159537,9.0,0.13333333333333333,0
20261005T183107Z,alpaca_live_path_harvest,11,NVDA,TSLA,mag7,4.596726586091072,0.41181001097380565,1.6139204918629984,0.5644775190013602,-1.2021104808891927,-2.3304327738432393,10.0,0.13333333333333333,0
20261005T183107Z,alpaca_live_path_harvest,12,NVDA,TSLA,mag7,3.9890831023036317,0.0,1.5782381861563801,0.5583481315502433,1.5782381861563801,2.3605156745683358,0.0,0.13333333333333333,1
20261005T183107Z,alpaca_live_path_harvest,13,NVDA,TSLA,mag7,4.094607880609837,2.597581574764703,1.5782381861563801,0.5555897088513105,-1.0193433886083227,-1.7418083628170393,1.0,0.13333333333333333,1
20261005T183107Z,alpaca_live_path_harvest,14,NVDA,TSLA,mag7,3.7438335762866504,1.9339441611368229,1.5782381861563801,0.5585053196521087,-0.3557059749804428,-0.6516743735623265,2.0,0.13333333333333333,1
20261005T183107Z,alpaca_live_path_harvest,15,NVDA,TSLA,mag7,4.264535713169212,3.2610930200342843,1.5782381861563801,0.5446669123557804,-1.682854833877904,-1.324728118257258,3.0,0.13333333333333333,0
20261005T183107Z,alpaca_live_path_harvest,16,NVDA,TSLA,mag7,4.488341210652495,2.767059760135554,1.5782381861563801,0.554726257849237,-1.1888215739791743,-1.329723031051651,4.0,0.13333333333333333,0
20261005T183107Z,alpaca_live_path_harvest,17,NVDA,TSLA,mag7,4.234213595041571,0.5824285596615694,1.5782381861563801,0.566112165020771,0.9958096264948108,-0.5506943181475663,5.0,0.13333333333333333,1
20261005T183107Z,alpaca_live_path_harvest,18,NVDA,TSLA,mag7,4.25369720135221,1.0586219680628766,1.5782381861563801,0.5656545540393632,0.5196162180935037,1.1848789653923404,6.0,0.13333333333333333,1
20261005T183107Z,alpaca_live_path_harvest,19,NVDA,TSLA,mag7,4.108221946007729,2.4144325589471385,1.5782381861563801,0.5737504637590783,-0.8361943727907583,-0.47879692889211467,7.0,0.13333333333333333,0
20261005T183107Z,alpaca_live_path_harvest,20,NVDA,TSLA,mag7,4.109025611667878,1.4972309978508986,1.5782381861563801,0.5738087047794054,0.08100718830548151,1.4560706616055654,8.0,0.13333333333333333,1
20261005T183107Z,alpaca_live_path_harvest,21,NVDA,TSLA,mag7,4.105352036639481,1.9794749350853789,1.5782381861563801,0.572750381917232,-0.40123674892899874,0.6725835546141923,9.0,0.13333333333333333,0
20261005T183107Z,alpaca_live_path_harvest,22,NVDA,TSLA,mag7,4.049947480844342,0.6441964667951926,1.5782381861563801,0.5874311040976781,0.9340417193611875,-0.14664103545989066,10.0,0.13333333333333333,0
20261005T183107Z,alpaca_live_path_harvest,1,KLAC,LRCX,semis,1.5161627809066627,0.0,2.248343466236517,0.6781614123402362,-2.248343466236517,-0.6494847904030848,0.0,0.6666666666666666,1
20261005T183107Z,alpaca_live_path_harvest,2,KLAC,LRCX,semis,1.5584940730445893,3.1356159981070175,2.248343466236517,0.6840232794852343,0.8872725318705004,0.2839424954776916,1.0,0.6666666666666666,1
20261005T183107Z,alpaca_live_path_harvest,3,KLAC,LRCX,semis,1.784557479254384,-0.11742421666947989,2.248343466236517,0.6539678231293384,-2.365767682905997,-0.7870114199373603,2.0,0.6666666666666666,1
20261005T183107Z,alpaca_live_path_harvest,4,KLAC,LRCX,semis,1.7563759736648348,1.983599277925954,2.248343466236517,0.6565844054694776,-0.2647441883105633,-0.13097515343447413,3.0,0.6666666666666666,1
20261005T183107Z,alpaca_live_path_harvest,5,KLAC,LRCX,semis,1.726317032396231,1.1613364966149178,2.248343466236517,0.6578460817439583,-1.0870069696215994,-0.24136089344878825,4.0,0.6666666666666666,1
20261005T183107Z,alpaca_live_path_harvest,6,KLAC,LRCX,semis,1.7445831135228622,0.2043241645665388,2.248343466236517,0.6385726165440493,-2.0440193016699784,0.01265795195531041,5.0,0.6666666666666666,1
20261005T183107Z,alpaca_live_path_harvest,7,KLAC,LRCX,semis,1.8933581360787755,3.4341523390563955,2.248343466236517,0.6307605959285243,1.1858088728198781,0.08339095264770435,6.0,0.6666666666666666,1
20261005T183107Z,alpaca_live_path_harvest,8,KLAC,LRCX,semis,2.428028154077342,5.281331592434597,2.248343466236517,0.578994497747633,3.0329881261980796,1.9161700357605753,7.0,0.6666666666666666,0
20261005T183107Z,alpaca_live_path_harvest,9,KLAC,LRCX,semis,2.584146401561559,3.8835676081838235,2.248343466236517,0.5663467432734912,1.6352241419473061,0.7233521777725173,8.0,0.6666666666666666,1
20261005T183107Z,alpaca_live_path_harvest,10,KLAC,LRCX,semis,2.9683364128351246,4.825039781829739,2.248343466236517,0.5356894332193305,2.5766963155932223,1.4737390006431497,9.0,0.6666666666666666,0
20261005T183107Z,alpaca_live_path_harvest,11,KLAC,LRCX,semis,2.991576208451209,1.6136630687559617,2.248343466236517,0.5362858677502322,-0.6346803974805555,0.45440151171264914,10.0,0.6666666666666666,1
20261005T183107Z,alpaca_live_path_harvest,12,KLAC,LRCX,semis,3.589501775814819,-0.7970461374796756,2.248343466236517,0.49804636777756267,-3.0453896037161927,-1.877616879908618,11.0,0.6666666666666666,1
20261005T183107Z,alpaca_live_path_harvest,13,KLAC,LRCX,semis,3.5886512875867465,2.2732107619446595,2.248343466236517,0.5034609606897523,0.024867295708142414,-1.1616841853010045,12.0,0.6666666666666666,1
20261005T183107Z,alpaca_live_path_harvest,14,KLAC,LRCX,semis,3.7158438406888648,3.671928109955502,2.248343466236517,0.4951607329535903,1.423584643718985,0.051417921133418074,13.0,0.6666666666666666,0
20261005T183107Z,alpaca_live_path_harvest,15,KLAC,LRCX,semis,3.825504989767546,3.620096724547901,2.248343466236517,0.4879297567001789,1.371753258311384,-0.42061487629127325,14.0,0.6666666666666666,0
20261005T183107Z,alpaca_live_path_harvest,16,KLAC,LRCX,semis,3.6901815900767034,1.9445705653196081,2.248343466236517,0.48769532814632505,-0.30377290091690906,0.12022271933786896,15.0,0.6666666666666666,1
20261005T183107Z,alpaca_live_path_harvest,17,KLAC,LRCX,semis,3.7352408944323297,1.3363392857510248,2.248343466236517,0.4845767020690107,-0.9120041804854923,1.0429832612171368,16.0,0.6666666666666666,1
20261005T183107Z,alpaca_live_path_harvest,18,KLAC,LRCX,semis,3.567209519915297,2.5357658640638467,2.248343466236517,0.484244099742403,0.2874223978273298,0.1723456192878757,17.0,0.6666666666666666,1
20261005T183107Z,alpaca_live_path_harvest,19,KLAC,LRCX,semis,3.5603871844299673,2.5786542781212582,2.248343466236517,0.4838282322581929,0.33031081188474126,-0.5090867860994877,18.0,0.6666666666666666,0
20261005T183107Z,alpaca_live_path_harvest,20,KLAC,LRCX,semis,5.58215565563575,-2.1614204971608206,2.248343466236517,0.3886472932554419,-4.409763963397338,-3.9289533221723616,19.0,0.6666666666666666,0
20261005T183107Z,alpaca_live_path_harvest,21,KLAC,LRCX,semis,2.2846889422213663,0.0,1.6867492837157023,0.5962057823316464,-1.6867492837157023,-0.48069279391760344,0.0,0.13333333333333333,1
20261005T183107Z,alpaca_live_path_harvest,22,KLAC,LRCX,semis,2.407007338128463,0.1119557830124378,1.6867492837157023,0.5877032883342331,-1.5747935007032645,-0.37000345391476797,1.0,0.13333333333333333,1
20261005T183107Z,alpaca_live_path_harvest,23,KLAC,LRCX,semis,2.305112342109625,0.5875943454595656,1.6867492837157023,0.5841318031274353,-1.0991549382561367,-0.8460423167723604,2.0,0.13333333333333333,1
20261005T183107Z,alpaca_live_path_harvest,24,KLAC,LRCX,semis,2.2265198424666317,1.8974572185238248,1.6867492837157023,0.5841449094073972,0.2107079348081224,0.013944126241682397,3.0,0.13333333333333333,1
20261005T183107Z,alpaca_live_path_harvest,25,KLAC,LRCX,semis,2.166965934008773,1.2863008694384535,1.6867492837157023,0.593548283081317,-0.400448414277249,0.20546778723879697,4.0,0.13333333333333333,1
20261005T183107Z,alpaca_live_path_harvest,26,KLAC,LRCX,semis,2.1017382965577647,1.5654315736205597,1.6867492837157023,0.5936128061134265,-0.1213177100951425,0.5642360270455242,5.0,0.13333333333333333,1
20261005T183107Z,alpaca_live_path_harvest,27,KLAC,LRCX,semis,2.109438823948859,2.2871819793722064,1.6867492837157023,0.5931118506800754,0.600432695656504,0.8554445595595211,6.0,0.13333333333333333,1
20261005T183107Z,alpaca_live_path_harvest,28,KLAC,LRCX,semis,1.6126672805157134,2.220957915749297,1.6867492837157023,0.6074080637897994,0.5342086320335949,0.6636129079151601,7.0,0.13333333333333333,1
20261005T183107Z,alpaca_live_path_harvest,29,KLAC,LRCX,semis,2.0090550688651523,3.66027090856365,1.6867492837157023,0.5893915385849666,1.9735216248479472,0.7605097396542988,8.0,0.13333333333333333,0
20261005T183107Z,alpaca_live_path_harvest,30,KLAC,LRCX,semis,1.9981362088008274,2.2632538091376126,1.6867492837157023,0.595170451437037,0.5765045254219102,0.4396042935768719,9.0,0.13333333333333333,0
20261005T183107Z,alpaca_live_path_harvest,31,KLAC,LRCX,semis,2.101318016279907,0.29566395356940656,1.6867492837157023,0.5873111144008165,-1.3910853301462958,-0.4885306584465809,10.0,0.13333333333333333,0
20261005T183107Z,alpaca_live_path_harvest,32,KLAC,LRCX,semis,2.480376942434366,0.0,2.126495880389254,0.5609921559465099,2.126495880389254,0.7501143425286727,0.0,0.13333333333333333,1
20261005T183107Z,alpaca_live_path_harvest,33,KLAC,LRCX,semis,2.796636582813984,-0.09732462529101449,2.126495880389254,0.5564079743047118,2.2238205056802687,0.8549259424441402,1.0,0.13333333333333333,1
20261005T183107Z,alpaca_live_path_harvest,34,KLAC,LRCX,semis,2.8323392933010254,1.3315676057737424,2.126495880389254,0.5548798223586316,0.7949282746155117,-0.4236060101116948,2.0,0.13333333333333333,1
20261005T183107Z,alpaca_live_path_harvest,35,KLAC,LRCX,semis,2.9325016227960887,3.594017173806629,2.126495880389254,0.5442534172080037,-1.467521293417375,-0.9226282822937264,3.0,0.13333333333333333,1
20261005T183107Z,alpaca_live_path_harvest,36,KLAC,LRCX,semis,2.8128646925227385,1.1634338991247464,2.126495880389254,0.5407972671279231,0.9630619812645078,1.0273392167516533,4.0,0.13333333333333333,1
20261005T183107Z,alpaca_live_path_harvest,37,KLAC,LRCX,semis,4.524296639153117,6.33157039686667,2.126495880389254,0.43627326111266784,-4.205074516477416,-3.6554032386922812,5.0,0.13333333333333333,0
20261005T183107Z,alpaca_live_path_harvest,38,KLAC,LRCX,semis,4.521288589358045,2.7447021691982516,2.126495880389254,0.4372455754484357,-0.6182062888089974,-1.5013639594509527,6.0,0.13333333333333333,1
20261005T183107Z,alpaca_live_path_harvest,39,KLAC,LRCX,semis,4.570754595126065,2.8587175816260286,2.126495880389254,0.43583784951436894,-0.7322217012367742,-0.9339377302447531,7.0,0.13333333333333333,1
20261005T183107Z,alpaca_live_path_harvest,40,KLAC,LRCX,semis,5.176971029316156,4.713695109933223,2.126495880389254,0.4094683978362688,-2.587199229543969,-1.2685473530537195,8.0,0.13333333333333333,0
20261005T183107Z,alpaca_live_path_harvest,41,KLAC,LRCX,semis,5.305735877866433,3.4296813638285757,2.126495880389254,0.40522525494365547,-1.3031854834393215,-1.544539578689296,9.0,0.13333333333333333,0
20261005T183107Z,alpaca_live_path_harvest,42,KLAC,LRCX,semis,5.299173542722133,1.6870939861273317,2.126495880389254,0.4053278563683621,0.4394018942619224,2.8604964417057372,10.0,0.13333333333333333,0
20261005T183107Z,alpaca_live_path_harvest,43,KLAC,LRCX,semis,3.349585645998537,0.0,2.461716182006698,0.47690772743197957,2.461716182006698,1.994994968224006,0.0,0.13333333333333333,1
20261005T183107Z,alpaca_live_path_harvest,44,KLAC,LRCX,semis,5.2354995786089455,5.320912777480432,2.461716182006698,0.3960087064900882,-2.8591965954737337,-3.644519417434026,1.0,0.13333333333333333,0
20261005T183107Z,alpaca_live_path_harvest,45,KLAC,LRCX,semis,5.517115626320089,3.6470667267450567,2.461716182006698,0.38576827586083584,-1.1853505447383588,-1.4769383640752551,2.0,0.13333333333333333,0
20261005T183107Z,alpaca_live_path_harvest,46,KLAC,LRCX,semis,5.475438406787958,2.793890950172206,2.461716182006698,0.38508485811809884,-0.33217476816550773,-1.0365530264276288,3.0,0.13333333333333333,1
20261005T183107Z,alpaca_live_path_harvest,47,KLAC,LRCX,semis,6.043421011615458,0.31555213061364507,2.461716182006698,0.36229014309915575,2.146164051393053,2.145626591557215,4.0,0.13333333333333333,1
20261005T183107Z,alpaca_live_path_harvest,48,KLAC,LRCX,semis,6.160629504842292,3.120351400422599,2.461716182006698,0.3651193557426463,-0.6586352184159008,-2.8843781247791584,5.0,0.13333333333333333,1
20261005T183107Z,alpaca_live_path_harvest,49,KLAC,LRCX,semis,6.1513969070831775,2.262032390185821,2.461716182006698,0.36596511205869436,0.1996837918208771,2.8694618889287655,6.0,0.13333333333333333,1
20261005T183107Z,alpaca_live_path_harvest,50,KLAC,LRCX,semis,6.418701418977637,3.5551131206132762,2.461716182006698,0.35766935903142616,-1.0933969386065778,-0.02505631132768258,7.0,0.13333333333333333,0
20261005T183107Z,alpaca_live_path_harvest,51,KLAC,LRCX,semis,6.397262966704464,2.2042265799101313,2.461716182006698,0.35988656593231083,0.25748960209656685,0.557068478876397,8.0,0.13333333333333333,0
20261005T183107Z,alpaca_live_path_harvest,52,KLAC,LRCX,semis,6.347544658789275,1.5940031744156067,2.461716182006698,0.3595270752368764,0.8677130075910915,-1.406468839280501,9.0,0.13333333333333333,0
20261005T183107Z,alpaca_live_path_harvest,53,KLAC,LRCX,semis,6.753666316977231,0.5770901625110669,2.461716182006698,0.3473789483493187,1.8846260194956312,2.5835957233389992,10.0,0.13333333333333333,0
20261005T183107Z,alpaca_live_path_harvest,54,KLAC,LRCX,semis,3.646667685692492,0.0,1.767969994978734,0.4723480331174521,-1.767969994978734,-1.432907096479346,0.0,0.13333333333333333,1
20261005T183107Z,alpaca_live_path_harvest,55,KLAC,LRCX,semis,6.436958620947703,-1.6744034249158202,1.767969994978734,0.35744894661810594,-3.442373419894554,-4.896990445096589,1.0,0.13333333333333333,1
20261005T183107Z,alpaca_live_path_harvest,56,KLAC,LRCX,semis,6.484900490167525,2.5324821549449115,1.767969994978734,0.3529898438602823,0.7645121599661775,0.6581529402456056,2.0,0.13333333333333333,1
20261005T183107Z,alpaca_live_path_harvest,57,KLAC,LRCX,semis,6.347141909778288,1.6551945114443656,1.767969994978734,0.3530561608107479,-0.11277548353436843,-0.6689078468284663,3.0,0.13333333333333333,1
20261005T183107Z,alpaca_live_path_harvest,58,KLAC,LRCX,semis,6.331058047575587,1.5041177903582237,1.767969994978734,0.35290498570153883,-0.2638522046205102,-0.8606618198242529,4.0,0.13333333333333333,1
20261005T183107Z,alpaca_live_path_harvest,59,KLAC,LRCX,semis,6.413395041697282,2.3756056731741886,1.767969994978734,0.34992164004817006,0.6076356781954546,2.347927109664437,5.0,0.13333333333333333,1
20261005T183107Z,alpaca_live_path_harvest,60,KLAC,LRCX,semis,6.280101761119252,2.018847073471123,1.767969994978734,0.35299637443881166,0.2508770784923891,4.39365452054372,6.0,0.13333333333333333,1
20261005T183107Z,alpaca_live_path_harvest,61,KLAC,LRCX,semis,6.314760464300813,2.063488854587077,1.767969994978734,0.3554633689604889,0.29551885960834334,-0.623807933999484,7.0,0.13333333333333333,1
20261005T183107Z,alpaca_live_path_harvest,62,KLAC,LRCX,semis,6.322387574661084,1.4610590007619142,1.767969994978734,0.3589962145288107,-0.30691099421681967,-0.26687032685900364,8.0,0.13333333333333333,1
20261005T183107Z,alpaca_live_path_harvest,63,KLAC,LRCX,semis,6.464780028879962,2.59488194693668,1.767969994978734,0.35567380763721285,0.8269119519579461,1.208459190217468,9.0,0.13333333333333333,0
20261005T183107Z,alpaca_live_path_harvest,64,KLAC,LRCX,semis,6.471130787073998,1.4525110366331369,1.767969994978734,0.35574482659682943,-0.315458958345597,-1.0513459573502586,10.0,0.13333333333333333,0
20261005T183107Z,alpaca_live_path_harvest,1,MU,SNDK,memory,16.138868830281275,0.0,3.3345502148737065,0.5719606473675485,-3.3345502148737065,-14.149074240094887,0.0,0.6666666666666666,1
20261005T183107Z,alpaca_live_path_harvest,2,MU,SNDK,memory,16.104983120617618,2.807893530271326,3.3345502148737065,0.5768910735873445,-0.5266566846023807,-2.3821605119236096,1.0,0.6666666666666666,1
20261005T183107Z,alpaca_live_path_harvest,3,MU,SNDK,memory,16.15870729547094,3.848535050762629,3.3345502148737065,0.5804391482113731,0.5139848358889224,2.100162087662477,2.0,0.6666666666666666,1
20261005T183107Z,alpaca_live_path_harvest,4,MU,SNDK,memory,17.01917126186785,1.7808659908269577,3.3345502148737065,0.5695811517381846,-1.5536842240467488,-1.6743753288638004,3.0,0.6666666666666666,1
20261005T183107Z,alpaca_live_path_harvest,5,MU,SNDK,memory,16.60543983590717,2.7444032766468576,3.3345502148737065,0.5718396010226872,-0.590146938226849,-1.5607575684540849,4.0,0.6666666666666666,1
20261005T183107Z,alpaca_live_path_harvest,6,MU,SNDK,memory,16.597723298081334,2.8802109468733947,3.3345502148737065,0.5885259314773015,-0.45433926800031166,9.204554166494017,5.0,0.6666666666666666,1
20261005T183107Z,alpaca_live_path_harvest,7,MU,SNDK,memory,16.219234405859556,3.2367095511299144,3.3345502148737065,0.5897586669136138,-0.09784066374379219,1.1225280998191807,6.0,0.6666666666666666,1
20261005T183107Z,alpaca_live_path_harvest,8,MU,SNDK,memory,16.32275468850194,2.4382337315412594,3.3345502148737065,0.5893823853439524,-0.896316483332447,-4.3153474850764155,7.0,0.6666666666666666,1
20261005T183107Z,alpaca_live_path_harvest,9,MU,SNDK,memory,17.870909638082747,4.954599842915384,3.3345502148737065,0.5692000587392668,1.620049628041677,9.328246626060992,8.0,0.6666666666666666,1
20261005T183107Z,alpaca_live_path_harvest,10,MU,SNDK,memory,18.971032937627452,1.4140884744479842,3.3345502148737065,0.5572193136310889,-1.9204617404257223,-4.448317426046276,9.0,0.6666666666666666,1
20261005T183107Z,alpaca_live_path_harvest,11,MU,SNDK,memory,17.719742403563004,2.535816987990328,3.3345502148737065,0.5557942692376427,-0.7987332268833787,-1.3736189026582224,10.0,0.6666666666666666,1
20261005T183107Z,alpaca_live_path_harvest,12,MU,SNDK,memory,17.978494763867655,3.993314010676983,3.3345502148737065,0.5556412453709271,0.6587637958032767,2.0894372008182587,11.0,0.6666666666666666,1
20261005T183107Z,alpaca_live_path_harvest,13,MU,SNDK,memory,20.15049844089587,5.046807493435854,3.3345502148737065,0.5354079236294955,1.7122572785621475,7.96512742075871,12.0,0.6666666666666666,0
20261005T183107Z,alpaca_live_path_harvest,14,MU,SNDK,memory,20.049930446271564,2.995209166824302,3.3345502148737065,0.5374096984805192,-0.33934104804940474,-6.058461626490998,13.0,0.6666666666666666,1
20261005T183107Z,alpaca_live_path_harvest,15,MU,SNDK,memory,20.676251407122315,4.255671940800246,3.3345502148737065,0.5316059116974718,0.92112172592654,8.8526836218531,14.0,0.6666666666666666,1
20261005T183107Z,alpaca_live_path_harvest,16,MU,SNDK,memory,16.235343023700157,2.588883827617852,3.3345502148737065,0.5399477079493116,-0.7456663872558545,0.13439324868284075,15.0,0.6666666666666666,1
20261005T183107Z,alpaca_live_path_harvest,17,MU,SNDK,memory,16.27523074846303,2.872306887063033,3.3345502148737065,0.5418063220031424,-0.4622433278106739,-3.5495098187595318,16.0,0.6666666666666666,1
20261005T183107Z,alpaca_live_path_harvest,18,MU,SNDK,memory,19.531324009857865,0.7626314782894177,3.3345502148737065,0.5133339806581929,-2.571918736584289,-14.781117490298424,17.0,0.6666666666666666,1
20261005T183107Z,alpaca_live_path_harvest,19,MU,SNDK,memory,21.007728245614818,1.3557309715426242,3.3345502148737065,0.49907569455632655,-1.9788192433310823,-6.750259122463229,18.0,0.6666666666666666,1
20261005T183107Z,alpaca_live_path_harvest,20,MU,SNDK,memory,22.278981478323377,1.5916138665112696,3.3345502148737065,0.49104526292349415,-1.742936348362437,-10.044162558945732,19.0,0.6666666666666666,1
20261005T183107Z,alpaca_live_path_harvest,21,MU,SNDK,memory,24.371280467230562,5.0323729000112625,3.3345502148737065,0.4973980424017638,1.697822685137556,8.30871431574177,20.0,0.6666666666666666,0
20261005T183107Z,alpaca_live_path_harvest,22,MU,SNDK,memory,24.777867523564815,4.099082296200418,3.3345502148737065,0.4931428817807559,0.7645320813267115,3.9351368037471275,21.0,0.6666666666666666,1
20261005T183107Z,alpaca_live_path_harvest,23,MU,SNDK,memory,24.735641507504816,3.4813266331194366,3.3345502148737065,0.49592423092450816,0.14677641824573012,9.14892247466712,22.0,0.6666666666666666,1
20261005T183107Z,alpaca_live_path_harvest,24,MU,SNDK,memory,23.409614064307785,3.552788688503243,3.3345502148737065,0.4991162641852417,0.21823847362953647,7.974195849240846,23.0,0.6666666666666666,1
20261005T183107Z,alpaca_live_path_harvest,25,MU,SNDK,memory,23.3722774299684,4.4949702326162955,3.3345502148737065,0.4913539452619944,1.1604200177425887,11.032037866740836,24.0,0.6666666666666666,1
20261005T183107Z,alpaca_live_path_harvest,26,MU,SNDK,memory,23.225666850730665,3.4850086563862837,3.3345502148737065,0.49130907449204375,0.1504584415125771,-5.939486007715902,25.0,0.6666666666666666,1
20261005T183107Z,alpaca_live_path_harvest,27,MU,SNDK,memory,23.196251439352867,2.7178760561894766,3.3345502148737065,0.4896555596057012,-0.6166741586842298,-5.306089238691788,26.0,0.6666666666666666,1
20261005T183107Z,alpaca_live_path_harvest,28,MU,SNDK,memory,21.61516127068867,3.6400782144432284,3.3345502148737065,0.49016932556261567,0.3055279995695217,0.6210196790428654,27.0,0.6666666666666666,1
20261005T183107Z,alpaca_live_path_harvest,29,MU,SNDK,memory,22.21820001031973,4.242866550899501,3.3345502148737065,0.4969729392238728,0.9083163360257951,2.6982999598815693,28.0,0.6666666666666666,1
20261005T183107Z,alpaca_live_path_harvest,30,MU,SNDK,memory,22.36220071738923,4.367619040684622,3.3345502148737065,0.5020445381993702,1.033068825810916,-0.538301035648783,29.0,0.6666666666666666,1
20261005T183107Z,alpaca_live_path_harvest,31,MU,SNDK,memory,22.478222589229183,2.660901559301948,3.3345502148737065,0.5008868708529014,-0.6736486555717589,-3.1185710086647873,30.0,0.6666666666666666,1
20261005T183107Z,alpaca_live_path_harvest,32,MU,SNDK,memory,22.457742610452023,3.2124943440851643,3.3345502148737065,0.502637999433513,-0.12205587078854221,1.8602415505576801,31.0,0.6666666666666666,1
20261005T183107Z,alpaca_live_path_harvest,33,MU,SNDK,memory,19.579852391343337,2.6854255277915535,3.3345502148737065,0.5150826468606328,-0.6491246870821529,-3.7230297617703743,32.0,0.6666666666666666,1
20261005T183107Z,alpaca_live_path_harvest,34,MU,SNDK,memory,17.28033959896108,4.418281781209677,3.3345502148737065,0.5078731896105252,1.0837315663359701,0.6178040464762035,33.0,0.6666666666666666,1
20261005T183107Z,alpaca_live_path_harvest,35,MU,SNDK,memory,14.305457568421021,4.379293322582109,3.3345502148737065,0.5062830522120314,1.0447431077084028,0.08675049523400276,34.0,0.6666666666666666,1
20261005T183107Z,alpaca_live_path_harvest,36,MU,SNDK,memory,14.438467402767285,2.3234679469677033,3.3345502148737065,0.5012292515304823,-1.0110822679060032,-1.5942998749858248,35.0,0.6666666666666666,1
20261005T183107Z,alpaca_live_path_harvest,37,MU,SNDK,memory,14.356949821421376,4.038168006177016,3.3345502148737065,0.49906483098115356,0.7036177913033096,3.08645761946849,36.0,0.6666666666666666,1
20261005T183107Z,alpaca_live_path_harvest,38,MU,SNDK,memory,14.66533053959503,4.196702413502909,3.3345502148737065,0.528023977111499,0.8621521986292027,5.889660571854324,37.0,0.6666666666666666,1
20261005T183107Z,alpaca_live_path_harvest,39,MU,SNDK,memory,14.67705085396918,3.7635445144504343,3.3345502148737065,0.5608231438615989,0.4289942995767279,-2.4272684099881987,38.0,0.6666666666666666,1
20261005T183107Z,alpaca_live_path_harvest,40,MU,SNDK,memory,13.90766124823222,3.545552172318426,3.3345502148737065,0.6013073223116489,0.21100195744471964,-3.2734858387423516,39.0,0.6666666666666666,1
20261005T183107Z,alpaca_live_path_harvest,41,MU,SNDK,memory,14.770374461883991,4.54156622850172,3.3345502148737065,0.6133871811216108,1.207016013628014,8.937280958643294,40.0,0.6666666666666666,0
20261005T183107Z,alpaca_live_path_harvest,42,MU,SNDK,memory,13.927067455451205,3.550666526431894,3.3345502148737065,0.6156530673465881,0.21611631155818745,-1.375235041460337,41.0,0.6666666666666666,1
20261005T183107Z,alpaca_live_path_harvest,43,MU,SNDK,memory,15.455276435674127,2.261163764757817,3.3345502148737065,0.5962123361793825,-1.0733864501158898,-7.048255443561686,42.0,0.6666666666666666,1
20261005T183107Z,alpaca_live_path_harvest,44,MU,SNDK,memory,15.144033263607689,3.248770646974182,3.3345502148737065,0.5954740022296392,-0.08577956789952425,-1.655700205590358,43.0,0.6666666666666666,1
20261005T183107Z,alpaca_live_path_harvest,45,MU,SNDK,memory,14.601486533147,3.0698265218033822,3.3345502148737065,0.6041190008321641,-0.26472369307032445,-1.4495501249963127,44.0,0.6666666666666666,1
20261005T183107Z,alpaca_live_path_harvest,46,MU,SNDK,memory,14.28664423352074,4.070310270657497,3.3345502148737065,0.5998741637140788,0.735760055783791,-1.6494132604760465,45.0,0.6666666666666666,1
20261005T183107Z,alpaca_live_path_harvest,47,MU,SNDK,memory,14.257617408837229,3.1281321059143825,3.3345502148737065,0.6073954391532044,-0.2064181089593241,-1.5427798340940284,46.0,0.6666666666666666,1
20261005T183107Z,alpaca_live_path_harvest,48,MU,SNDK,memory,13.758464344242983,2.877900123026271,3.3345502148737065,0.60352829561548,-0.4566500918474357,2.4995995332036953,47.0,0.6666666666666666,1
20261005T183107Z,alpaca_live_path_harvest,49,MU,SNDK,memory,13.421370910796528,4.096412553227355,3.3345502148737065,0.6049775249881093,0.7618623383536486,3.0980641625758834,48.0,0.6666666666666666,0
20261005T183107Z,alpaca_live_path_harvest,50,MU,SNDK,memory,13.68047412117847,2.32166718407756,3.3345502148737065,0.6020225318094665,-1.0128830307961465,-2.541663561195617,49.0,0.6666666666666666,0
20261005T183107Z,alpaca_live_path_harvest,51,MU,SNDK,memory,13.981197093575135,1.9594346452992302,3.3345502148737065,0.5893628124020565,-1.3751155695744763,-7.767834223561863,50.0,0.6666666666666666,0
20261005T183107Z,alpaca_live_path_harvest,52,MU,SNDK,memory,13.979502634247869,0.0,2.7259175077971047,0.5898435990612686,-2.7259175077971047,-8.74555601400068,0.0,0.13333333333333333,1
20261005T183107Z,alpaca_live_path_harvest,53,MU,SNDK,memory,18.89332460746065,5.509345186280578,2.7259175077971047,0.5351362038843276,2.7834276784834735,6.9982564848662605,1.0,0.13333333333333333,0
20261005T183107Z,alpaca_live_path_harvest,54,MU,SNDK,memory,19.570935157323827,3.9290588540481446,2.7259175077971047,0.5305022898073084,1.2031413462510396,5.0533603430080465,2.0,0.13333333333333333,1
20261005T183107Z,alpaca_live_path_harvest,55,MU,SNDK,memory,19.73626254884393,2.165385075237522,2.7259175077971047,0.5345948796319727,-0.5605324325595825,1.8669899169725226,3.0,0.13333333333333333,1
20261005T183107Z,alpaca_live_path_harvest,56,MU,SNDK,memory,19.012767117165296,2.725948586506923,2.7259175077971047,0.5471315829203014,3.107870981807574e-05,-0.5503671971434528,4.0,0.13333333333333333,1
20261005T183107Z,alpaca_live_path_harvest,57,MU,SNDK,memory,19.012045759660353,2.749531812740777,2.7259175077971047,0.5536343565738276,0.023614304943672202,8.216399545212493,5.0,0.13333333333333333,1
20261005T183107Z,alpaca_live_path_harvest,58,MU,SNDK,memory,19.10100066534958,3.234179026847217,2.7259175077971047,0.5542211457593569,0.5082615190501124,-7.345853153495352,6.0,0.13333333333333333,1
20261005T183107Z,alpaca_live_path_harvest,59,MU,SNDK,memory,18.533605219165633,2.944166447062931,2.7259175077971047,0.554912915930112,0.21824893926582656,-3.256942070407388,7.0,0.13333333333333333,1
20261005T183107Z,alpaca_live_path_harvest,60,MU,SNDK,memory,19.212457375021383,4.030928142588978,2.7259175077971047,0.5466664050918548,1.3050106347918735,6.101671573365468,8.0,0.13333333333333333,0
20261005T183107Z,alpaca_live_path_harvest,61,MU,SNDK,memory,19.52102915024374,1.9194813895242149,2.7259175077971047,0.550308513958744,-0.8064361182728899,-2.3443932586971643,9.0,0.13333333333333333,1
20261005T183107Z,alpaca_live_path_harvest,62,MU,SNDK,memory,19.706158852126613,2.1550545617329795,2.7259175077971047,0.5488882066564348,-0.5708629460641251,-1.813520686862273,10.0,0.13333333333333333,0
20261005T183107Z,alpaca_live_path_harvest,63,MU,SNDK,memory,13.324322878505777,0.0,1.789358952431164,0.5266437637117851,1.789358952431164,8.378826267496994,0.0,0.13333333333333333,1
20261005T183107Z,alpaca_live_path_harvest,64,MU,SNDK,memory,13.572648339277439,0.7910096056335989,1.789358952431164,0.5306561881882208,0.998349346797565,6.054690491871725,1.0,0.13333333333333333,1
20261005T183107Z,alpaca_live_path_harvest,65,MU,SNDK,memory,13.651414200657307,2.0121932813345342,1.789358952431164,0.5299431105014003,-0.22283432890337046,2.075985710107716,2.0,0.13333333333333333,1
20261005T183107Z,alpaca_live_path_harvest,66,MU,SNDK,memory,19.93703194124089,-1.3224005130588166,1.789358952431164,0.5157641330254369,3.1117594654899805,10.446276562385833,3.0,0.13333333333333333,1
20261005T183107Z,alpaca_live_path_harvest,67,MU,SNDK,memory,20.423601187645467,0.6594138781725329,1.789358952431164,0.537719333712061,1.129945074258631,4.985039062329951,4.0,0.13333333333333333,1
20261005T183107Z,alpaca_live_path_harvest,68,MU,SNDK,memory,22.36343808049639,-0.23654417912966008,1.789358952431164,0.5176290388836681,2.025903131560824,2.931133960223292,5.0,0.13333333333333333,1
20261005T183107Z,alpaca_live_path_harvest,69,MU,SNDK,memory,22.153557566522117,1.3829354752416578,1.789358952431164,0.522581757560376,0.4064234771895062,-0.9390807787603308,6.0,0.13333333333333333,1
20261005T183107Z,alpaca_live_path_harvest,70,MU,SNDK,memory,28.452873732097967,4.807375127190957,1.789358952431164,0.45960143566886374,-3.018016174759793,-11.700396831739818,7.0,0.13333333333333333,0
20261005T183107Z,alpaca_live_path_harvest,71,MU,SNDK,memory,28.25348330353242,1.9591392323912538,1.789358952431164,0.4593920555814602,-0.1697802799600899,-11.98113170199465,8.0,0.13333333333333333,1
20261005T183107Z,alpaca_live_path_harvest,72,MU,SNDK,memory,28.24885208658359,2.1167867015172437,1.789358952431164,0.458626352020943,-0.3274277490860795,-5.5549213901957275,9.0,0.13333333333333333,0
20261005T183107Z,alpaca_live_path_harvest,73,MU,SNDK,memory,28.54377093472573,0.4957292804802975,1.789358952431164,0.45169753145660485,1.2936296719508664,-2.224930327570564,10.0,0.13333333333333333,0
20261005T183107Z,alpaca_live_path_harvest,74,MU,SNDK,memory,31.387560263227332,0.0,2.094465636877182,0.4312980398682313,-2.094465636877182,-11.582853125462748,0.0,0.13333333333333333,1
20261005T183107Z,alpaca_live_path_harvest,75,MU,SNDK,memory,31.224594478075065,3.034519083957876,2.094465636877182,0.42972920101296774,0.9400534470806942,17.264930993397048,1.0,0.13333333333333333,1
20261005T183107Z,alpaca_live_path_harvest,76,MU,SNDK,memory,38.15119661186385,5.335410332401382,2.094465636877182,0.3828973877404771,3.2409446955242007,18.91077707841298,2.0,0.13333333333333333,0
20261005T183107Z,alpaca_live_path_harvest,77,MU,SNDK,memory,38.21722285306162,3.117628341695906,2.094465636877182,0.3800525693117398,1.0231627048187242,7.7006956546476655,3.0,0.13333333333333333,1
20261005T183107Z,alpaca_live_path_harvest,78,MU,SNDK,memory,40.044094645479284,0.7496216687080612,2.094465636877182,0.3739092170247241,-1.3448439681691209,-12.805520513819806,4.0,0.13333333333333333,1
20261005T183107Z,alpaca_live_path_harvest,79,MU,SNDK,memory,40.101128052801506,2.647168178306292,2.094465636877182,0.37622821852568256,0.5527025414291102,13.536234408859423,5.0,0.13333333333333333,1
20261005T183107Z,alpaca_live_path_harvest,80,MU,SNDK,memory,40.06014320985906,2.9140945559216314,2.094465636877182,0.37817772632394125,0.8196289190444493,1.143763800738452,6.0,0.13333333333333333,1
20261005T183107Z,alpaca_live_path_harvest,81,MU,SNDK,memory,40.03838719431483,3.7983482180000507,2.094465636877182,0.36933319417852745,1.7038825811228688,-6.98564683904076,7.0,0.13333333333333333,0
20261005T183107Z,alpaca_live_path_harvest,82,MU,SNDK,memory,43.70629216818804,0.15016430200031783,2.094465636877182,0.35043297360973097,-1.9443013348768643,-17.634797846316268,8.0,0.13333333333333333,1
20261005T183107Z,alpaca_live_path_harvest,83,MU,SNDK,memory,44.07800530987003,0.8359199422163799,2.094465636877182,0.3434897928393151,-1.2585456946608022,-0.37658160241544464,9.0,0.13333333333333333,1
20261005T183107Z,alpaca_live_path_harvest,84,MU,SNDK,memory,44.327156926646126,1.4228353636498476,2.094465636877182,0.34142358134394857,-0.6716302732273344,-7.383124176580941,10.0,0.13333333333333333,0
20261005T183107Z,alpaca_live_path_harvest,85,MU,SNDK,memory,25.038838708567756,0.0,1.5497658230603253,0.41129875448872727,-1.5497658230603253,-11.978204411069077,0.0,0.13333333333333333,1
20261005T183107Z,alpaca_live_path_harvest,86,MU,SNDK,memory,22.080048415534986,1.1846205816245834,1.5497658230603253,0.41539907840893187,-0.3651452414357418,2.7036090387132163,1.0,0.13333333333333333,1
20261005T183107Z,alpaca_live_path_harvest,87,MU,SNDK,memory,21.631174412979668,1.9028981220923642,1.5497658230603253,0.41249989649101426,0.3531322990320388,3.62109906372325,2.0,0.13333333333333333,1
20261005T183107Z,alpaca_live_path_harvest,88,MU,SNDK,memory,20.07523625677863,1.4100233098944315,1.5497658230603253,0.4124418662938166,-0.13974251316589387,-3.4584769771163337,3.0,0.13333333333333333,1
20261005T183107Z,alpaca_live_path_harvest,89,MU,SNDK,memory,21.06495823909539,2.4184097403136535,1.5497658230603253,0.4563651701333535,0.8686439172533281,5.522388303625576,4.0,0.13333333333333333,1
20261005T183107Z,alpaca_live_path_harvest,90,MU,SNDK,memory,21.05166139862537,1.5334596373501186,1.5497658230603253,0.48122686980795404,-0.016306185710206728,10.792357363776137,5.0,0.13333333333333333,1
20261005T183107Z,alpaca_live_path_harvest,91,MU,SNDK,memory,21.41835378089973,2.054137231916578,1.5497658230603253,0.5103569767765491,0.5043714088562524,5.830053815278757,6.0,0.13333333333333333,1
20261005T183107Z,alpaca_live_path_harvest,92,MU,SNDK,memory,19.903122715856895,1.7365356767162283,1.5497658230603253,0.5156323467976215,0.1867698536559031,-1.3782101628582495,7.0,0.13333333333333333,1
20261005T183107Z,alpaca_live_path_harvest,93,MU,SNDK,memory,19.894359970914646,1.3622036088419602,1.5497658230603253,0.5280735800969449,-0.1875622142183651,-0.32394980333558576,8.0,0.13333333333333333,1
20261005T183107Z,alpaca_live_path_harvest,94,MU,SNDK,memory,26.17423737331746,-0.3192497422497962,1.5497658230603253,0.46966406489723744,-1.8690155653101215,-19.49140086958271,9.0,0.13333333333333333,1
20261005T183107Z,alpaca_live_path_harvest,95,MU,SNDK,memory,29.105452938435107,2.8329484923032817,1.5497658230603253,0.44820378616135487,1.2831826692429567,9.046140490494418,10.0,0.13333333333333333,0
20261005T183107Z,alpaca_live_path_harvest,1,AMZN,META,hyperscaler,2.9588813908428606,0.0,2.0279393279905626,0.6724417175952807,2.0279393279905626,1.1795847972109357,0.0,0.6666666666666666,1
20261005T183107Z,alpaca_live_path_harvest,2,AMZN,META,hyperscaler,2.737966857806926,0.6302363049989419,2.0279393279905626,0.6630384547625172,1.3977030229916207,1.4778063449063155,1.0,0.6666666666666666,1
20261005T183107Z,alpaca_live_path_harvest,3,AMZN,META,hyperscaler,2.6344630427369413,0.547083977360713,2.0279393279905626,0.6568384399114898,1.4808553506298496,1.0415559770163099,2.0,0.6666666666666666,1
20261005T183107Z,alpaca_live_path_harvest,4,AMZN,META,hyperscaler,2.7791049653915207,2.3566600059551606,2.0279393279905626,0.6691781175145598,-0.3287206779645981,-0.10525029686199332,3.0,0.6666666666666666,1
20261005T183107Z,alpaca_live_path_harvest,5,AMZN,META,hyperscaler,2.789226072560459,1.130966467658816,2.0279393279905626,0.672021218414601,0.8969728603317466,-0.07594506209245537,4.0,0.6666666666666666,1
20261005T183107Z,alpaca_live_path_harvest,6,AMZN,META,hyperscaler,2.8070417707542274,1.9148540919413473,2.0279393279905626,0.6744342888401652,0.11308523604921535,-1.3600278871801776,5.0,0.6666666666666666,1
20261005T183107Z,alpaca_live_path_harvest,7,AMZN,META,hyperscaler,2.8016879801648478,1.994032069071375,2.0279393279905626,0.69992047309215,0.033907258919187507,-0.9841029375101925,6.0,0.6666666666666666,1
20261005T183107Z,alpaca_live_path_harvest,8,AMZN,META,hyperscaler,2.859140894651146,2.1986375824812674,2.0279393279905626,0.7151857980892443,-0.17069825449070497,-1.2748815305114705,7.0,0.6666666666666666,1
20261005T183107Z,alpaca_live_path_harvest,9,AMZN,META,hyperscaler,2.800580535900107,1.7614024667837516,2.0279393279905626,0.7150971823559933,0.26653686120681114,0.5416436467655104,8.0,0.6666666666666666,1
20261005T183107Z,alpaca_live_path_harvest,10,AMZN,META,hyperscaler,2.945629838457534,2.5983626639092208,2.0279393279905626,0.7067390595653827,-0.5704233359186582,-1.044020729604273,9.0,0.6666666666666666,1
20261005T183107Z,alpaca_live_path_harvest,11,AMZN,META,hyperscaler,3.166990248531607,2.9693512364621375,2.0279393279905626,0.6940021734504801,-0.9414119084715749,-0.6959918260009772,10.0,0.6666666666666666,1
20261005T183107Z,alpaca_live_path_harvest,12,AMZN,META,hyperscaler,4.2037955457566305,4.616763223075878,2.0279393279905626,0.6290451193268595,-2.5888238950853157,-2.0237625684018896,11.0,0.6666666666666666,1
20261005T183107Z,alpaca_live_path_harvest,13,AMZN,META,hyperscaler,4.204499532994738,1.7654311758546442,2.0279393279905626,0.6306324508381063,0.2625081521359186,0.31777654033819547,12.0,0.6666666666666666,1
20261005T183107Z,alpaca_live_path_harvest,14,AMZN,META,hyperscaler,4.502414139800791,3.506989555309249,2.0279393279905626,0.6152122529523977,-1.4790502273186865,-1.3794155740545306,13.0,0.6666666666666666,1
20261005T183107Z,alpaca_live_path_harvest,15,AMZN,META,hyperscaler,4.665122989919119,0.5080446102022043,2.0279393279905626,0.6034767712536611,1.5198947177883584,1.5864686384794595,14.0,0.6666666666666666,1
20261005T183107Z,alpaca_live_path_harvest,16,AMZN,META,hyperscaler,4.280772513393747,1.9448231104180365,2.0279393279905626,0.6037408603136891,0.08311621757252628,0.7016245211791101,15.0,0.6666666666666666,1
20261005T183107Z,alpaca_live_path_harvest,17,AMZN,META,hyperscaler,8.017695352991495,6.591846155682672,2.0279393279905626,0.45916905782602674,-4.56390682769211,-3.4381001114808725,16.0,0.6666666666666666,0
20261005T183107Z,alpaca_live_path_harvest,18,AMZN,META,hyperscaler,7.96224174023622,1.1098853840369363,2.0279393279905626,0.45568585621775004,0.9180539439536264,0.7906072273629491,17.0,0.6666666666666666,1
20261005T183107Z,alpaca_live_path_harvest,19,AMZN,META,hyperscaler,8.300886408707935,0.8164517179932622,2.0279393279905626,0.4497540247995492,1.2114876099973004,2.524067517720982,18.0,0.6666666666666666,1
20261005T183107Z,alpaca_live_path_harvest,20,AMZN,META,hyperscaler,8.218648768265638,1.8784407513708012,2.0279393279905626,0.4513776232131996,0.14949857661976146,-1.0471107689981352,19.0,0.6666666666666666,1
20261005T183107Z,alpaca_live_path_harvest,21,AMZN,META,hyperscaler,8.269568336882978,1.6407594046766751,2.0279393279905626,0.45718349112417267,0.3871799233138875,0.37729730038950604,20.0,0.6666666666666666,1
20261005T183107Z,alpaca_live_path_harvest,22,AMZN,META,hyperscaler,8.594891302611103,3.857614729358975,2.0279393279905626,0.4499003557773019,-1.8296754013684122,3.2158211175384848,21.0,0.6666666666666666,0
20261005T183107Z,alpaca_live_path_harvest,23,AMZN,META,hyperscaler,8.752816824746613,3.459828095200331,2.0279393279905626,0.4499926451021716,-1.4318887672097682,-2.818631281432988,22.0,0.6666666666666666,0
20261005T183107Z,alpaca_live_path_harvest,24,AMZN,META,hyperscaler,8.72092965591772,2.9882812970480703,2.0279393279905626,0.4479771209165932,-0.9603419690575075,-2.7061985295055364,23.0,0.6666666666666666,0
20261005T183107Z,alpaca_live_path_harvest,25,AMZN,META,hyperscaler,8.77235736235895,1.829454254022051,2.0279393279905626,0.4507246186043671,0.19848507396851164,-0.0721980636868409,24.0,0.6666666666666666,1
20261005T183107Z,alpaca_live_path_harvest,26,AMZN,META,hyperscaler,8.77670072600291,2.2704798349497985,2.0279393279905626,0.4517116263611419,-0.24254050695923607,-0.9123479741550284,25.0,0.6666666666666666,1
20261005T183107Z,alpaca_live_path_harvest,27,AMZN,META,hyperscaler,8.6387512849047,1.7450422654739115,2.0279393279905626,0.4510540455169893,0.28289706251665125,2.426927402017975,26.0,0.6666666666666666,1
20261005T183107Z,alpaca_live_path_harvest,28,AMZN,META,hyperscaler,8.6936897138983,1.5303922079897827,2.0279393279905626,0.4486349419925588,0.49754712000078005,2.3440291116230014,27.0,0.6666666666666666,1
20261005T183107Z,alpaca_live_path_harvest,29,AMZN,META,hyperscaler,8.728576276642,1.5491372463177189,2.0279393279905626,0.4474810841061991,0.4788020816728438,1.813478940505945,28.0,0.6666666666666666,1
20261005T183107Z,alpaca_live_path_harvest,30,AMZN,META,hyperscaler,8.543633055217484,1.5493816117398551,2.0279393279905626,0.44506325342848646,0.4785577162507075,0.4074189705668914,29.0,0.6666666666666666,1
20261005T183107Z,alpaca_live_path_harvest,31,AMZN,META,hyperscaler,8.530417657075112,1.9953805989433269,2.0279393279905626,0.44480745228078694,0.03255872904723585,0.39319197149555973,30.0,0.6666666666666666,1
20261005T183107Z,alpaca_live_path_harvest,32,AMZN,META,hyperscaler,5.041823469397938,1.6537630941356833,2.0279393279905626,0.4506598081127228,0.3741762338548792,0.1504179483424025,31.0,0.6666666666666666,1
20261005T183107Z,alpaca_live_path_harvest,33,AMZN,META,hyperscaler,4.8555897756694915,1.7811078849381772,2.0279393279905626,0.4506169529744919,0.2468314430523855,-0.30005481745295126,32.0,0.6666666666666666,1
20261005T183107Z,alpaca_live_path_harvest,34,AMZN,META,hyperscaler,4.507534415048838,1.5157480145683069,2.0279393279905626,0.45110602507354025,0.5121913134222558,0.055596863124480936,33.0,0.6666666666666666,1
20261005T183107Z,alpaca_live_path_harvest,35,AMZN,META,hyperscaler,4.508132936988636,2.381273542643997,2.0279393279905626,0.4569379800168813,-0.35333421465343434,-1.0249273999640025,34.0,0.6666666666666666,1
20261005T183107Z,alpaca_live_path_harvest,36,AMZN,META,hyperscaler,4.458869113320797,2.5385081910088627,2.0279393279905626,0.4568643743439883,-0.5105688630183001,-0.6873222613284498,35.0,0.6666666666666666,0
20261005T183107Z,alpaca_live_path_harvest,37,AMZN,META,hyperscaler,3.855077282487566,1.1589363852295773,2.0279393279905626,0.5757614762888648,0.8690029427609852,0.6101668417726728,36.0,0.6666666666666666,1
20261005T183107Z,alpaca_live_path_harvest,38,AMZN,META,hyperscaler,3.1303685382041158,2.5024438702791505,2.0279393279905626,0.5808338495838296,-0.47450454228858807,-0.8944204295146733,37.0,0.6666666666666666,0
20261005T183107Z,alpaca_live_path_harvest,39,AMZN,META,hyperscaler,2.534714126507034,1.955595655866228,2.0279393279905626,0.5997233375395987,0.07234367212433461,-0.5571958229581071,38.0,0.6666666666666666,1
20261005T183107Z,alpaca_live_path_harvest,40,AMZN,META,hyperscaler,2.714394938521545,1.2580230574191695,2.0279393279905626,0.5919678075175059,0.769916270571393,1.3726796084623516,39.0,0.6666666666666666,1
20261005T183107Z,alpaca_live_path_harvest,41,AMZN,META,hyperscaler,2.732866995568477,1.2186997184621025,2.0279393279905626,0.5866961633135298,0.8092396095284602,1.6113487604242038,40.0,0.6666666666666666,1
20261005T183107Z,alpaca_live_path_harvest,42,AMZN,META,hyperscaler,2.766688114954927,1.993470033098348,2.0279393279905626,0.6306540016682673,0.03446929489221468,-1.0776481634147956,41.0,0.6666666666666666,1
20261005T183107Z,alpaca_live_path_harvest,43,AMZN,META,hyperscaler,2.758898680896641,1.9491739389520328,2.0279393279905626,0.6774097272889825,0.07876538903852982,0.6099704692198259,42.0,0.6666666666666666,1
20261005T183107Z,alpaca_live_path_harvest,44,AMZN,META,hyperscaler,2.77554848349507,2.1042028063022866,2.0279393279905626,0.7122378365455124,-0.07626347831172417,-0.24827933754048673,43.0,0.6666666666666666,1
20261005T183107Z,alpaca_live_path_harvest,45,AMZN,META,hyperscaler,2.7947588145901494,2.1837060230076872,2.0279393279905626,0.7070861310836593,-0.15576669501712476,-1.2278065975234427,44.0,0.6666666666666666,1
20261005T183107Z,alpaca_live_path_harvest,46,AMZN,META,hyperscaler,2.838051850660854,1.4649180880543358,2.0279393279905626,0.7116141861786477,0.5630212399362268,-0.3930850180830703,45.0,0.6666666666666666,1
20261005T183107Z,alpaca_live_path_harvest,47,AMZN,META,hyperscaler,3.1859475491138376,0.864743060390609,2.0279393279905626,0.6904150704590085,1.1631962675999536,1.338281015902845,46.0,0.6666666666666666,1
20261005T183107Z,alpaca_live_path_harvest,48,AMZN,META,hyperscaler,3.209206313848269,2.0201438447846716,2.0279393279905626,0.6900944260397202,0.007795483205890876,-0.06950289571569783,47.0,0.6666666666666666,1
20261005T183107Z,alpaca_live_path_harvest,49,AMZN,META,hyperscaler,3.382438281070916,1.0554512150958386,2.0279393279905626,0.6793528071598498,0.9724881128947239,1.3032932432032454,48.0,0.6666666666666666,1
20261005T183107Z,alpaca_live_path_harvest,50,AMZN,META,hyperscaler,3.408598241570819,2.3988401709040112,2.0279393279905626,0.6716648485226758,-0.3709008429134487,-0.21351387514310433,49.0,0.6666666666666666,0
20261005T183107Z,alpaca_live_path_harvest,51,AMZN,META,hyperscaler,3.1772879753934773,1.6105437616740719,2.0279393279905626,0.6715694204309015,0.4173955663164908,-0.08716174080083192,50.0,0.6666666666666666,0
20261005T183107Z,alpaca_live_path_harvest,52,AMZN,META,hyperscaler,3.942104258739586,0.0,2.04963680315285,0.6255370349441831,2.04963680315285,2.144269081786547,0.0,0.13333333333333333,1
20261005T183107Z,alpaca_live_path_harvest,53,AMZN,META,hyperscaler,3.916083279925131,2.1887161584951076,2.04963680315285,0.6287138257448361,-0.13907935534225754,-0.16211862677895397,1.0,0.13333333333333333,1
20261005T183107Z,alpaca_live_path_harvest,54,AMZN,META,hyperscaler,4.044522286304856,2.800005646845709,2.04963680315285,0.6324428875910446,-0.7503688436928593,-0.7833126223700162,2.0,0.13333333333333333,1
20261005T183107Z,alpaca_live_path_harvest,55,AMZN,META,hyperscaler,4.435147927066795,3.49475414751205,2.04963680315285,0.6108131193926554,-1.4451173443592,-1.3660416131813122,3.0,0.13333333333333333,1
20261005T183107Z,alpaca_live_path_harvest,56,AMZN,META,hyperscaler,4.365350197797721,2.168806101513743,2.04963680315285,0.6132629168010889,-0.11916929836089332,-0.8166148358920339,4.0,0.13333333333333333,1
20261005T183107Z,alpaca_live_path_harvest,57,AMZN,META,hyperscaler,4.364484349468637,1.9341982383963396,2.04963680315285,0.6174370710140178,0.11543856475651033,-2.391330129446459,5.0,0.13333333333333333,1
20261005T183107Z,alpaca_live_path_harvest,58,AMZN,META,hyperscaler,4.2158481410811,1.2394540168003112,2.04963680315285,0.6158081115911593,0.8101827863525387,0.6959401349246491,6.0,0.13333333333333333,1
20261005T183107Z,alpaca_live_path_harvest,59,AMZN,META,hyperscaler,4.188128801473503,2.1978566195646554,2.04963680315285,0.6165404499599034,-0.14821981641180518,0.5751169776223207,7.0,0.13333333333333333,1
20261005T183107Z,alpaca_live_path_harvest,60,AMZN,META,hyperscaler,4.481921970672247,4.127245912656014,2.04963680315285,0.597726782114831,-2.077609109503164,-0.10892443238393526,8.0,0.13333333333333333,0
20261005T183107Z,alpaca_live_path_harvest,61,AMZN,META,hyperscaler,4.613268074702513,0.49451968693936377,2.04963680315285,0.5912906801707263,1.5551171162134863,1.3562625949397273,9.0,0.13333333333333333,1
20261005T183107Z,alpaca_live_path_harvest,62,AMZN,META,hyperscaler,4.682036150556776,1.1507134114072506,2.04963680315285,0.5887860622511014,0.8989233917455993,0.731075324011033,10.0,0.13333333333333333,0
20261005T183107Z,alpaca_live_path_harvest,63,AMZN,META,hyperscaler,6.8500280917510565,0.0,4.3358979903445976,0.4992489228322864,4.3358979903445976,3.7427383987131293,0.0,0.13333333333333333,0
20261005T183107Z,alpaca_live_path_harvest,64,AMZN,META,hyperscaler,5.223085506061515,0.0,2.9986131061468706,0.5623023454259868,-2.9986131061468706,-2.808448379630647,0.0,0.13333333333333333,1
20261005T183107Z,alpaca_live_path_harvest,65,AMZN,META,hyperscaler,5.3103302485289055,3.2364972061099295,2.9986131061468706,0.5590433993057365,0.23788409996305895,-0.01655560227385422,1.0,0.13333333333333333,1
20261005T183107Z,alpaca_live_path_harvest,66,AMZN,META,hyperscaler,5.619616533116174,3.965826504623606,2.9986131061468706,0.5504658914243672,0.9672133984767353,1.7027685929848417,2.0,0.13333333333333333,0
20261005T183107Z,alpaca_live_path_harvest,67,AMZN,META,hyperscaler,5.667942469599766,3.2729106354288118,2.9986131061468706,0.5553998418231029,0.27429752928194134,-0.41479974616364074,3.0,0.13333333333333333,1
20261005T183107Z,alpaca_live_path_harvest,68,AMZN,META,hyperscaler,5.628939841875998,2.7427180892197254,2.9986131061468706,0.5566897556337165,-0.2558950169271452,0.5141941553470417,4.0,0.13333333333333333,1
20261005T183107Z,alpaca_live_path_harvest,69,AMZN,META,hyperscaler,5.622349329029963,2.8207800823037465,2.9986131061468706,0.5612882584082292,-0.17783302384312408,3.398015282250088,5.0,0.13333333333333333,1
20261005T183107Z,alpaca_live_path_harvest,70,AMZN,META,hyperscaler,5.617109677298194,3.638129667937335,2.9986131061468706,0.5546165498976172,0.6395165617904642,0.49753526024201167,6.0,0.13333333333333333,1
20261005T183107Z,alpaca_live_path_harvest,71,AMZN,META,hyperscaler,5.564181281838741,2.477390417505688,2.9986131061468706,0.5566405888148946,-0.5212226886411826,-1.712426552533651,7.0,0.13333333333333333,1
20261005T183107Z,alpaca_live_path_harvest,72,AMZN,META,hyperscaler,5.573957660317278,2.1997737713978207,2.9986131061468706,0.553812372622601,-0.7988393347490501,-1.2157441828286266,8.0,0.13333333333333333,1
20261005T183107Z,alpaca_live_path_harvest,73,AMZN,META,hyperscaler,5.588882649464353,2.424309480250057,2.9986131061468706,0.554334223461717,-0.5743036258968134,-0.36766888006986276,9.0,0.13333333333333333,1
20261005T183107Z,alpaca_live_path_harvest,74,AMZN,META,hyperscaler,5.7468472992187385,3.725045178567278,2.9986131061468706,0.5471189560633417,0.7264320724204075,1.0706826970043153,10.0,0.13333333333333333,0
20261005T183107Z,alpaca_live_path_harvest,75,AMZN,META,hyperscaler,5.615692110319441,0.0,3.3079017992402884,0.49526786931145406,-3.3079017992402884,-3.951113989231493,0.0,0.13333333333333333,1
20261005T183107Z,alpaca_live_path_harvest,76,AMZN,META,hyperscaler,6.609083634199347,5.713251554790138,3.3079017992402884,0.5168622513776268,2.4053497555498495,2.683956284807999,1.0,0.13333333333333333,0
20261005T183107Z,alpaca_live_path_harvest,77,AMZN,META,hyperscaler,6.6088102433703675,2.4360774937828893,3.3079017992402884,0.5115826662090666,-0.8718243054573991,-1.1953495174667637,2.0,0.13333333333333333,1
20261005T183107Z,alpaca_live_path_harvest,78,AMZN,META,hyperscaler,6.671461213243497,2.597667527800613,3.3079017992402884,0.516304891731974,-0.7102342714396754,-1.7703355845426756,3.0,0.13333333333333333,1
20261005T183107Z,alpaca_live_path_harvest,79,AMZN,META,hyperscaler,6.686116633674678,3.955690710768793,3.3079017992402884,0.5156232211305168,0.6477889115285045,1.0016879544508754,4.0,0.13333333333333333,1
20261005T183107Z,alpaca_live_path_harvest,80,AMZN,META,hyperscaler,6.9514476302979595,2.0186957995303034,3.3079017992402884,0.5057858909969425,-1.2892059997099852,1.8986002939552749,5.0,0.13333333333333333,1
20261005T183107Z,alpaca_live_path_harvest,81,AMZN,META,hyperscaler,7.805778788490394,0.7940368336400621,3.3079017992402884,0.47156900552536035,-2.5138649656002263,-5.771388346923106,6.0,0.13333333333333333,1
20261005T183107Z,alpaca_live_path_harvest,82,AMZN,META,hyperscaler,8.033327485483943,4.533650658867844,3.3079017992402884,0.4679262055407416,1.2257488596275554,2.3994892845922378,7.0,0.13333333333333333,0
20261005T183107Z,alpaca_live_path_harvest,83,AMZN,META,hyperscaler,7.9642563531764266,3.2368351428861493,3.3079017992402884,0.46797959531480504,-0.07106665635413913,0.6301759975482526,8.0,0.13333333333333333,1
20261005T183107Z,alpaca_live_path_harvest,84,AMZN,META,hyperscaler,7.922888379150184,3.4418672154543297,3.3079017992402884,0.46849658272197436,0.13396541621404126,-0.5845401115997276,9.0,0.13333333333333333,1
20261005T183107Z,alpaca_live_path_harvest,85,AMZN,META,hyperscaler,7.897395387666262,3.691292008265185,3.3079017992402884,0.4678737463043354,0.3833902090248968,1.8989170790687013,10.0,0.13333333333333333,0
20261005T183107Z,alpaca_live_path_harvest,1,AAPL,GOOGL,mag7,2.71482740261983,0.0,2.137112799547589,0.6500141669951132,2.137112799547589,0.6194230653760087,0.0,0.13333333333333333,1
20261005T183107Z,alpaca_live_path_harvest,2,AAPL,GOOGL,mag7,2.760600905101582,1.170157322987928,2.137112799547589,0.6515952984720145,0.966955476559661,0.13421540365732199,1.0,0.13333333333333333,1
20261005T183107Z,alpaca_live_path_harvest,3,AAPL,GOOGL,mag7,4.062012510869446,-1.0552461007445957,2.137112799547589,0.5831894520937851,3.192358900292185,3.0840056709558326,2.0,0.13333333333333333,1
20261005T183107Z,alpaca_live_path_harvest,4,AAPL,GOOGL,mag7,4.032372683057454,1.987616022844965,2.137112799547589,0.611118202216252,0.14949677670262415,-0.005960227130469775,3.0,0.13333333333333333,1
20261005T183107Z,alpaca_live_path_harvest,5,AAPL,GOOGL,mag7,4.5969974380543945,-0.28492797498181677,2.137112799547589,0.5869285573591116,2.422040774529406,1.7815627956515072,4.0,0.13333333333333333,1
20261005T183107Z,alpaca_live_path_harvest,6,AAPL,GOOGL,mag7,4.850138321351001,3.1671560354183472,2.137112799547589,0.5803417573410076,-1.030043235870758,-2.183513694057024,5.0,0.13333333333333333,1
20261005T183107Z,alpaca_live_path_harvest,7,AAPL,GOOGL,mag7,4.739195140474443,1.1373738251419248,2.137112799547589,0.5802823532121726,0.9997389744056643,0.2562416747361681,6.0,0.13333333333333333,1
20261005T183107Z,alpaca_live_path_harvest,8,AAPL,GOOGL,mag7,4.699104833644778,0.13063387051816955,2.137112799547589,0.5693601242957327,2.0064789290294196,-0.7466278747849288,7.0,0.13333333333333333,1
20261005T183107Z,alpaca_live_path_harvest,9,AAPL,GOOGL,mag7,6.063796999583126,4.675135607934976,2.137112799547589,0.5222006064890647,-2.538022808387387,-2.47247156064127,8.0,0.13333333333333333,0
20261005T183107Z,alpaca_live_path_harvest,10,AAPL,GOOGL,mag7,6.213385692097473,2.7051807973941084,2.137112799547589,0.5184375060687749,-0.5680679978465194,-2.6013985846964944,9.0,0.13333333333333333,0
20261005T183107Z,alpaca_live_path_harvest,11,AAPL,GOOGL,mag7,6.662279021174853,-0.18567934049487533,2.137112799547589,0.5002839204650352,2.3227921400424645,3.1281179559297074,10.0,0.13333333333333333,0
20261005T183107Z,alpaca_live_path_harvest,12,AAPL,GOOGL,mag7,7.4426782805259855,0.0,2.2740499755006076,0.4614436077725452,-2.2740499755006076,-1.2424260466174246,0.0,2.0,1
20261005T183107Z,alpaca_live_path_harvest,13,AAPL,GOOGL,mag7,7.10024893369965,3.203038785139653,2.2740499755006076,0.45975370823544437,0.9289888096390453,0.07360893493500953,1.0,2.0,1
20261005T183107Z,alpaca_live_path_harvest,14,AAPL,GOOGL,mag7,6.993221791491569,2.4960124003950863,2.2740499755006076,0.46301144995471283,0.22196242489447893,-0.9888249582626031,2.0,2.0,1
20261005T183107Z,alpaca_live_path_harvest,15,AAPL,GOOGL,mag7,6.932585862740249,2.092887497143753,2.2740499755006076,0.462678236564469,-0.1811624783568544,-0.1961772429837083,3.0,2.0,1
20261005T183107Z,alpaca_live_path_harvest,16,AAPL,GOOGL,mag7,6.52848946077054,2.161986128557883,2.2740499755006076,0.48130117038133924,-0.11206384694272463,-0.8126245563989756,4.0,2.0,1
20261005T183107Z,alpaca_live_path_harvest,17,AAPL,GOOGL,mag7,5.670160584563531,2.0392312302436606,2.2740499755006076,0.481052829422725,-0.23481874525694701,2.365058407791821,5.0,2.0,1
20261005T183107Z,alpaca_live_path_harvest,18,AAPL,GOOGL,mag7,5.734915949160147,1.3583861147461818,2.2740499755006076,0.4932391312707095,-0.9156638607544259,-1.9050588898343563,6.0,2.0,1
20261005T183107Z,alpaca_live_path_harvest,19,AAPL,GOOGL,mag7,4.871658775789818,2.2168734525729135,2.2740499755006076,0.49655930382496255,-0.057176522927694345,-0.22327840190027928,7.0,2.0,1
20261005T183107Z,alpaca_live_path_harvest,20,AAPL,GOOGL,mag7,4.87537983532077,1.9366813206654676,2.2740499755006076,0.49916503348225494,-0.3373686548351401,-0.09312869567603457,8.0,2.0,1
20261005T183107Z,alpaca_live_path_harvest,21,AAPL,GOOGL,mag7,4.814041634534577,2.0301621494884965,2.2740499755006076,0.5147626448101261,-0.243887826012111,-0.07471705972965878,9.0,2.0,1
20261005T183107Z,alpaca_live_path_harvest,22,AAPL,GOOGL,mag7,4.676352177554203,1.3110873485799766,2.2740499755006076,0.5419093401952946,-0.962962626920631,-0.7704792738543006,10.0,2.0,1
20261005T183107Z,alpaca_live_path_harvest,23,AAPL,GOOGL,mag7,4.467038010082281,2.1828999970312517,2.2740499755006076,0.5439772602893876,-0.09114997846935576,0.8709935990781219,11.0,2.0,1
20261005T183107Z,alpaca_live_path_harvest,24,AAPL,GOOGL,mag7,4.073253505833818,1.6542137838039195,2.2740499755006076,0.582721267691139,-0.6198361916966881,-0.6223644247701088,12.0,2.0,1
20261005T183107Z,alpaca_live_path_harvest,25,AAPL,GOOGL,mag7,4.056888767777244,1.8699780938680037,2.2740499755006076,0.582494967274526,-0.4040718816326038,-0.09563493146812334,13.0,2.0,1
20261005T183107Z,alpaca_live_path_harvest,26,AAPL,GOOGL,mag7,3.8233773056981506,2.096020522952406,2.2740499755006076,0.5846327351169384,-0.1780294525482017,0.05631446418087194,14.0,2.0,1
20261005T183107Z,alpaca_live_path_harvest,27,AAPL,GOOGL,mag7,2.671236213316482,2.98119040867082,2.2740499755006076,0.5885118970546281,0.7071404331702124,1.8017342826423886,15.0,2.0,1
20261005T183107Z,alpaca_live_path_harvest,28,AAPL,GOOGL,mag7,2.3110471462649733,2.559184119850772,2.2740499755006076,0.5957741917028487,0.2851341443501646,0.4375531436918891,16.0,2.0,1
20261005T183107Z,alpaca_live_path_harvest,29,AAPL,GOOGL,mag7,3.5906049708736694,3.9569480040521814,2.2740499755006076,0.5735547713631827,1.682898028551574,2.5907212671789295,17.0,2.0,0
20261005T183107Z,alpaca_live_path_harvest,30,AAPL,GOOGL,mag7,3.5867054907373257,2.199415940374921,2.2740499755006076,0.5735050654052636,-0.07463403512568649,0.4196518008901194,18.0,2.0,1
20261005T183107Z,alpaca_live_path_harvest,31,AAPL,GOOGL,mag7,4.239291425359955,3.652990416437689,2.2740499755006076,0.554523070268703,1.3789404409370816,1.8430545833294674,19.0,2.0,0
20261005T183107Z,alpaca_live_path_harvest,32,AAPL,GOOGL,mag7,4.234266264709844,2.4236512742174385,2.2740499755006076,0.6122278970191156,0.1496012987168309,-0.4848528598252642,20.0,2.0,1
20261005T183107Z,alpaca_live_path_harvest,33,AAPL,GOOGL,mag7,4.029323142069833,1.879704754025273,2.2740499755006076,0.6196447238126047,-0.39434522147533474,-0.6608074200986834,21.0,2.0,1
20261005T183107Z,alpaca_live_path_harvest,34,AAPL,GOOGL,mag7,4.376866924825002,1.1412761298500675,2.2740499755006076,0.6048963317716232,-1.13277384565054,-3.132905310467328,22.0,2.0,1
20261005T183107Z,alpaca_live_path_harvest,35,AAPL,GOOGL,mag7,4.7949157924020245,0.9509448668650704,2.2740499755006076,0.5860827281159398,-1.3231051086355372,-1.492238065091766,23.0,2.0,1
20261005T183107Z,alpaca_live_path_harvest,36,AAPL,GOOGL,mag7,4.807620995728372,2.590501884351963,2.2740499755006076,0.5845843584244325,0.31645190885135527,-1.3602137963705672,24.0,2.0,1
20261005T183107Z,alpaca_live_path_harvest,37,AAPL,GOOGL,mag7,4.617435282410649,2.0961355577934775,2.2740499755006076,0.5846090455131553,-0.17791441770713026,-0.536481575347915,25.0,2.0,1
20261005T183107Z,alpaca_live_path_harvest,38,AAPL,GOOGL,mag7,5.37988245839605,0.4830097612316886,2.2740499755006076,0.5596185469210766,-1.791040214268919,-1.7715586129995018,26.0,2.0,1
20261005T183107Z,alpaca_live_path_harvest,39,AAPL,GOOGL,mag7,5.448275591902181,1.5211430504559438,2.2740499755006076,0.5553770707174528,-0.7529069250446638,0.25256280616537763,27.0,2.0,1
20261005T183107Z,alpaca_live_path_harvest,40,AAPL,GOOGL,mag7,5.430086443063476,2.40221720116606,2.2740499755006076,0.5553283235056387,0.1281672256654527,1.4881815939699266,28.0,2.0,1
20261005T183107Z,alpaca_live_path_harvest,41,AAPL,GOOGL,mag7,5.434945831299337,2.5881234379210967,2.2740499755006076,0.5547030987921094,0.31407346242048906,-0.1755195867314569,29.0,2.0,1
20261005T183107Z,alpaca_live_path_harvest,42,AAPL,GOOGL,mag7,5.431012476983445,1.4010861559987777,2.2740499755006076,0.5547277278464454,-0.8729638195018298,-0.7783156378187641,30.0,2.0,1
20261005T183107Z,alpaca_live_path_harvest,43,AAPL,GOOGL,mag7,5.861325705812832,0.4854883013378344,2.2740499755006076,0.5339906132751123,-1.7885616741627732,0.07543656068085056,31.0,2.0,1
20261005T183107Z,alpaca_live_path_harvest,44,AAPL,GOOGL,mag7,5.219710514364888,3.3016165958168093,2.2740499755006076,0.5294789772044514,1.027566620316202,1.7209782619501879,32.0,2.0,1
20261005T183107Z,alpaca_live_path_harvest,45,AAPL,GOOGL,mag7,5.191091129282366,1.9921179268617777,2.2740499755006076,0.5292636128265943,-0.28193204863883,-0.4831687876691376,33.0,2.0,1
20261005T183107Z,alpaca_live_path_harvest,46,AAPL,GOOGL,mag7,4.47421708766247,2.889482967146274,2.2740499755006076,0.527440416643617,0.6154329916456663,0.2572931726152092,34.0,2.0,1
20261005T183107Z,alpaca_live_path_harvest,47,AAPL,GOOGL,mag7,4.87374383539237,3.6108663979069355,2.2740499755006076,0.5228998015938494,1.3368164224063281,2.1647274941768613,35.0,2.0,0
20261005T183107Z,alpaca_live_path_harvest,48,AAPL,GOOGL,mag7,4.8724039926981195,1.800541426155914,2.2740499755006076,0.5231787381467965,-0.47350854934469355,1.3841890904718526,36.0,2.0,1
20261005T183107Z,alpaca_live_path_harvest,49,AAPL,GOOGL,mag7,4.838105187080552,2.681917605784104,2.2740499755006076,0.5502999460603578,0.4078676302834965,-0.5838155008991975,37.0,2.0,1
20261005T183107Z,alpaca_live_path_harvest,50,AAPL,GOOGL,mag7,4.617622307311817,2.5542305041870446,2.2740499755006076,0.5499846771528478,0.28018052868643684,0.5648137971986216,38.0,2.0,1
20261005T183107Z,alpaca_live_path_harvest,51,AAPL,GOOGL,mag7,4.763072600836773,0.997745306860879,2.2740499755006076,0.5708991078961525,-1.2763046686397286,-1.8446752231512733,39.0,2.0,1
20261005T183107Z,alpaca_live_path_harvest,52,AAPL,GOOGL,mag7,5.041009818097732,0.606911517032861,2.2740499755006076,0.5638863457160586,-1.6671384584677467,-2.8743744973798586,40.0,2.0,1
20261005T183107Z,alpaca_live_path_harvest,53,AAPL,GOOGL,mag7,4.74181248997863,3.2639281486409764,2.2740499755006076,0.554620002464089,0.9898781731403687,1.2699468172321189,41.0,2.0,0
20261005T183107Z,alpaca_live_path_harvest,54,AAPL,GOOGL,mag7,4.662179941342345,2.2258710329887768,2.2740499755006076,0.5583517981413466,-0.04817894251183098,-0.4698007456146911,42.0,2.0,0
20261005T183107Z,alpaca_live_path_harvest,55,AAPL,GOOGL,mag7,7.875882151837924,-1.8294914784335758,2.2740499755006076,0.45870458579438045,-4.1035414539341835,-5.29561679436398,43.0,2.0,0
20261005T183107Z,alpaca_live_path_harvest,1,QCOM,AVGO,semis,4.402300275354329,0.0,1.8567019743326068,0.47526263904188637,-1.8567019743326068,-2.3756273843780433,0.0,0.6666666666666666,1
20261005T183107Z,alpaca_live_path_harvest,2,QCOM,AVGO,semis,5.3390021099977405,-0.07944121247023594,1.8567019743326068,0.4485743893688878,-1.9361431868028427,-3.4848063815141814,1.0,0.6666666666666666,1
20261005T183107Z,alpaca_live_path_harvest,3,QCOM,AVGO,semis,5.370779163049003,1.0937069793968965,1.8567019743326068,0.49793832837708624,-0.7629949949357103,-2.1897975766410696,2.0,0.6666666666666666,1
20261005T183107Z,alpaca_live_path_harvest,4,QCOM,AVGO,semis,5.679790967452885,2.8738559672674207,1.8567019743326068,0.5181558647699903,1.0171539929348141,1.6407882846599762,3.0,0.6666666666666666,1
20261005T183107Z,alpaca_live_path_harvest,5,QCOM,AVGO,semis,5.73327333047883,1.1243818898490154,1.8567019743326068,0.5165561813929069,-0.7323200844835914,-2.396837705742553,4.0,0.6666666666666666,1
20261005T183107Z,alpaca_live_path_harvest,6,QCOM,AVGO,semis,5.8876183153384485,0.9473033718354379,1.8567019743326068,0.5166917305823421,-0.9093986024971689,0.9437174972195634,5.0,0.6666666666666666,1
20261005T183107Z,alpaca_live_path_harvest,7,QCOM,AVGO,semis,5.994950280966662,2.398555643088123,1.8567019743326068,0.5120660734553895,0.5418536687555162,3.065402136537466,6.0,0.6666666666666666,1
20261005T183107Z,alpaca_live_path_harvest,8,QCOM,AVGO,semis,6.118886243892367,2.4808675265499796,1.8567019743326068,0.5092107579556008,0.6241655522173728,1.8115738903089038,7.0,0.6666666666666666,1
20261005T183107Z,alpaca_live_path_harvest,9,QCOM,AVGO,semis,6.186116072133373,2.341523278669047,1.8567019743326068,0.5066247556794075,0.4848213043364402,-0.6223363648831708,8.0,0.6666666666666666,1
20261005T183107Z,alpaca_live_path_harvest,10,QCOM,AVGO,semis,6.190824975689211,1.9070770758218254,1.8567019743326068,0.5084045794703559,0.050375101489218733,1.0735621328243041,9.0,0.6666666666666666,1
20261005T183107Z,alpaca_live_path_harvest,11,QCOM,AVGO,semis,6.234107123951848,1.1213604866540874,1.8567019743326068,0.5060049318952559,-0.7353414876785193,0.4685046743447856,10.0,0.6666666666666666,1
20261005T183107Z,alpaca_live_path_harvest,12,QCOM,AVGO,semis,6.110829162488146,0.8463896906666164,1.8567019743326068,0.5012082095012173,-1.0103122836659904,-1.6959602194687193,11.0,0.6666666666666666,1
20261005T183107Z,alpaca_live_path_harvest,13,QCOM,AVGO,semis,5.793219044115282,1.69956939864678,1.8567019743326068,0.5013201082089358,-0.15713257568582692,-0.8915964962619114,12.0,0.6666666666666666,1
20261005T183107Z,alpaca_live_path_harvest,14,QCOM,AVGO,semis,5.824164046872589,1.943359389874529,1.8567019743326068,0.5009893765446967,0.08665741554192223,-0.456294721086266,13.0,0.6666666666666666,1
20261005T183107Z,alpaca_live_path_harvest,15,QCOM,AVGO,semis,5.2959193788133225,1.6710553057800863,1.8567019743326068,0.5009764133268079,-0.1856466685525204,-0.3244805160337876,14.0,0.6666666666666666,1
20261005T183107Z,alpaca_live_path_harvest,16,QCOM,AVGO,semis,4.777818801981482,2.0665773041119415,1.8567019743326068,0.5010493209344102,0.20987532977933465,0.9453018804355736,15.0,0.6666666666666666,1
20261005T183107Z,alpaca_live_path_harvest,17,QCOM,AVGO,semis,3.7336628214361545,1.7806781186891574,1.8567019743326068,0.5096947351472236,-0.07602385564344938,0.9572758256365148,16.0,0.6666666666666666,1
20261005T183107Z,alpaca_live_path_harvest,18,QCOM,AVGO,semis,4.001419019142859,3.140777371127532,1.8567019743326068,0.5048366060610281,1.2840753967949254,1.5516160562859285,17.0,0.6666666666666666,1
20261005T183107Z,alpaca_live_path_harvest,19,QCOM,AVGO,semis,5.056049670058237,-0.4722141882803479,1.8567019743326068,0.4744182891360268,-2.3289161626129546,-2.8504248408350974,18.0,0.6666666666666666,1
20261005T183107Z,alpaca_live_path_harvest,20,QCOM,AVGO,semis,5.355243833602751,0.4425376039889879,1.8567019743326068,0.4814517620720675,-1.4141643703436189,-1.5393010117049812,19.0,0.6666666666666666,1
20261005T183107Z,alpaca_live_path_harvest,21,QCOM,AVGO,semis,5.2231210455388934,1.4065105725911553,1.8567019743326068,0.4959479138630544,-0.4501914017414514,-0.8240417268248905,20.0,0.6666666666666666,1
20261005T183107Z,alpaca_live_path_harvest,22,QCOM,AVGO,semis,5.184379012072222,2.3325978359717223,1.8567019743326068,0.5176315089294182,0.47589586163911546,0.597493702313335,21.0,0.6666666666666666,1
20261005T183107Z,alpaca_live_path_harvest,23,QCOM,AVGO,semis,5.005797713423462,1.9944735449026472,1.8567019743326068,0.5215980662198498,0.13777157057004047,-1.452656201467812,22.0,0.6666666666666666,1
20261005T183107Z,alpaca_live_path_harvest,24,QCOM,AVGO,semis,4.962722767864566,2.499610642157486,1.8567019743326068,0.5322826510454675,0.6429086678248793,3.1560003973840254,23.0,0.6666666666666666,1
20261005T183107Z,alpaca_live_path_harvest,25,QCOM,AVGO,semis,5.17915719873486,2.9302734745561168,1.8567019743326068,0.5280836555370938,1.07357150022351,2.6435872031517533,24.0,0.6666666666666666,1
20261005T183107Z,alpaca_live_path_harvest,26,QCOM,AVGO,semis,5.135235495499222,1.7758373989846408,1.8567019743326068,0.5362263755041837,-0.08086457534796604,0.3482567054108415,25.0,0.6666666666666666,1
20261005T183107Z,alpaca_live_path_harvest,27,QCOM,AVGO,semis,5.007177235218318,2.0737905341034617,1.8567019743326068,0.5401852708040291,0.21708855977085506,-0.4702204629139771,26.0,0.6666666666666666,1
20261005T183107Z,alpaca_live_path_harvest,28,QCOM,AVGO,semis,5.022300372721656,1.5763273533258826,1.8567019743326068,0.5461251498374635,-0.2803746210067242,-0.4326359964653477,27.0,0.6666666666666666,1
20261005T183107Z,alpaca_live_path_harvest,29,QCOM,AVGO,semis,5.066276127949772,2.437109272958974,1.8567019743326068,0.5478915505824911,0.5804072986263673,-0.013210578367937842,28.0,0.6666666666666666,1
20261005T183107Z,alpaca_live_path_harvest,30,QCOM,AVGO,semis,5.069521533357707,1.7034422338150539,1.8567019743326068,0.5486817619849024,-0.15325974051755295,-1.1989884502313033,29.0,0.6666666666666666,1
20261005T183107Z,alpaca_live_path_harvest,31,QCOM,AVGO,semis,5.363581296197328,3.198645982709488,1.8567019743326068,0.536355276804886,1.3419440083768814,1.4994240086869524,30.0,0.6666666666666666,0
20261005T183107Z,alpaca_live_path_harvest,32,QCOM,AVGO,semis,5.3792486878181185,1.5717691614423341,1.8567019743326068,0.5424832218554907,-0.28493281289027256,-0.4287384646768146,31.0,0.6666666666666666,1
20261005T183107Z,alpaca_live_path_harvest,33,QCOM,AVGO,semis,5.130970139601891,2.800413921805444,1.8567019743326068,0.5362292120913803,0.9437119474728372,1.3114071982046085,32.0,0.6666666666666666,1
20261005T183107Z,alpaca_live_path_harvest,34,QCOM,AVGO,semis,3.7437047293491097,1.4772795144623123,1.8567019743326068,0.5350336605254191,-0.3794224598702944,-0.9062284007638084,33.0,0.6666666666666666,1
20261005T183107Z,alpaca_live_path_harvest,35,QCOM,AVGO,semis,2.8917168577032064,1.7733943546430475,1.8567019743326068,0.5350492240600677,-0.08330761968955933,0.102986506172698,34.0,0.6666666666666666,1
20261005T183107Z,alpaca_live_path_harvest,36,QCOM,AVGO,semis,2.7408367537498353,1.829149465628143,1.8567019743326068,0.535582297403405,-0.02755250870446369,-1.3761836833073118,35.0,0.6666666666666666,1
20261005T183107Z,alpaca_live_path_harvest,37,QCOM,AVGO,semis,2.7028643053447645,1.967699619571553,1.8567019743326068,0.5355690206691609,0.11099764523894629,0.36912083779312754,36.0,0.6666666666666666,1
20261005T183107Z,alpaca_live_path_harvest,38,QCOM,AVGO,semis,3.5480553423047683,0.4029006722043704,1.8567019743326068,0.5373084838073029,-1.4538013021282363,-2.5334700329279656,37.0,0.6666666666666666,1
20261005T183107Z,alpaca_live_path_harvest,39,QCOM,AVGO,semis,3.4985963162867684,1.9489007459942493,1.8567019743326068,0.596727389902186,0.09219877166164257,0.3781110831875594,38.0,0.6666666666666666,1
20261005T183107Z,alpaca_live_path_harvest,40,QCOM,AVGO,semis,3.3549882438613707,1.3325588709627465,1.8567019743326068,0.625797559062742,-0.5241431033698603,-0.577560255035479,39.0,0.6666666666666666,1
20261005T183107Z,alpaca_live_path_harvest,41,QCOM,AVGO,semis,3.3600623306016373,1.7293097898812197,1.8567019743326068,0.6292767341872758,-0.127392184451387,-0.1889244647302121,40.0,0.6666666666666666,1
20261005T183107Z,alpaca_live_path_harvest,42,QCOM,AVGO,semis,3.350436052405123,1.8546607816151601,1.8567019743326068,0.6336777198869082,-0.0020411927174466046,-0.12819429590828121,41.0,0.6666666666666666,1
20261005T183107Z,alpaca_live_path_harvest,43,QCOM,AVGO,semis,3.3280582130867753,1.8330084539390934,1.8567019743326068,0.6336359688236469,-0.023693520393513263,1.5142114374655251,42.0,0.6666666666666666,1
20261005T183107Z,alpaca_live_path_harvest,44,QCOM,AVGO,semis,3.470672932970003,2.992192071662246,1.8567019743326068,0.6265608412052038,1.1354900973296396,0.89662062124265,43.0,0.6666666666666666,0
20261005T183107Z,alpaca_live_path_harvest,45,QCOM,AVGO,semis,3.4739921222287227,1.6133777485324017,1.8567019743326068,0.6407600644113272,-0.24332422580020505,0.43971694370943626,44.0,0.6666666666666666,1
20261005T183107Z,alpaca_live_path_harvest,46,QCOM,AVGO,semis,3.158769996542434,2.8442388985569536,1.8567019743326068,0.631182083274159,0.9875369242243469,1.0400602941877337,45.0,0.6666666666666666,0
20261005T183107Z,alpaca_live_path_harvest,47,QCOM,AVGO,semis,3.174275103787473,2.237110824410739,1.8567019743326068,0.6301810899766638,0.3804088500781324,0.3679452779309827,46.0,0.6666666666666666,1
20261005T183107Z,alpaca_live_path_harvest,48,QCOM,AVGO,semis,2.8674174638207526,1.7862778148842722,1.8567019743326068,0.632236266532085,-0.07042415944833465,-0.016963035033342067,47.0,0.6666666666666666,1
20261005T183107Z,alpaca_live_path_harvest,49,QCOM,AVGO,semis,2.9535445441078374,2.610695405352141,1.8567019743326068,0.6314848766268584,0.7539934310195342,-0.31724944694252316,48.0,0.6666666666666666,0
20261005T183107Z,alpaca_live_path_harvest,50,QCOM,AVGO,semis,3.3683797566143423,0.33770054977364805,1.8567019743326068,0.6089992787906897,-1.5190014245589587,-1.0499399310063324,49.0,0.6666666666666666,1
20261005T183107Z,alpaca_live_path_harvest,51,QCOM,AVGO,semis,3.4539915754153965,2.4999640639884784,1.8567019743326068,0.6305348051233215,0.6432620896558717,-0.32250531156644513,50.0,0.6666666666666666,0
20261005T183107Z,alpaca_live_path_harvest,52,QCOM,AVGO,semis,3.9668433381644377,0.0,2.665913338023621,0.6059069877154952,-2.665913338023621,-2.4860588894185183,0.0,0.13333333333333333,1
20261005T183107Z,alpaca_live_path_harvest,53,QCOM,AVGO,semis,3.816501527381343,1.971168912158736,2.665913338023621,0.6041630619680717,-0.6947444258648849,0.5305620966287876,1.0,0.13333333333333333,1
20261005T183107Z,alpaca_live_path_harvest,54,QCOM,AVGO,semis,3.769374019461483,2.4121323810681123,2.665913338023621,0.6039247241089738,-0.25378095695550845,0.3577729236127453,2.0,0.13333333333333333,1
20261005T183107Z,alpaca_live_path_harvest,55,QCOM,AVGO,semis,3.9324185348240217,1.2118450184383935,2.665913338023621,0.5928085464919486,-1.4540683195852273,-0.9590584863230589,3.0,0.13333333333333333,1
20261005T183107Z,alpaca_live_path_harvest,56,QCOM,AVGO,semis,3.8212147735315547,2.9625530318508906,2.665913338023621,0.6031779285149025,0.29663969382726985,0.30343043441146733,4.0,0.13333333333333333,1
20261005T183107Z,alpaca_live_path_harvest,57,QCOM,AVGO,semis,3.6027255121535933,3.2327795605108056,2.665913338023621,0.6012086314398278,0.5668662224871848,2.1169271998529267,5.0,0.13333333333333333,1
20261005T183107Z,alpaca_live_path_harvest,58,QCOM,AVGO,semis,3.6417182078007957,1.3533214902033461,2.665913338023621,0.6033845424844674,-1.3125918478202747,-0.5192578354218625,6.0,0.13333333333333333,1
20261005T183107Z,alpaca_live_path_harvest,59,QCOM,AVGO,semis,3.6085921625437467,3.1531193343416493,2.665913338023621,0.6039173875950848,0.4872059963180283,0.4329412326097469,7.0,0.13333333333333333,1
20261005T183107Z,alpaca_live_path_harvest,60,QCOM,AVGO,semis,3.276010780150357,2.584059467509997,2.665913338023621,0.604019287383645,-0.08185387051362422,0.9118178207567069,8.0,0.13333333333333333,1
20261005T183107Z,alpaca_live_path_harvest,61,QCOM,AVGO,semis,3.5327778125331797,3.9098053674981346,2.665913338023621,0.5992785015607092,1.243892029474514,0.6343400390856175,9.0,0.13333333333333333,0
20261005T183107Z,alpaca_live_path_harvest,62,QCOM,AVGO,semis,3.278358758381171,2.068602294510868,2.665913338023621,0.6135702367354532,-0.5973110435127528,-0.8041393892684937,10.0,0.13333333333333333,0
20261005T183107Z,alpaca_live_path_harvest,63,QCOM,AVGO,semis,3.3424485490567903,0.0,1.5105546877285123,0.6069294335878083,-1.5105546877285123,-0.1776905667647327,0.0,0.13333333333333333,1
20261005T183107Z,alpaca_live_path_harvest,64,QCOM,AVGO,semis,3.3414075634966234,1.438917845602809,1.5105546877285123,0.6115356483941967,-0.0716368421257032,-0.4353044782569782,1.0,0.13333333333333333,1
20261005T183107Z,alpaca_live_path_harvest,65,QCOM,AVGO,semis,5.346538050176021,5.174510064106649,1.5105546877285123,0.5329193765266522,3.6639553763781363,3.014457801002112,2.0,0.13333333333333333,0
20261005T183107Z,alpaca_live_path_harvest,66,QCOM,AVGO,semis,5.444649481938551,2.38165562939585,1.5105546877285123,0.5292115393407623,0.8711009416673378,-0.13907304502754983,3.0,0.13333333333333333,1
20261005T183107Z,alpaca_live_path_harvest,67,QCOM,AVGO,semis,5.1798812256448885,3.103281682978923,1.5105546877285123,0.5198490766928684,1.5927269952504108,1.8123273178950399,4.0,0.13333333333333333,1
20261005T183107Z,alpaca_live_path_harvest,68,QCOM,AVGO,semis,5.197623402377218,2.516023393118839,1.5105546877285123,0.5203516682681179,1.0054687053903266,2.018800988658603,5.0,0.13333333333333333,1
20261005T183107Z,alpaca_live_path_harvest,69,QCOM,AVGO,semis,6.953220704129541,5.072703926471791,1.5105546877285123,0.4550669820310722,3.5621492387432787,4.015905929293604,6.0,0.13333333333333333,0
20261005T183107Z,alpaca_live_path_harvest,70,QCOM,AVGO,semis,6.849470428899744,0.665317327328,1.5105546877285123,0.45198243441013214,-0.8452373604005123,-3.635575153985917,7.0,0.13333333333333333,1
20261005T183107Z,alpaca_live_path_harvest,71,QCOM,AVGO,semis,7.20498393524317,0.23451250390901301,1.5105546877285123,0.4452172624847525,-1.2760421838194993,-1.9047798272653609,8.0,0.13333333333333333,1
20261005T183107Z,alpaca_live_path_harvest,72,QCOM,AVGO,semis,7.8444875812641515,3.8579242339772573,1.5105546877285123,0.4373248272045929,2.347369546248745,1.4853469434999909,9.0,0.13333333333333333,0
20261005T183107Z,alpaca_live_path_harvest,73,QCOM,AVGO,semis,7.618699631348502,2.6184127221145497,1.5105546877285123,0.43611848607690273,1.1078580343860371,0.6158309912990546,10.0,0.13333333333333333,0
20261005T183107Z,alpaca_live_path_harvest,74,QCOM,AVGO,semis,8.2179967153918,0.0,2.3571125064629674,0.416902997208343,2.3571125064629674,-0.6318684994625017,0.0,0.13333333333333333,1
20261005T183107Z,alpaca_live_path_harvest,75,QCOM,AVGO,semis,8.134140605600063,1.2886299452910808,2.3571125064629674,0.4226317244608919,1.0684825611718867,2.4265341604294806,1.0,0.13333333333333333,1
20261005T183107Z,alpaca_live_path_harvest,76,QCOM,AVGO,semis,8.899326746454545,-0.17153146503495886,2.3571125064629674,0.40051099478892316,2.5286439714979263,5.125045622153806,2.0,0.13333333333333333,1
20261005T183107Z,alpaca_live_path_harvest,77,QCOM,AVGO,semis,11.298933002637721,5.336480829679698,2.3571125064629674,0.3519963357680793,-2.9793683232167307,-7.139580347135711,3.0,0.13333333333333333,0
20261005T183107Z,alpaca_live_path_harvest,78,QCOM,AVGO,semis,10.904091720628072,1.9752539021799378,2.3571125064629674,0.3565263487723138,0.38185860428302965,-0.5678863032637025,4.0,0.13333333333333333,1
20261005T183107Z,alpaca_live_path_harvest,79,QCOM,AVGO,semis,13.295475990588175,5.2104662903343435,2.3571125064629674,0.3186148794832005,-2.8533537838713765,-8.03444707991908,5.0,0.13333333333333333,0
20261005T183107Z,alpaca_live_path_harvest,80,QCOM,AVGO,semis,13.050844286329484,1.5384378992212713,2.3571125064629674,0.3179737885360756,0.8186746072416962,0.006487278664513952,6.0,0.13333333333333333,1
20261005T183107Z,alpaca_live_path_harvest,81,QCOM,AVGO,semis,13.052494509113293,1.9649104815626373,2.3571125064629674,0.31791153297033625,0.3922020249003301,-2.93733466170512,7.0,0.13333333333333333,1
20261005T183107Z,alpaca_live_path_harvest,82,QCOM,AVGO,semis,13.140674853575247,2.843151100468514,2.3571125064629674,0.3176346398412828,-0.4860385940055469,3.7289830903763344,8.0,0.13333333333333333,0
20261005T183107Z,alpaca_live_path_harvest,83,QCOM,AVGO,semis,13.139574922001925,2.0411864641834025,2.3571125064629674,0.3212125356504055,0.31592604227956467,-0.08637883742994745,9.0,0.13333333333333333,0
20261005T183107Z,alpaca_live_path_harvest,84,QCOM,AVGO,semis,12.672267840153324,1.1284130577968663,2.3571125064629674,0.31916829299853244,1.2286994486661011,7.3658783069609,10.0,0.13333333333333333,0
20261005T183107Z,alpaca_live_path_harvest,85,QCOM,AVGO,semis,4.047954361906166,0.0,1.5143053991992295,0.5912178363277533,-1.5143053991992295,-1.8000171801951297,0.0,0.13333333333333333,1
20261005T183107Z,alpaca_live_path_harvest,86,QCOM,AVGO,semis,4.074267616665965,1.0640826173162783,1.5143053991992295,0.5890834263998924,-0.45022278188295123,-0.9720419892561836,1.0,0.13333333333333333,1
20261005T183107Z,alpaca_live_path_harvest,87,QCOM,AVGO,semis,4.128606688315786,2.369554233883555,1.5143053991992295,0.5938756176619604,0.8552488346843259,0.09045815450488703,2.0,0.13333333333333333,1
20261005T183107Z,alpaca_live_path_harvest,88,QCOM,AVGO,semis,3.909334826102869,2.0423503668790044,1.5143053991992295,0.5892752033502203,0.5280449676797752,1.4038681713054302,3.0,0.13333333333333333,1
20261005T183107Z,alpaca_live_path_harvest,89,QCOM,AVGO,semis,4.019526631202807,0.8035969092197025,1.5143053991992295,0.5891764959316304,-0.710708489979527,-0.5194079274914657,4.0,0.13333333333333333,1
20261005T183107Z,alpaca_live_path_harvest,90,QCOM,AVGO,semis,4.054055565114604,2.1951722974424683,1.5143053991992295,0.582268985472519,0.6808668982432386,2.72034044325049,5.0,0.13333333333333333,1
20261005T183107Z,alpaca_live_path_harvest,91,QCOM,AVGO,semis,4.245217654850728,2.661755810633667,1.5143053991992295,0.5659330104940293,1.147450411434438,1.8320117720225482,6.0,0.13333333333333333,0
20261005T183107Z,alpaca_live_path_harvest,92,QCOM,AVGO,semis,4.192963278220995,1.0903284690227721,1.5143053991992295,0.569770851103905,-0.42397693017645743,-1.2504882894236062,7.0,0.13333333333333333,1
20261005T183107Z,alpaca_live_path_harvest,93,QCOM,AVGO,semis,4.3461231918360665,2.414414334726265,1.5143053991992295,0.5784465446540767,0.9001089355270356,0.32969019199786087,8.0,0.13333333333333333,0
20261005T183107Z,alpaca_live_path_harvest,94,QCOM,AVGO,semis,4.362228362089675,1.9481764403582236,1.5143053991992295,0.578041303996564,0.43387104115899416,1.1790247075793445,9.0,0.13333333333333333,1
20261005T183107Z,alpaca_live_path_harvest,95,QCOM,AVGO,semis,4.386728524836538,2.07737550059789,1.5143053991992295,0.5792361409777975,0.5630701013986603,-0.22352348851302964,10.0,0.13333333333333333,0
20261005T183107Z,alpaca_live_path_harvest,96,QCOM,AVGO,semis,5.333921238562265,0.0,2.4009814089759125,0.5376559500357239,2.4009814089759125,1.1787441100777982,0.0,0.13333333333333333,1
20261005T183107Z,alpaca_live_path_harvest,97,QCOM,AVGO,semis,5.338575824941026,2.8443972688573944,2.4009814089759125,0.5403589424440488,-0.443415859881482,0.014850771231709813,1.0,0.13333333333333333,1
20261005T183107Z,alpaca_live_path_harvest,98,QCOM,AVGO,semis,5.229214697134797,1.4524468505830646,2.4009814089759125,0.5360756632919371,0.9485345583928481,0.0837312302667442,2.0,0.13333333333333333,1
20261005T183107Z,alpaca_live_path_harvest,99,QCOM,AVGO,semis,5.678729084979424,0.34588528042169475,2.4009814089759125,0.5145125813552579,2.0550961285542177,1.7258680815452123,3.0,0.13333333333333333,1
20261005T183107Z,alpaca_live_path_harvest,100,QCOM,AVGO,semis,4.668853864045583,2.660709840088939,2.4009814089759125,0.5150963560059236,-0.2597284311130264,-0.5928159645142899,4.0,0.13333333333333333,1
20261005T183107Z,alpaca_live_path_harvest,101,QCOM,AVGO,semis,4.498223191237237,2.603674806542585,2.4009814089759125,0.5142382547405325,-0.20269339756667246,-2.5230213935531878,5.0,0.13333333333333333,1
20261005T183107Z,alpaca_live_path_harvest,102,QCOM,AVGO,semis,4.487666930563345,1.7750290353875091,2.4009814089759125,0.5145318245653376,0.6259523735884034,1.0888465884160154,6.0,0.13333333333333333,1
20261005T183107Z,alpaca_live_path_harvest,103,QCOM,AVGO,semis,4.503557965271181,1.5975632665881019,2.4009814089759125,0.5218777275309725,0.8034181423878106,-0.059514819788688555,7.0,0.13333333333333333,1
20261005T183107Z,alpaca_live_path_harvest,104,QCOM,AVGO,semis,4.094608806404257,1.4732804001159536,2.4009814089759125,0.5223929947466757,0.9277010088599588,-1.0902068401648761,8.0,0.13333333333333333,1
20261005T183107Z,alpaca_live_path_harvest,105,QCOM,AVGO,semis,4.606618664595527,3.6768520982992605,2.4009814089759125,0.5528128249520939,-1.2758706893233478,-0.8195141370429837,9.0,0.13333333333333333,0
20261005T183107Z,alpaca_live_path_harvest,106,QCOM,AVGO,semis,4.526740421013239,2.2304921769393524,2.4009814089759125,0.5627204547544574,0.17048923203656002,0.43866638985721806,10.0,0.13333333333333333,0
20261005T183107Z,alpaca_live_path_harvest,107,QCOM,AVGO,semis,4.099736894750695,0.0,2.0630995868341424,0.5729929034463217,2.0630995868341424,2.0546331175639976,0.0,0.13333333333333333,1
20261005T183107Z,alpaca_live_path_harvest,108,QCOM,AVGO,semis,4.351186718610697,2.887376393989321,2.0630995868341424,0.5626367518264909,-0.8242768071551785,-1.4737507598799084,1.0,0.13333333333333333,1
20261005T183107Z,alpaca_live_path_harvest,109,QCOM,AVGO,semis,4.391881866698078,2.378823497433974,2.0630995868341424,0.5793947127030346,-0.31572391059983185,-0.5484813001001954,2.0,0.13333333333333333,1
20261005T183107Z,alpaca_live_path_harvest,110,QCOM,AVGO,semis,6.174939979306054,5.208875539784776,2.0630995868341424,0.4936181755498585,-3.145775952950634,-4.169137170251832,3.0,0.13333333333333333,0
20261005T183107Z,alpaca_live_path_harvest,111,QCOM,AVGO,semis,6.909130027636304,-0.12473861236064154,2.0630995868341424,0.4686280696892986,2.187838199194784,1.3111898035662422,4.0,0.13333333333333333,1
20261005T183107Z,alpaca_live_path_harvest,112,QCOM,AVGO,semis,6.846795814987208,1.6898712673698564,2.0630995868341424,0.46837468997450765,0.37322831946428603,-1.4877255429455771,5.0,0.13333333333333333,1
20261005T183107Z,alpaca_live_path_harvest,113,QCOM,AVGO,semis,6.683774863666425,1.5300602902303297,2.0630995868341424,0.4676710508813435,0.5330392966038128,1.433370433362859,6.0,0.13333333333333333,1
20261005T183107Z,alpaca_live_path_harvest,114,QCOM,AVGO,semis,6.700782907598297,2.344193247638538,2.0630995868341424,0.46746521977041444,-0.2810936608043957,0.03865041822047033,7.0,0.13333333333333333,1
20261005T183107Z,alpaca_live_path_harvest,115,QCOM,AVGO,semis,6.772276924586106,1.1682278162723274,2.0630995868341424,0.47530337065279404,0.8948717705618151,4.543598653043165,8.0,0.13333333333333333,1
20261005T183107Z,alpaca_live_path_harvest,116,QCOM,AVGO,semis,7.821045123570239,4.570732493696287,2.0630995868341424,0.441797320899353,-2.507632906862145,-5.255763247494997,9.0,0.13333333333333333,0
20261005T183107Z,alpaca_live_path_harvest,117,QCOM,AVGO,semis,8.071043987888403,3.3456255842036486,2.0630995868341424,0.43665709548925286,-1.2825259973695062,-1.85777949058251,10.0,0.13333333333333333,0
20261005T183107Z,alpaca_live_path_harvest,1,WDC,SNDK,memory,5.992418589081994,0.0,2.188574886045904,0.673082664009634,-2.188574886045904,-4.487067718307753,0.0,0.6666666666666666,1
20261005T183107Z,alpaca_live_path_harvest,2,WDC,SNDK,memory,7.523240528851954,-0.33178189902750477,2.188574886045904,0.6380486697609737,-2.520356785073409,-4.305956281253112,1.0,0.6666666666666666,1
20261005T183107Z,alpaca_live_path_harvest,3,WDC,SNDK,memory,7.600423329649579,2.205915702671709,2.188574886045904,0.6424366223297457,0.01734081662580466,0.12216557987608212,2.0,0.6666666666666666,1
20261005T183107Z,alpaca_live_path_harvest,4,WDC,SNDK,memory,7.760620404211792,0.9760224666389052,2.188574886045904,0.6400045933507696,-1.212552419406999,0.14952712264018259,3.0,0.6666666666666666,1
20261005T183107Z,alpaca_live_path_harvest,5,WDC,SNDK,memory,8.200629905248462,2.9356726589324453,2.188574886045904,0.633409410872473,0.7470977728865412,0.8672503998670947,4.0,0.6666666666666666,1
20261005T183107Z,alpaca_live_path_harvest,6,WDC,SNDK,memory,8.312583013728263,2.5090989759232243,2.188574886045904,0.6710274941947497,0.32052408987732006,4.288386455378441,5.0,0.6666666666666666,1
20261005T183107Z,alpaca_live_path_harvest,7,WDC,SNDK,memory,8.45157555983571,2.5810719205295314,2.188574886045904,0.6679596731287095,0.3924970344836271,4.871925808534371,6.0,0.6666666666666666,1
20261005T183107Z,alpaca_live_path_harvest,8,WDC,SNDK,memory,8.425322740945374,1.7212567658235107,2.188574886045904,0.667982736207938,-0.46731812022239344,-0.7404096729429568,7.0,0.6666666666666666,1
20261005T183107Z,alpaca_live_path_harvest,9,WDC,SNDK,memory,8.416875395765773,1.9682778171012585,2.188574886045904,0.6682268500035076,-0.2202970689446457,1.696146063418496,8.0,0.6666666666666666,1
20261005T183107Z,alpaca_live_path_harvest,10,WDC,SNDK,memory,9.115570212609002,0.03841442320716659,2.188574886045904,0.6469429667114445,-2.1501604628387376,-4.9960220361653,9.0,0.6666666666666666,1
20261005T183107Z,alpaca_live_path_harvest,11,WDC,SNDK,memory,8.852415588673848,1.8589402086320035,2.188574886045904,0.6480163382963766,-0.3296346774139008,-1.2296814609003206,10.0,0.6666666666666666,1
20261005T183107Z,alpaca_live_path_harvest,12,WDC,SNDK,memory,8.90560066894476,2.513228609216962,2.188574886045904,0.6461009953713093,0.32465372317105756,-0.34214343720936424,11.0,0.6666666666666666,1
20261005T183107Z,alpaca_live_path_harvest,13,WDC,SNDK,memory,9.497961039038184,3.3391597573338756,2.188574886045904,0.6351044668235533,1.1505848712879714,2.3989546923378215,12.0,0.6666666666666666,0
20261005T183107Z,alpaca_live_path_harvest,14,WDC,SNDK,memory,9.751115750464251,3.220771565449844,2.188574886045904,0.6270723538459524,1.0321966794039397,1.8223364825354793,13.0,0.6666666666666666,1
20261005T183107Z,alpaca_live_path_harvest,15,WDC,SNDK,memory,10.048406009446593,3.234600425749788,2.188574886045904,0.6218438561574566,1.0460255397038833,5.201233353378723,14.0,0.6666666666666666,0
20261005T183107Z,alpaca_live_path_harvest,16,WDC,SNDK,memory,9.092245730428377,2.746743151229435,2.188574886045904,0.6215937438247333,0.5581682651835309,1.4842844772102182,15.0,0.6666666666666666,0
20261005T183107Z,alpaca_live_path_harvest,17,WDC,SNDK,memory,7.505408988046203,1.3487875053436156,2.188574886045904,0.620337514014878,-0.8397873807022886,-1.8114277721185261,16.0,0.6666666666666666,0
20261005T183107Z,alpaca_live_path_harvest,18,WDC,SNDK,memory,13.723621179761325,-1.94170809752036,2.188574886045904,0.5322813661082634,-4.130282983566264,-10.651364040716834,17.0,0.6666666666666666,0
20261005T183107Z,alpaca_live_path_harvest,19,WDC,SNDK,memory,16.211843570667252,0.0,2.4235514253572186,0.5001489691878849,2.4235514253572186,4.53304053441247,0.0,0.13333333333333333,1
20261005T183107Z,alpaca_live_path_harvest,20,WDC,SNDK,memory,16.15067628111448,2.599077500095528,2.4235514253572186,0.5111770830483409,-0.17552607473830942,0.728077470862388,1.0,0.13333333333333333,1
20261005T183107Z,alpaca_live_path_harvest,21,WDC,SNDK,memory,16.66377069894162,1.13288330951831,2.4235514253572186,0.5041954508560915,1.2906681158389086,11.668432560866075,2.0,0.13333333333333333,1
20261005T183107Z,alpaca_live_path_harvest,22,WDC,SNDK,memory,16.98336132584241,1.3465887167742012,2.4235514253572186,0.5027088229813655,1.0769627085830173,5.817666276127534,3.0,0.13333333333333333,1
20261005T183107Z,alpaca_live_path_harvest,23,WDC,SNDK,memory,16.248042423938653,2.464821420714431,2.4235514253572186,0.5039747936735689,-0.04126999535721233,-2.208173718716523,4.0,0.13333333333333333,1
20261005T183107Z,alpaca_live_path_harvest,24,WDC,SNDK,memory,16.760332868732448,3.5638861130530834,2.4235514253572186,0.4978016384062708,-1.1403346876958649,-8.413694057342848,5.0,0.13333333333333333,1
20261005T183107Z,alpaca_live_path_harvest,25,WDC,SNDK,memory,16.76318178965665,2.4321380605559786,2.4235514253572186,0.49842972047886586,-0.008586635198760054,0.27765732122087455,6.0,0.13333333333333333,1
20261005T183107Z,alpaca_live_path_harvest,26,WDC,SNDK,memory,16.586121690721935,2.20286463526743,2.4235514253572186,0.4984557579559572,0.22068679008978848,-2.6506382554112973,7.0,0.13333333333333333,1
20261005T183107Z,alpaca_live_path_harvest,27,WDC,SNDK,memory,17.328899877389343,0.6594059873697886,2.4235514253572186,0.4864834311453041,1.76414543798743,1.6854654892798293,8.0,0.13333333333333333,1
20261005T183107Z,alpaca_live_path_harvest,28,WDC,SNDK,memory,17.37480005793156,1.587046538190139,2.4235514253572186,0.4942786765611966,0.8365048871670794,2.1583593837831243,9.0,0.13333333333333333,1
20261005T183107Z,alpaca_live_path_harvest,29,WDC,SNDK,memory,18.12159525313522,3.918166250946129,2.4235514253572186,0.4825153083270656,-1.4946148255889107,-1.010431339130878,10.0,0.13333333333333333,0
20261005T183107Z,alpaca_live_path_harvest,30,WDC,SNDK,memory,14.478595136311906,0.0,1.9227641250899252,0.4664347835303931,1.9227641250899252,3.1007560161788206,0.0,0.13333333333333333,1
20261005T183107Z,alpaca_live_path_harvest,31,WDC,SNDK,memory,13.67003321600108,2.9799878299049274,1.9227641250899252,0.46192176183915523,-1.0572237048150022,0.8365561956777696,1.0,0.13333333333333333,0
20261005T183107Z,alpaca_live_path_harvest,32,WDC,SNDK,memory,13.702816203670679,1.380616783639876,1.9227641250899252,0.4616280405551226,0.5421473414500492,3.4173093466615567,2.0,0.13333333333333333,1
20261005T183107Z,alpaca_live_path_harvest,33,WDC,SNDK,memory,13.217707926022356,1.8649362584213496,1.9227641250899252,0.5152211425883919,0.05782786666857557,2.0155684848382407,3.0,0.13333333333333333,1
20261005T183107Z,alpaca_live_path_harvest,34,WDC,SNDK,memory,12.910137017918338,1.4316689273304766,1.9227641250899252,0.5278058186900059,0.49109519775944876,0.39703716663825617,4.0,0.13333333333333333,1
20261005T183107Z,alpaca_live_path_harvest,35,WDC,SNDK,memory,12.922718913066747,2.0429357844264184,1.9227641250899252,0.5287894253565231,-0.12017165933649317,-5.5342943321694404,5.0,0.13333333333333333,1
20261005T183107Z,alpaca_live_path_harvest,36,WDC,SNDK,memory,12.776247238800051,0.8473164234548143,1.9227641250899252,0.5481005149990896,1.075447701635111,6.0433701650097875,6.0,0.13333333333333333,1
20261005T183107Z,alpaca_live_path_harvest,37,WDC,SNDK,memory,12.779711602726184,1.5286255684237557,1.9227641250899252,0.5485050445508097,0.3941385566661694,-0.10168308483181362,7.0,0.13333333333333333,1
20261005T183107Z,alpaca_live_path_harvest,38,WDC,SNDK,memory,13.161265846450714,2.693675175200052,1.9227641250899252,0.5499735678951676,-0.770911050110127,-1.9162039452105888,8.0,0.13333333333333333,1
20261005T183107Z,alpaca_live_path_harvest,39,WDC,SNDK,memory,12.185640399621889,2.473423419211427,1.9227641250899252,0.5537561692438661,-0.5506592941215018,-2.577457099757896,9.0,0.13333333333333333,1
20261005T183107Z,alpaca_live_path_harvest,40,WDC,SNDK,memory,12.161588657991025,2.7668487398521044,1.9227641250899252,0.5483904693774709,-0.8440846147621793,-1.7645764343015913,10.0,0.13333333333333333,0
20261005T183107Z,alpaca_live_path_harvest,41,WDC,SNDK,memory,12.052667520253832,0.0,1.6167624994977536,0.5485748669363538,1.6167624994977536,5.971125396918103,0.0,0.13333333333333333,1
20261005T183107Z,alpaca_live_path_harvest,42,WDC,SNDK,memory,11.723679741375163,3.1395366548531234,1.6167624994977536,0.5350576430477397,-1.52277415535537,-1.924213428470182,1.0,0.13333333333333333,0
20261005T183107Z,alpaca_live_path_harvest,43,WDC,SNDK,memory,11.055888386140714,1.2248155722992418,1.6167624994977536,0.5489200349251228,0.3919469271985118,-0.6639034189049937,2.0,0.13333333333333333,1
20261005T183107Z,alpaca_live_path_harvest,44,WDC,SNDK,memory,10.976967878449821,1.4252381504234413,1.6167624994977536,0.5543394995466714,0.1915243490743124,1.6740157617592104,3.0,0.13333333333333333,1
20261005T183107Z,alpaca_live_path_harvest,45,WDC,SNDK,memory,11.108871294568084,1.1311911833082002,1.6167624994977536,0.5591247954532305,0.48557131618955346,1.8023275265906704,4.0,0.13333333333333333,1
20261005T183107Z,alpaca_live_path_harvest,46,WDC,SNDK,memory,11.173070347009872,1.1051601928717567,1.6167624994977536,0.5577366032485435,0.5116023066259969,-3.0393988562603567,5.0,0.13333333333333333,1
20261005T183107Z,alpaca_live_path_harvest,47,WDC,SNDK,memory,11.226900814352465,1.127321318286247,1.6167624994977536,0.584668071849521,0.4894411812115066,5.672472708831083,6.0,0.13333333333333333,1
20261005T183107Z,alpaca_live_path_harvest,48,WDC,SNDK,memory,11.057371668983265,0.8014737472115292,1.6167624994977536,0.5965123819059315,0.8152887522862244,1.2265040429485794,7.0,0.13333333333333333,1
20261005T183107Z,alpaca_live_path_harvest,49,WDC,SNDK,memory,11.035740856995808,1.8129733662097858,1.6167624994977536,0.5963930593100006,-0.19621086671203217,-1.043322660707122,8.0,0.13333333333333333,1
20261005T183107Z,alpaca_live_path_harvest,50,WDC,SNDK,memory,10.658148663079638,1.9826446168229017,1.6167624994977536,0.5954548192301008,-0.365882117325148,-1.9798702381183773,9.0,0.13333333333333333,1
20261005T183107Z,alpaca_live_path_harvest,51,WDC,SNDK,memory,10.653625415946387,2.3818004097788488,1.6167624994977536,0.5921251994522025,-0.7650379102810952,-2.9160943680941616,10.0,0.13333333333333333,0
20261005T183107Z,alpaca_live_path_harvest,52,WDC,SNDK,memory,10.585736156254827,0.0,2.5098183641274714,0.5576135633892795,-2.5098183641274714,-6.851433875094233,0.0,0.13333333333333333,1
20261005T183107Z,alpaca_live_path_harvest,53,WDC,SNDK,memory,10.641683810035222,3.0854322288031977,2.5098183641274714,0.5588738868923372,0.5756138646757262,2.4194886887719917,1.0,0.13333333333333333,1
20261005T183107Z,alpaca_live_path_harvest,54,WDC,SNDK,memory,13.692299820072801,-0.012377872081959396,2.5098183641274714,0.517533933231325,-2.522196236209431,-6.83062279306896,2.0,0.13333333333333333,1
20261005T183107Z,alpaca_live_path_harvest,55,WDC,SNDK,memory,14.697302162716593,4.047137580287861,2.5098183641274714,0.503853998809109,1.5373192161603892,1.0744678042767646,3.0,0.13333333333333333,1
20261005T183107Z,alpaca_live_path_harvest,56,WDC,SNDK,memory,15.602757947647655,4.0687511876197835,2.5098183641274714,0.5060243487040347,1.5589328234923119,4.709408981542856,4.0,0.13333333333333333,1
20261005T183107Z,alpaca_live_path_harvest,57,WDC,SNDK,memory,15.8416989658029,1.5717850515931766,2.5098183641274714,0.5157912265350828,-0.9380333125342947,3.4269441029571226,5.0,0.13333333333333333,1
20261005T183107Z,alpaca_live_path_harvest,58,WDC,SNDK,memory,15.822773340019328,3.3558652795768236,2.5098183641274714,0.5128307073297319,0.8460469154493521,0.8606059633900486,6.0,0.13333333333333333,1
20261005T183107Z,alpaca_live_path_harvest,59,WDC,SNDK,memory,15.929418058885952,2.9354499399633465,2.5098183641274714,0.5120308192444338,0.4256315758358753,7.807064612193187,7.0,0.13333333333333333,1
20261005T183107Z,alpaca_live_path_harvest,60,WDC,SNDK,memory,16.399033439615405,3.5553530256119323,2.5098183641274714,0.5070134762673212,1.045534661484461,-1.080891065679816,8.0,0.13333333333333333,1
20261005T183107Z,alpaca_live_path_harvest,61,WDC,SNDK,memory,17.670941231107257,0.5846885735474041,2.5098183641274714,0.488009235460243,-1.9251297905800673,-9.280711787946098,9.0,0.13333333333333333,1
20261005T183107Z,alpaca_live_path_harvest,62,WDC,SNDK,memory,19.812149296582387,4.855533820759696,2.5098183641274714,0.46163259919984223,2.345715456632225,9.435301289667644,10.0,0.13333333333333333,0
20261005T183107Z,alpaca_live_path_harvest,1,AMZN,ORCL,hyperscaler,7.422352220169619,0.0,1.9298636247017378,0.5476428943688129,1.9298636247017378,2.0293497229822153,0.0,0.6666666666666666,1
20261005T183107Z,alpaca_live_path_harvest,2,AMZN,ORCL,hyperscaler,7.325235345359944,1.8933669045446115,1.9298636247017378,0.5476523480090953,0.03649672015712624,-1.341003821716896,1.0,0.6666666666666666,1
20261005T183107Z,alpaca_live_path_harvest,3,AMZN,ORCL,hyperscaler,7.345355926186579,1.5624009736636026,1.9298636247017378,0.5490485485592862,0.3674626510381351,1.3068076149837622,2.0,0.6666666666666666,1
20261005T183107Z,alpaca_live_path_harvest,4,AMZN,ORCL,hyperscaler,7.139068266267702,1.5388905404482567,1.9298636247017378,0.5487168572089267,0.3909730842534811,-0.3972380027650161,3.0,0.6666666666666666,1
20261005T183107Z,alpaca_live_path_harvest,5,AMZN,ORCL,hyperscaler,6.482438678647248,0.8399094299195868,1.9298636247017378,0.5503768415681051,1.089954194782151,3.5565093223069426,4.0,0.6666666666666666,1
20261005T183107Z,alpaca_live_path_harvest,6,AMZN,ORCL,hyperscaler,5.6498861816642085,1.6674313929164883,1.9298636247017378,0.557661671377298,0.26243223178524955,-2.4271811231866423,5.0,0.6666666666666666,1
20261005T183107Z,alpaca_live_path_harvest,7,AMZN,ORCL,hyperscaler,5.532114313292919,1.32031333192462,1.9298636247017378,0.557377876050487,0.6095502927771177,1.0882681832227377,6.0,0.6666666666666666,1
20261005T183107Z,alpaca_live_path_harvest,8,AMZN,ORCL,hyperscaler,5.542595504378901,1.4963274617407372,1.9298636247017378,0.5563800577796487,0.43353616296100056,0.36005229915727455,7.0,0.6666666666666666,1
20261005T183107Z,alpaca_live_path_harvest,9,AMZN,ORCL,hyperscaler,8.869238827364635,4.904800391062582,1.9298636247017378,0.49223891823780214,-2.9749367663608446,-5.340215404431893,8.0,0.6666666666666666,0
20261005T183107Z,alpaca_live_path_harvest,10,AMZN,ORCL,hyperscaler,10.892806951181065,4.50337066944529,1.9298636247017378,0.46248804169890556,-2.5735070447435517,-6.378943644776695,9.0,0.6666666666666666,0
20261005T183107Z,alpaca_live_path_harvest,11,AMZN,ORCL,hyperscaler,10.952652188839025,2.7254151371970297,1.9298636247017378,0.465281046559276,-0.7955515124952919,-1.9926763799093579,10.0,0.6666666666666666,1
20261005T183107Z,alpaca_live_path_harvest,12,AMZN,ORCL,hyperscaler,10.747806527612298,1.9046791420099114,1.9298636247017378,0.4655426077400396,0.025184482691826354,-1.2052330639926196,11.0,0.6666666666666666,1
20261005T183107Z,alpaca_live_path_harvest,13,AMZN,ORCL,hyperscaler,10.770124535666337,2.4228313214066155,1.9298636247017378,0.4649588691575682,-0.49296769670487767,-1.890244097079659,12.0,0.6666666666666666,1
20261005T183107Z,alpaca_live_path_harvest,14,AMZN,ORCL,hyperscaler,10.691129871286755,2.6065449520802466,1.9298636247017378,0.464905146990088,-0.6766813273785088,3.4422596707685726,13.0,0.6666666666666666,1
20261005T183107Z,alpaca_live_path_harvest,15,AMZN,ORCL,hyperscaler,10.866847306914593,0.7654696499805782,1.9298636247017378,0.4585635315362834,1.1643939747211596,6.391685000951918,14.0,0.6666666666666666,1
20261005T183107Z,alpaca_live_path_harvest,16,AMZN,ORCL,hyperscaler,9.946465062094045,1.8791051791688453,1.9298636247017378,0.460565819671726,0.0507584455328924,1.3347919752178314,15.0,0.6666666666666666,1
20261005T183107Z,alpaca_live_path_harvest,17,AMZN,ORCL,hyperscaler,9.930570523258503,2.043955712283852,1.9298636247017378,0.46482288107166936,-0.11409208758211394,-0.20271228079045614,16.0,0.6666666666666666,1
20261005T183107Z,alpaca_live_path_harvest,18,AMZN,ORCL,hyperscaler,10.841612104386444,0.08804664242746085,1.9298636247017378,0.4487243848850117,1.841816982274277,4.0201889461169795,17.0,0.6666666666666666,1
20261005T183107Z,alpaca_live_path_harvest,19,AMZN,ORCL,hyperscaler,10.859369118021192,1.4839981243067397,1.9298636247017378,0.44951871757438194,0.44586550039499817,2.0162720953953737,18.0,0.6666666666666666,1
20261005T183107Z,alpaca_live_path_harvest,20,AMZN,ORCL,hyperscaler,10.528056151405583,2.5184374741396685,1.9298636247017378,0.45297423613488524,-0.5885738494379307,-2.754701241157181,19.0,0.6666666666666666,1
20261005T183107Z,alpaca_live_path_harvest,21,AMZN,ORCL,hyperscaler,10.442317222124455,2.1019700749210766,1.9298636247017378,0.46928151358467773,-0.17210645021933876,-0.20071633865218247,20.0,0.6666666666666666,1
20261005T183107Z,alpaca_live_path_harvest,22,AMZN,ORCL,hyperscaler,10.268236113889987,2.7874385886817152,1.9298636247017378,0.46653740271982896,-0.8575749639799776,-1.1921737337385139,21.0,0.6666666666666666,1
20261005T183107Z,alpaca_live_path_harvest,23,AMZN,ORCL,hyperscaler,10.483213535897898,0.9876380622067324,1.9298636247017378,0.46185565676656043,0.9422255624950053,-1.4642032966864065,22.0,0.6666666666666666,1
20261005T183107Z,alpaca_live_path_harvest,24,AMZN,ORCL,hyperscaler,8.974522125005917,2.8999403327535784,1.9298636247017378,0.4596924300405941,-0.9700767080518407,-2.4183107564281725,23.0,0.6666666666666666,1
20261005T183107Z,alpaca_live_path_harvest,25,AMZN,ORCL,hyperscaler,6.829352445858097,1.9895006353101108,1.9298636247017378,0.46753455815715866,-0.059637010608373064,0.8638182727877108,24.0,0.6666666666666666,1
20261005T183107Z,alpaca_live_path_harvest,26,AMZN,ORCL,hyperscaler,6.609347347138769,1.6180184374853037,1.9298636247017378,0.46785130859779006,0.31184518721643406,0.7651522482932194,25.0,0.6666666666666666,1
20261005T183107Z,alpaca_live_path_harvest,27,AMZN,ORCL,hyperscaler,6.642449978312296,2.178043466350815,1.9298636247017378,0.4724802724867281,-0.24817984164907736,0.9813117651687208,26.0,0.6666666666666666,1
20261005T183107Z,alpaca_live_path_harvest,28,AMZN,ORCL,hyperscaler,6.617226612586698,2.391011780037544,1.9298636247017378,0.4763468299091923,-0.4611481553358063,-2.454581162938189,27.0,0.6666666666666666,1
20261005T183107Z,alpaca_live_path_harvest,29,AMZN,ORCL,hyperscaler,6.376522072303752,1.6811930917899556,1.9298636247017378,0.5164984570166873,0.24867053291178223,1.9553377470915394,28.0,0.6666666666666666,1
20261005T183107Z,alpaca_live_path_harvest,30,AMZN,ORCL,hyperscaler,5.981684599251487,1.563107396117554,1.9298636247017378,0.5806264759846328,0.3667562285841838,0.6321219846189479,29.0,0.6666666666666666,1
20261005T183107Z,alpaca_live_path_harvest,31,AMZN,ORCL,hyperscaler,8.333326730257623,4.452089328555034,1.9298636247017378,0.521686468875063,-2.522225703853296,-4.939412294214935,30.0,0.6666666666666666,0
20261005T183107Z,alpaca_live_path_harvest,32,AMZN,ORCL,hyperscaler,8.355101446787884,1.7478173354349351,1.9298636247017378,0.5212396186890569,0.18204628926680272,0.6928869369426252,31.0,0.6666666666666666,1
20261005T183107Z,alpaca_live_path_harvest,33,AMZN,ORCL,hyperscaler,7.1173061594838165,1.589274805253174,1.9298636247017378,0.5218029089262326,0.3405888194485638,1.3388575048715723,32.0,0.6666666666666666,1
20261005T183107Z,alpaca_live_path_harvest,34,AMZN,ORCL,hyperscaler,7.027630659939128,1.6383890345312864,1.9298636247017378,0.5251091038716071,0.2914745901704513,0.09618860365181377,33.0,0.6666666666666666,1
20261005T183107Z,alpaca_live_path_harvest,35,AMZN,ORCL,hyperscaler,7.16758210407889,1.3782059616117113,1.9298636247017378,0.5328711680292988,0.5516576630900265,0.32136823884322324,34.0,0.6666666666666666,1
20261005T183107Z,alpaca_live_path_harvest,36,AMZN,ORCL,hyperscaler,7.1978710935311625,2.3246543632436976,1.9298636247017378,0.5314160889223173,-0.39479073854195995,3.640014604225814,35.0,0.6666666666666666,1
20261005T183107Z,alpaca_live_path_harvest,37,AMZN,ORCL,hyperscaler,7.119873192644353,2.4842264756707833,1.9298636247017378,0.528566620333314,-0.5543628509690455,-1.354494556918496,36.0,0.6666666666666666,0
20261005T183107Z,alpaca_live_path_harvest,38,AMZN,ORCL,hyperscaler,6.767839419152729,1.4419083346008001,1.9298636247017378,0.5622530737617353,0.4879552901009377,0.1874696272779545,37.0,0.6666666666666666,1
20261005T183107Z,alpaca_live_path_harvest,39,AMZN,ORCL,hyperscaler,6.532307638161386,2.119410968204899,1.9298636247017378,0.5665984793784679,-0.18954734350316121,-0.9012444220153781,38.0,0.6666666666666666,1
20261005T183107Z,alpaca_live_path_harvest,40,AMZN,ORCL,hyperscaler,6.805701426051163,1.1526372112167425,1.9298636247017378,0.5596834887388521,0.7772264134849953,0.32666321516312563,39.0,0.6666666666666666,1
20261005T183107Z,alpaca_live_path_harvest,41,AMZN,ORCL,hyperscaler,6.9279958543313604,1.2074271197508366,1.9298636247017378,0.5542815443575281,0.7224365049509012,1.802238150404969,40.0,0.6666666666666666,1
20261005T183107Z,alpaca_live_path_harvest,42,AMZN,ORCL,hyperscaler,6.915865637997739,1.8791949064577005,1.9298636247017378,0.5605265184027404,0.050668718244037354,1.0405998229671922,41.0,0.6666666666666666,1
20261005T183107Z,alpaca_live_path_harvest,43,AMZN,ORCL,hyperscaler,6.932485999866619,2.377618052496615,1.9298636247017378,0.5707252355335748,-0.4477544277948772,-1.6127229916817385,42.0,0.6666666666666666,1
20261005T183107Z,alpaca_live_path_harvest,44,AMZN,ORCL,hyperscaler,6.942480673147264,1.5647489724511443,1.9298636247017378,0.5785173351214065,0.36511465225059336,0.8861540464538905,43.0,0.6666666666666666,1
20261005T183107Z,alpaca_live_path_harvest,45,AMZN,ORCL,hyperscaler,6.980802827047403,2.454042568594405,1.9298636247017378,0.5746315908546598,-0.5241789438926675,-2.315432908821657,44.0,0.6666666666666666,0
20261005T183107Z,alpaca_live_path_harvest,46,AMZN,ORCL,hyperscaler,4.016075290980759,1.2551824348576113,1.9298636247017378,0.5726307788701183,0.6746811898441265,-0.21240390573651666,45.0,0.6666666666666666,1
20261005T183107Z,alpaca_live_path_harvest,47,AMZN,ORCL,hyperscaler,4.145211626684205,2.177928669805823,1.9298636247017378,0.5717669148397218,-0.2480650451040851,-0.6321349805197827,46.0,0.6666666666666666,0
20261005T183107Z,alpaca_live_path_harvest,48,AMZN,ORCL,hyperscaler,4.185465302456621,1.2917086441100691,1.9298636247017378,0.5710481417292047,0.6381549805916686,1.5990481000014767,47.0,0.6666666666666666,1
20261005T183107Z,alpaca_live_path_harvest,49,AMZN,ORCL,hyperscaler,4.248807746976846,1.2929073810024692,1.9298636247017378,0.5691037542292219,0.6369562436992686,0.32125490117728644,48.0,0.6666666666666666,0
20261005T183107Z,alpaca_live_path_harvest,50,AMZN,ORCL,hyperscaler,4.358967346583724,0.9483727937678063,1.9298636247017378,0.564673026799305,0.9814908309339315,2.272471148386978,49.0,0.6666666666666666,0
20261005T183107Z,alpaca_live_path_harvest,51,AMZN,ORCL,hyperscaler,6.399418905446269,-0.875247917716415,1.9298636247017378,0.5951124524171153,2.8051115424181527,3.106188808265671,50.0,0.6666666666666666,0
20261005T183107Z,alpaca_live_path_harvest,52,AMZN,ORCL,hyperscaler,10.272648442443685,0.0,3.55468438984504,0.47990468765686967,-3.55468438984504,-6.594844430087386,0.0,0.13333333333333333,1
20261005T183107Z,alpaca_live_path_harvest,53,AMZN,ORCL,hyperscaler,10.288975848036458,3.16814871441294,3.55468438984504,0.47921883583493513,-0.3865356754321003,-1.3508390951627405,1.0,0.13333333333333333,1
20261005T183107Z,alpaca_live_path_harvest,54,AMZN,ORCL,hyperscaler,10.61952258074353,2.1974577045397012,3.55468438984504,0.47072161583458305,-1.3572266853053387,-3.5322833930378463,2.0,0.13333333333333333,1
20261005T183107Z,alpaca_live_path_harvest,55,AMZN,ORCL,hyperscaler,10.871947016514746,2.221478922257983,3.55468438984504,0.4622550384924636,-1.3332054675870573,-6.350946589931118,3.0,0.13333333333333333,1
20261005T183107Z,alpaca_live_path_harvest,56,AMZN,ORCL,hyperscaler,10.993932343492393,4.160521660974371,3.55468438984504,0.4617916648372667,0.6058372711293308,0.19796704961005956,4.0,0.13333333333333333,1
20261005T183107Z,alpaca_live_path_harvest,57,AMZN,ORCL,hyperscaler,11.048149766602004,2.889376882959525,3.55468438984504,0.4607549771667589,-0.6653075068855153,4.57427218489625,5.0,0.13333333333333333,1
20261005T183107Z,alpaca_live_path_harvest,58,AMZN,ORCL,hyperscaler,11.017349601804325,3.1990730890213976,3.55468438984504,0.4601819023354753,-0.35561130082364245,-0.23116308312877437,6.0,0.13333333333333333,1
20261005T183107Z,alpaca_live_path_harvest,59,AMZN,ORCL,hyperscaler,10.9926858899211,3.225411406421763,3.55468438984504,0.46359841207405833,-0.32927298342327704,1.5407212932868277,7.0,0.13333333333333333,1
20261005T183107Z,alpaca_live_path_harvest,60,AMZN,ORCL,hyperscaler,11.673550690477828,5.325165459384307,3.55468438984504,0.4504707447000345,1.770481069539266,5.249086739230734,8.0,0.13333333333333333,0
20261005T183107Z,alpaca_live_path_harvest,61,AMZN,ORCL,hyperscaler,12.175300700338072,5.032835016985573,3.55468438984504,0.4399096565506169,1.4781506271405334,1.5669658247877805,9.0,0.13333333333333333,0
20261005T183107Z,alpaca_live_path_harvest,62,AMZN,ORCL,hyperscaler,12.151912386513114,3.261764319239465,3.55468438984504,0.4403796570458724,-0.2929200706055754,0.6647709658774431,10.0,0.13333333333333333,0
20261005T183107Z,alpaca_live_path_harvest,63,AMZN,ORCL,hyperscaler,11.579659509184712,0.0,1.5805060071058823,0.4247158158494421,-1.5805060071058823,-5.431103311925187,0.0,0.13333333333333333,1
20261005T183107Z,alpaca_live_path_harvest,64,AMZN,ORCL,hyperscaler,9.207369106769022,0.5323255544712138,1.5805060071058823,0.4208253516761165,-1.0481804526346685,-1.3811037821757508,1.0,0.13333333333333333,1
20261005T183107Z,alpaca_live_path_harvest,65,AMZN,ORCL,hyperscaler,9.325409660784098,0.8854259554892263,1.5805060071058823,0.4200834529090766,-0.695080051616656,-3.156731695275937,2.0,0.13333333333333333,1
20261005T183107Z,alpaca_live_path_harvest,66,AMZN,ORCL,hyperscaler,9.340828390353044,0.4312057158815643,1.5805060071058823,0.41802519922682474,-1.149300291224318,-3.576044716261856,3.0,0.13333333333333333,1
20261005T183107Z,alpaca_live_path_harvest,67,AMZN,ORCL,hyperscaler,8.958696433432689,1.036339343558486,1.5805060071058823,0.4445118517634444,-0.5441666635473963,-2.0923179344148366,4.0,0.13333333333333333,1
20261005T183107Z,alpaca_live_path_harvest,68,AMZN,ORCL,hyperscaler,8.817310146679375,1.5342317590985064,1.5805060071058823,0.44731504768731206,-0.04627424800737598,2.6968579247058644,5.0,0.13333333333333333,1
20261005T183107Z,alpaca_live_path_harvest,69,AMZN,ORCL,hyperscaler,8.705199110757263,1.5220354681001182,1.5805060071058823,0.4997160772307033,-0.05847053900576408,1.7475966370780724,6.0,0.13333333333333333,1
20261005T183107Z,alpaca_live_path_harvest,70,AMZN,ORCL,hyperscaler,8.839233813813621,2.3399880431071867,1.5805060071058823,0.4940249850147814,0.7594820360013043,2.6066552398655176,7.0,0.13333333333333333,0
20261005T183107Z,alpaca_live_path_harvest,71,AMZN,ORCL,hyperscaler,8.78646845409883,1.608804784393964,1.5805060071058823,0.503483683480648,0.02829877728808165,2.239843887477639,8.0,0.13333333333333333,1
20261005T183107Z,alpaca_live_path_harvest,72,AMZN,ORCL,hyperscaler,8.307527396434141,0.3513655437994496,1.5805060071058823,0.5034287288464742,-1.2291404633064327,-1.3183779769721924,9.0,0.13333333333333333,1
20261005T183107Z,alpaca_live_path_harvest,73,AMZN,ORCL,hyperscaler,7.317423450526637,1.6813876224038662,1.5805060071058823,0.5068592539318089,0.10088161529798384,0.21702145689177996,10.0,0.13333333333333333,0
20261005T183107Z,alpaca_live_path_harvest,74,AMZN,ORCL,hyperscaler,6.92982366481541,0.0,1.662364583662023,0.5306596372829897,-1.662364583662023,-2.477782034756251,0.0,0.13333333333333333,1
20261005T183107Z,alpaca_live_path_harvest,75,AMZN,ORCL,hyperscaler,10.804259338101208,-1.3087940253538848,1.662364583662023,0.45997522060552176,-2.971158609015908,-6.845028771493628,1.0,0.13333333333333333,1
20261005T183107Z,alpaca_live_path_harvest,76,AMZN,ORCL,hyperscaler,13.73927548083044,-1.158915075616252,1.662364583662023,0.4114852097847687,-2.821279659278275,-6.101279667699759,2.0,0.13333333333333333,1
20261005T183107Z,alpaca_live_path_harvest,77,AMZN,ORCL,hyperscaler,13.733054409810784,1.803638698439594,1.662364583662023,0.41130390245457854,0.14127411477757096,0.2504860730202495,3.0,0.13333333333333333,1
20261005T183107Z,alpaca_live_path_harvest,78,AMZN,ORCL,hyperscaler,13.839112091892373,2.5597440362249944,1.662364583662023,0.40408964914017503,0.8973794525629711,-0.23887023105264688,4.0,0.13333333333333333,1
20261005T183107Z,alpaca_live_path_harvest,79,AMZN,ORCL,hyperscaler,13.784532895557293,1.6816067370123038,1.662364583662023,0.4059649068258969,0.019242153350280594,2.7396076983554223,5.0,0.13333333333333333,1
20261005T183107Z,alpaca_live_path_harvest,80,AMZN,ORCL,hyperscaler,14.77937655069375,3.3260949402394155,1.662364583662023,0.39012389737891473,1.6637303565773927,9.949777522679602,6.0,0.13333333333333333,1
20261005T183107Z,alpaca_live_path_harvest,81,AMZN,ORCL,hyperscaler,14.790535553794392,2.011834563738352,1.662364583662023,0.3897398506256459,0.3494699800763286,7.455039692894769,7.0,0.13333333333333333,1
20261005T183107Z,alpaca_live_path_harvest,82,AMZN,ORCL,hyperscaler,14.601046985701803,2.383577599870079,1.662364583662023,0.38725171191640867,0.7212130162080559,1.3521209725692926,8.0,0.13333333333333333,1
20261005T183107Z,alpaca_live_path_harvest,83,AMZN,ORCL,hyperscaler,14.53174068976081,1.6979353135829012,1.662364583662023,0.3903846542354522,0.03557072992087814,-1.972936620699386,9.0,0.13333333333333333,1
20261005T183107Z,alpaca_live_path_harvest,84,AMZN,ORCL,hyperscaler,16.303382617823694,3.8798886671940194,1.662364583662023,0.36672479984378,2.217524083531996,5.426401122505467,10.0,0.13333333333333333,0
20261005T183107Z,alpaca_live_path_harvest,85,AMZN,ORCL,hyperscaler,9.11238087384848,0.0,1.6061536910789904,0.508826275932155,-1.6061536910789904,-1.9688100962558166,0.0,0.13333333333333333,1
20261005T183107Z,alpaca_live_path_harvest,86,AMZN,ORCL,hyperscaler,12.03017026184991,4.599843683996625,1.6061536910789904,0.44193818596975554,2.993689992917634,4.628939539664685,1.0,0.13333333333333333,0
20261005T183107Z,alpaca_live_path_harvest,87,AMZN,ORCL,hyperscaler,11.900287629516882,-0.06223015841225821,1.6061536910789904,0.43256146411720353,-1.6683838494912486,-0.3585556695263449,2.0,0.13333333333333333,1
20261005T183107Z,alpaca_live_path_harvest,88,AMZN,ORCL,hyperscaler,12.399992734921092,-0.17920602439520827,1.6061536910789904,0.4204072640868806,-1.7853597154741987,-2.7388504479657287,3.0,0.13333333333333333,1
20261005T183107Z,alpaca_live_path_harvest,89,AMZN,ORCL,hyperscaler,12.406734596752836,1.0986824159309747,1.6061536910789904,0.4200037669932752,-0.5074712751480157,-0.46546340087353427,4.0,0.13333333333333333,1
20261005T183107Z,alpaca_live_path_harvest,90,AMZN,ORCL,hyperscaler,12.024418219312755,1.492511093940946,1.6061536910789904,0.42072091117999977,-0.11364259713804438,2.25549929760802,5.0,0.13333333333333333,1
20261005T183107Z,alpaca_live_path_harvest,91,AMZN,ORCL,hyperscaler,11.95185875647647,0.8722759850684589,1.6061536910789904,0.4196786401389113,-0.7338777060105315,-7.214895128273303,6.0,0.13333333333333333,1
20261005T183107Z,alpaca_live_path_harvest,92,AMZN,ORCL,hyperscaler,11.350236939025427,0.9686875341006498,1.6061536910789904,0.4346689819950195,-0.6374661569783406,1.660968746165952,7.0,0.13333333333333333,1
20261005T183107Z,alpaca_live_path_harvest,93,AMZN,ORCL,hyperscaler,10.954266483635612,1.880146327983172,1.6061536910789904,0.43648526935928367,0.27399263690418163,3.8040940661558578,8.0,0.13333333333333333,0
20261005T183107Z,alpaca_live_path_harvest,94,AMZN,ORCL,hyperscaler,11.968936498429086,-0.581818103238346,1.6061536910789904,0.4188403676489704,-2.1879717943173365,-3.4771344932997748,9.0,0.13333333333333333,1
20261005T183107Z,alpaca_live_path_harvest,95,AMZN,ORCL,hyperscaler,12.020816494178494,0.7313392387084172,1.6061536910789904,0.42549518490161437,-0.8748144523705732,-1.7538617937617005,10.0,0.13333333333333333,0
20261005T183107Z,alpaca_live_path_harvest,1,AAPL,AMZN,mag7,4.1255866296083985,0.0,2.918041751510232,0.6096580368554124,-2.918041751510232,-2.2003603841466544,0.0,0.6666666666666666,1
20261005T183107Z,alpaca_live_path_harvest,2,AAPL,AMZN,mag7,4.96903313012382,-0.12615227665189854,2.918041751510232,0.5508837268735219,-3.0441940281621305,-2.9640880655130672,1.0,0.6666666666666666,1
20261005T183107Z,alpaca_live_path_harvest,3,AAPL,AMZN,mag7,4.923719708861462,2.364589954766691,2.918041751510232,0.5548650468379945,-0.5534517967435407,-0.2872630026300499,2.0,0.6666666666666666,1
20261005T183107Z,alpaca_live_path_harvest,4,AAPL,AMZN,mag7,4.945069110073965,1.6054397579455744,2.918041751510232,0.549078780447119,-1.3126019935646576,-1.43366239682249,3.0,0.6666666666666666,1
20261005T183107Z,alpaca_live_path_harvest,5,AAPL,AMZN,mag7,4.953147989307178,2.8040538313538437,2.918041751510232,0.5491938519648625,-0.11398792015638819,-0.9955310802421536,4.0,0.6666666666666666,1
20261005T183107Z,alpaca_live_path_harvest,6,AAPL,AMZN,mag7,4.9893369580211075,3.418602064528976,2.918041751510232,0.54766125520919,0.5005603130187439,2.686855855958356,5.0,0.6666666666666666,1
20261005T183107Z,alpaca_live_path_harvest,7,AAPL,AMZN,mag7,5.269731249121544,4.119818687252838,2.918041751510232,0.5488319440763714,1.201776935742606,3.7558406623964173,6.0,0.6666666666666666,1
20261005T183107Z,alpaca_live_path_harvest,8,AAPL,AMZN,mag7,5.55719204889178,4.194400165368803,2.918041751510232,0.5362782274025413,1.2763584138585706,1.5916796824305266,7.0,0.6666666666666666,1
20261005T183107Z,alpaca_live_path_harvest,9,AAPL,AMZN,mag7,5.56963787439169,2.2223407821429526,2.918041751510232,0.5366570392953273,-0.6957009693672794,0.5447339977904676,8.0,0.6666666666666666,1
20261005T183107Z,alpaca_live_path_harvest,10,AAPL,AMZN,mag7,5.5427569724578225,2.218701962820956,2.918041751510232,0.5359019640344035,-0.6993397886892757,-0.550596458719491,9.0,0.6666666666666666,1
20261005T183107Z,alpaca_live_path_harvest,11,AAPL,AMZN,mag7,5.550956062120225,3.089089110441593,2.918041751510232,0.5409434724884546,0.17104735893136144,-0.39433238599148696,10.0,0.6666666666666666,1
20261005T183107Z,alpaca_live_path_harvest,12,AAPL,AMZN,mag7,5.541931012215136,3.3026135216784116,2.918041751510232,0.5411951976627425,0.3845717701681797,-0.8481982152885564,11.0,0.6666666666666666,1
20261005T183107Z,alpaca_live_path_harvest,13,AAPL,AMZN,mag7,5.543028814002519,2.5396969365737174,2.918041751510232,0.5427629336568786,-0.3783448149365143,-1.5648700399700544,12.0,0.6666666666666666,1
20261005T183107Z,alpaca_live_path_harvest,14,AAPL,AMZN,mag7,5.56152172744707,1.8317510164409434,2.918041751510232,0.5392106783814549,-1.0862907350692885,-0.3841254502491836,13.0,0.6666666666666666,1
20261005T183107Z,alpaca_live_path_harvest,15,AAPL,AMZN,mag7,5.978798314895001,5.022519780682127,2.918041751510232,0.5181041601852084,2.104478029171895,2.3626018222247467,14.0,0.6666666666666666,1
20261005T183107Z,alpaca_live_path_harvest,16,AAPL,AMZN,mag7,5.396006391728059,2.233506980192729,2.918041751510232,0.5168318988759895,-0.6845347713175031,-0.7449741206860324,15.0,0.6666666666666666,1
20261005T183107Z,alpaca_live_path_harvest,17,AAPL,AMZN,mag7,4.152736401800988,3.09595339504447,2.918041751510232,0.5176524152302046,0.17791164353423822,-0.13635204487553665,16.0,0.6666666666666666,1
20261005T183107Z,alpaca_live_path_harvest,18,AAPL,AMZN,mag7,4.214992955252283,3.867449711958129,2.918041751510232,0.5129862256625444,0.949407960447897,1.138991927153461,17.0,0.6666666666666666,1
20261005T183107Z,alpaca_live_path_harvest,19,AAPL,AMZN,mag7,3.9321967239831594,3.846488696765012,2.918041751510232,0.5098645844600833,0.9284469452547797,1.7174893294029516,18.0,0.6666666666666666,1
20261005T183107Z,alpaca_live_path_harvest,20,AAPL,AMZN,mag7,4.276019740277287,4.691669675994037,2.918041751510232,0.5011176847977408,1.7736279244838051,-0.1891418524871426,19.0,0.6666666666666666,1
20261005T183107Z,alpaca_live_path_harvest,21,AAPL,AMZN,mag7,4.352833616993219,3.9801117255242144,2.918041751510232,0.5221719812577602,1.0620699740139825,1.6165151031938763,20.0,0.6666666666666666,1
20261005T183107Z,alpaca_live_path_harvest,22,AAPL,AMZN,mag7,5.306596498641853,5.611604635458395,2.918041751510232,0.5325792923055119,2.6935628839481627,2.676225158407084,21.0,0.6666666666666666,1
20261005T183107Z,alpaca_live_path_harvest,23,AAPL,AMZN,mag7,5.874168299304046,5.141134693052939,2.918041751510232,0.5109824052974203,2.2230929415427068,1.754696431291046,22.0,0.6666666666666666,1
20261005T183107Z,alpaca_live_path_harvest,24,AAPL,AMZN,mag7,6.812239691664572,5.711099232118784,2.918041751510232,0.483320073309908,2.7930574806085513,2.828857284653208,23.0,0.6666666666666666,0
20261005T183107Z,alpaca_live_path_harvest,25,AAPL,AMZN,mag7,6.657970083715825,2.6095886186494996,2.918041751510232,0.4828073443606475,-0.30845313286073234,-1.6952347537163632,24.0,0.6666666666666666,1
20261005T183107Z,alpaca_live_path_harvest,26,AAPL,AMZN,mag7,6.608444884445923,3.037585672956322,2.918041751510232,0.4825472401776267,0.11954392144609038,-0.582103035959517,25.0,0.6666666666666666,1
20261005T183107Z,alpaca_live_path_harvest,27,AAPL,AMZN,mag7,6.560261391140455,3.748652955990872,2.918041751510232,0.48199824713581,0.8306112044806402,-1.5451838871519386,26.0,0.6666666666666666,1
20261005T183107Z,alpaca_live_path_harvest,28,AAPL,AMZN,mag7,7.042780135582563,1.6080589268062306,2.918041751510232,0.46604588246965933,-1.3099828247040013,-3.911197009509658,27.0,0.6666666666666666,1
20261005T183107Z,alpaca_live_path_harvest,29,AAPL,AMZN,mag7,6.993579711918567,2.07595032740684,2.918041751510232,0.46334037814979884,-0.8420914241033917,-4.439099453089182,28.0,0.6666666666666666,1
20261005T183107Z,alpaca_live_path_harvest,30,AAPL,AMZN,mag7,6.901159105857798,3.658694446166565,2.918041751510232,0.4681269050138195,0.7406526946563333,1.2570734564506894,29.0,0.6666666666666666,1
20261005T183107Z,alpaca_live_path_harvest,31,AAPL,AMZN,mag7,6.928059540287724,2.157462128520633,2.918041751510232,0.4622853500809896,-0.7605796229895987,-1.1024701163691133,30.0,0.6666666666666666,1
20261005T183107Z,alpaca_live_path_harvest,32,AAPL,AMZN,mag7,7.1495574244908635,2.210026714308979,2.918041751510232,0.4568270431762598,-0.708015037201253,-1.9200135475011506,31.0,0.6666666666666666,1
20261005T183107Z,alpaca_live_path_harvest,33,AAPL,AMZN,mag7,7.305783990125754,2.4533497481147166,2.918041751510232,0.45689062568282324,-0.46469200339551514,1.0270217398850037,32.0,0.6666666666666666,1
20261005T183107Z,alpaca_live_path_harvest,34,AAPL,AMZN,mag7,7.411711738033053,4.055336579851946,2.918041751510232,0.4624999681950109,1.1372948283417135,2.544191684687166,33.0,0.6666666666666666,0
20261005T183107Z,alpaca_live_path_harvest,35,AAPL,AMZN,mag7,7.341177692544855,3.048747159810956,2.918041751510232,0.46647879595832337,0.1307054083007241,-0.7067709859980027,34.0,0.6666666666666666,1
20261005T183107Z,alpaca_live_path_harvest,36,AAPL,AMZN,mag7,7.389035761363344,2.6913088793256676,2.918041751510232,0.47130208845486576,-0.22673287218456414,0.6921015341424323,35.0,0.6666666666666666,1
20261005T183107Z,alpaca_live_path_harvest,37,AAPL,AMZN,mag7,6.7684270887556455,3.1876859128660024,2.918041751510232,0.4726435757644283,0.2696441613557706,1.2868785722038978,36.0,0.6666666666666666,1
20261005T183107Z,alpaca_live_path_harvest,38,AAPL,AMZN,mag7,6.991030174723912,1.0715021332505676,2.918041751510232,0.4442898831879625,-1.8465396182596643,-1.8392462327759176,37.0,0.6666666666666666,1
20261005T183107Z,alpaca_live_path_harvest,39,AAPL,AMZN,mag7,5.262762144709606,3.271617851158315,2.918041751510232,0.44434936363782035,0.35357609964808284,-0.9940633219521942,38.0,0.6666666666666666,1
20261005T183107Z,alpaca_live_path_harvest,40,AAPL,AMZN,mag7,5.264264140998052,2.644834181637484,2.918041751510232,0.44639616784084646,-0.2732075698727478,-0.5850381327642026,39.0,0.6666666666666666,1
20261005T183107Z,alpaca_live_path_harvest,41,AAPL,AMZN,mag7,5.921443579230708,1.095914400745696,2.918041751510232,0.4277917287455641,-1.822127350764536,-2.1659523021720815,40.0,0.6666666666666666,1
20261005T183107Z,alpaca_live_path_harvest,42,AAPL,AMZN,mag7,5.624807778659498,2.055470848476239,2.918041751510232,0.4435638862293495,-0.8625709030339926,-1.4295923533329984,41.0,0.6666666666666666,1
20261005T183107Z,alpaca_live_path_harvest,43,AAPL,AMZN,mag7,5.637096236376251,3.44701664770784,2.918041751510232,0.4607597807423525,0.5289748961976077,3.1395194345631636,42.0,0.6666666666666666,0
20261005T183107Z,alpaca_live_path_harvest,44,AAPL,AMZN,mag7,5.616788138269248,3.081628974730387,2.918041751510232,0.5175965311077054,0.16358722322015493,-0.17255775955084118,43.0,0.6666666666666666,1
20261005T183107Z,alpaca_live_path_harvest,45,AAPL,AMZN,mag7,5.372379884344028,2.7352123730300395,2.918041751510232,0.5173954158228542,-0.18282937848019254,0.2602502094950069,44.0,0.6666666666666666,1
20261005T183107Z,alpaca_live_path_harvest,46,AAPL,AMZN,mag7,5.380113587553347,3.0970701137741323,2.918041751510232,0.5164417622213527,0.17902836226390056,2.730819660363841,45.0,0.6666666666666666,1
20261005T183107Z,alpaca_live_path_harvest,47,AAPL,AMZN,mag7,5.314488247275741,2.5562436686711982,2.918041751510232,0.5271681564842788,-0.36179808283903386,0.6776920679355953,46.0,0.6666666666666666,1
20261005T183107Z,alpaca_live_path_harvest,48,AAPL,AMZN,mag7,5.34107434137848,2.254347709863064,2.918041751510232,0.5362287305343056,-0.6636940416471679,-1.4861192869999855,47.0,0.6666666666666666,1
20261005T183107Z,alpaca_live_path_harvest,49,AAPL,AMZN,mag7,4.781891846305418,2.4571272353233558,2.918041751510232,0.5398816249201275,-0.46091451618687634,-0.8172493074135275,48.0,0.6666666666666666,1
20261005T183107Z,alpaca_live_path_harvest,50,AAPL,AMZN,mag7,4.719229485870782,2.3319086497803685,2.918041751510232,0.5500769574370985,-0.5861331017298632,-0.5451966336611065,49.0,0.6666666666666666,1
20261005T183107Z,alpaca_live_path_harvest,51,AAPL,AMZN,mag7,4.825573729975288,3.162177490914844,2.918041751510232,0.5491633339990549,0.24413573940461203,0.024474321257633845,50.0,0.6666666666666666,0
20261005T183107Z,alpaca_live_path_harvest,52,AAPL,AMZN,mag7,4.897767169886838,0.0,2.4092727369382043,0.5713530210824437,-2.4092727369382043,-2.3564969070488986,0.0,0.13333333333333333,1
20261005T183107Z,alpaca_live_path_harvest,53,AAPL,AMZN,mag7,4.998589140445989,1.5591414285037324,2.4092727369382043,0.5657333423807673,-0.8501313084344718,-1.4151512497555927,1.0,0.13333333333333333,1
20261005T183107Z,alpaca_live_path_harvest,54,AAPL,AMZN,mag7,4.814475159912195,2.050248484416297,2.4092727369382043,0.5662102710454208,-0.3590242525219072,-0.4281971636037042,2.0,0.13333333333333333,1
20261005T183107Z,alpaca_live_path_harvest,55,AAPL,AMZN,mag7,5.260939310544235,0.5954265716151599,2.4092727369382043,0.5441229813157151,-1.8138461653230444,-0.7303228662050856,3.0,0.13333333333333333,1
20261005T183107Z,alpaca_live_path_harvest,56,AAPL,AMZN,mag7,5.733382355923426,4.326922190419397,2.4092727369382043,0.5203649340781433,1.9176494534811934,2.339033465961916,4.0,0.13333333333333333,0
20261005T183107Z,alpaca_live_path_harvest,57,AAPL,AMZN,mag7,5.727437378794045,1.8132669004434876,2.4092727369382043,0.5216357289160222,-0.5960058364947167,1.6933047762417117,5.0,0.13333333333333333,1
20261005T183107Z,alpaca_live_path_harvest,58,AAPL,AMZN,mag7,5.809161652294248,3.8147351746095923,2.4092727369382043,0.5096460935674183,1.405462437671388,2.2974530599407785,6.0,0.13333333333333333,0
20261005T183107Z,alpaca_live_path_harvest,59,AAPL,AMZN,mag7,5.746939667547824,3.5852443043475732,2.4092727369382043,0.5054813960206168,1.1759715674093691,1.6266341199387966,7.0,0.13333333333333333,0
20261005T183107Z,alpaca_live_path_harvest,60,AAPL,AMZN,mag7,5.966363907308536,0.9950603981369379,2.4092727369382043,0.49565408747308953,-1.4142123388012664,0.32962420040100826,8.0,0.13333333333333333,1
20261005T183107Z,alpaca_live_path_harvest,61,AAPL,AMZN,mag7,6.03800224147792,2.88599663700841,2.4092727369382043,0.4999138491068372,0.47672390007020565,-1.4122503031572022,9.0,0.13333333333333333,0
20261005T183107Z,alpaca_live_path_harvest,62,AAPL,AMZN,mag7,6.078493010796073,2.794971615811692,2.4092727369382043,0.5006843530420038,0.38569887887348797,0.9974981758661556,10.0,0.13333333333333333,0
20261005T183107Z,alpaca_live_path_harvest,63,AAPL,AMZN,mag7,6.4742915697649925,0.0,1.9295740252705613,0.4906013353731191,-1.9295740252705613,-3.5997669651828574,0.0,0.13333333333333333,1
20261005T183107Z,alpaca_live_path_harvest,64,AAPL,AMZN,mag7,6.482844867839855,2.101086328107671,1.9295740252705613,0.5030286574133831,0.17151230283710958,-1.1334927842196065,1.0,0.13333333333333333,1
20261005T183107Z,alpaca_live_path_harvest,65,AAPL,AMZN,mag7,6.688188650201575,3.0832695847065157,1.9295740252705613,0.4939898981010518,1.1536955594359541,2.6276566288123946,2.0,0.13333333333333333,1
20261005T183107Z,alpaca_live_path_harvest,66,AAPL,AMZN,mag7,6.700847669998114,1.3715030031370734,1.9295740252705613,0.4931945562964747,-0.5580710221334878,-1.0767841803759097,3.0,0.13333333333333333,1
20261005T183107Z,alpaca_live_path_harvest,67,AAPL,AMZN,mag7,6.051078420740684,1.98312362937532,1.9295740252705613,0.49313370454049765,0.053549604104758654,-0.3100231201376801,4.0,0.13333333333333333,1
20261005T183107Z,alpaca_live_path_harvest,68,AAPL,AMZN,mag7,6.2158788469067705,3.2397909983709905,1.9295740252705613,0.4847253826002738,1.3102169731004292,3.519309594109052,5.0,0.13333333333333333,1
20261005T183107Z,alpaca_live_path_harvest,69,AAPL,AMZN,mag7,6.413350709436559,0.7211299327907932,1.9295740252705613,0.4808117306848607,-1.2084440924797681,-1.3395641273732166,6.0,0.13333333333333333,1
20261005T183107Z,alpaca_live_path_harvest,70,AAPL,AMZN,mag7,6.1173680534783905,3.2781143794911163,1.9295740252705613,0.4738328334695422,1.348540354220555,0.24329497462230165,7.0,0.13333333333333333,0
20261005T183107Z,alpaca_live_path_harvest,71,AAPL,AMZN,mag7,5.715964798896725,2.4801538459179264,1.9295740252705613,0.4725209246145535,0.550579820647365,1.2170489420230297,8.0,0.13333333333333333,1
20261005T183107Z,alpaca_live_path_harvest,72,AAPL,AMZN,mag7,5.71897157273757,2.8948599727754036,1.9295740252705613,0.49144355978634396,0.9652859475048423,0.9767857887373566,9.0,0.13333333333333333,0
20261005T183107Z,alpaca_live_path_harvest,73,AAPL,AMZN,mag7,5.6014223412412765,2.8930728814602804,1.9295740252705613,0.4921687478172862,0.963498856189719,-0.2862104061895252,10.0,0.13333333333333333,0
20261005T183107Z,alpaca_live_path_harvest,1,ASML,TSM,semis,16.65135607147355,0.0,2.0885697513384764,0.6291391545000167,2.0885697513384764,8.082540066473985,0.0,0.6666666666666666,1
20261005T183107Z,alpaca_live_path_harvest,2,ASML,TSM,semis,21.27743134437253,-0.6147697576830535,2.0885697513384764,0.5764260030709897,2.70333950902153,12.544561251065625,1.0,0.6666666666666666,1
20261005T183107Z,alpaca_live_path_harvest,3,ASML,TSM,semis,21.355252561398277,2.426902691958989,2.0885697513384764,0.5813174293315714,-0.3383329406205124,-1.0975086447680495,2.0,0.6666666666666666,1
20261005T183107Z,alpaca_live_path_harvest,4,ASML,TSM,semis,21.051824206645325,1.2538352696620714,2.0885697513384764,0.5776964521833495,0.834734481676405,1.649411982219999,3.0,0.6666666666666666,1
20261005T183107Z,alpaca_live_path_harvest,5,ASML,TSM,semis,22.57298807674963,3.7033861378260915,2.0885697513384764,0.5655111824435388,-1.614816386487615,-2.832270028929861,4.0,0.6666666666666666,1
20261005T183107Z,alpaca_live_path_harvest,6,ASML,TSM,semis,25.974515439164723,-0.39153123388762,2.0885697513384764,0.5322713308418616,2.4801009852260965,4.086881018116538,5.0,0.6666666666666666,1
20261005T183107Z,alpaca_live_path_harvest,7,ASML,TSM,semis,27.032520852856415,3.3293696335163805,2.0885697513384764,0.525180553632982,-1.2407998821779043,-16.0516997926783,6.0,0.6666666666666666,1
20261005T183107Z,alpaca_live_path_harvest,8,ASML,TSM,semis,27.228775403118274,2.5128914527070902,2.0885697513384764,0.5240990402528801,-0.42432170136861397,-0.6043686368020644,7.0,0.6666666666666666,1
20261005T183107Z,alpaca_live_path_harvest,9,ASML,TSM,semis,26.74361323774617,1.8468624414362578,2.0885697513384764,0.5287236153633191,0.24170730990221875,-2.181661318485112,8.0,0.6666666666666666,1
20261005T183107Z,alpaca_live_path_harvest,10,ASML,TSM,semis,26.466803228479225,1.625941049101176,2.0885697513384764,0.5289787838546924,0.4626287022373004,8.664375965144973,9.0,0.6666666666666666,1
20261005T183107Z,alpaca_live_path_harvest,11,ASML,TSM,semis,26.657561154577625,1.1508288353376912,2.0885697513384764,0.532812317775782,0.9377409160007852,-6.911371709119249,10.0,0.6666666666666666,1
20261005T183107Z,alpaca_live_path_harvest,12,ASML,TSM,semis,26.66822802987617,0.9706698936762865,2.0885697513384764,0.5294627428350611,1.11789985766219,10.757130887344875,11.0,0.6666666666666666,1
20261005T183107Z,alpaca_live_path_harvest,13,ASML,TSM,semis,27.30175390390898,0.6239802025742396,2.0885697513384764,0.5202985706213034,1.4645895487642369,8.981503590479951,12.0,0.6666666666666666,1
20261005T183107Z,alpaca_live_path_harvest,14,ASML,TSM,semis,27.62878613188838,0.9820097882701055,2.0885697513384764,0.5218519361756296,1.106559963068371,4.527741497984289,13.0,0.6666666666666666,1
20261005T183107Z,alpaca_live_path_harvest,15,ASML,TSM,semis,29.79153030499227,3.9546833352331827,2.0885697513384764,0.503441573963526,-1.8661135838947065,-10.028310239569418,14.0,0.6666666666666666,1
20261005T183107Z,alpaca_live_path_harvest,16,ASML,TSM,semis,29.53449372399153,0.9262133005774036,2.0885697513384764,0.5002922484144811,1.1623564507610729,1.8565015706354644,15.0,0.6666666666666666,1
20261005T183107Z,alpaca_live_path_harvest,17,ASML,TSM,semis,27.27043872080011,1.612325320651649,2.0885697513384764,0.5035428502589302,0.47624443068682754,-2.2583734172743335,16.0,0.6666666666666666,1
20261005T183107Z,alpaca_live_path_harvest,18,ASML,TSM,semis,31.011474734640192,4.179474197864762,2.0885697513384764,0.4764504834203571,-2.090904446526285,-16.978729080862102,17.0,0.6666666666666666,0
20261005T183107Z,alpaca_live_path_harvest,19,ASML,TSM,semis,32.17293576524748,0.555850246219763,2.0885697513384764,0.4694734615494536,1.5327195051187135,2.3396154848218886,18.0,0.6666666666666666,1
20261005T183107Z,alpaca_live_path_harvest,20,ASML,TSM,semis,30.20668249767832,1.9518373831079934,2.0885697513384764,0.47515885175415573,0.136732368230483,9.0800243983977,19.0,0.6666666666666666,1
20261005T183107Z,alpaca_live_path_harvest,21,ASML,TSM,semis,29.048917066088713,3.368256887273237,2.0885697513384764,0.46882928102137456,-1.2796871359347606,-12.444878690950281,20.0,0.6666666666666666,1
20261005T183107Z,alpaca_live_path_harvest,22,ASML,TSM,semis,28.741524764681355,3.0581486636774393,2.0885697513384764,0.4786586349972521,-0.9695789123389627,-7.663130712293833,21.0,0.6666666666666666,1
20261005T183107Z,alpaca_live_path_harvest,23,ASML,TSM,semis,29.070281832843506,2.818824810624311,2.0885697513384764,0.4762966199452394,-0.7302550592858347,6.490985965911205,22.0,0.6666666666666666,1
20261005T183107Z,alpaca_live_path_harvest,24,ASML,TSM,semis,29.29323707846499,2.542676974451024,2.0885697513384764,0.47662301070414476,-0.4541072231125474,-10.124696066064143,23.0,0.6666666666666666,1
20261005T183107Z,alpaca_live_path_harvest,25,ASML,TSM,semis,29.495751423403025,2.6670445128032454,2.0885697513384764,0.4839904644108148,-0.5784747614647688,-3.8211495449401354,24.0,0.6666666666666666,1
20261005T183107Z,alpaca_live_path_harvest,26,ASML,TSM,semis,29.12295316692947,2.6460438773211754,2.0885697513384764,0.5083567459093299,-0.5574741259826989,3.7104412441797194,25.0,0.6666666666666666,1
20261005T183107Z,alpaca_live_path_harvest,27,ASML,TSM,semis,29.85360762668958,3.697366889460042,2.0885697513384764,0.4997684021468964,-1.6087971381215656,-3.666468922772174,26.0,0.6666666666666666,1
20261005T183107Z,alpaca_live_path_harvest,28,ASML,TSM,semis,28.05621055717594,3.0875775749271157,2.0885697513384764,0.4948570954957488,-0.9990078235886394,-1.9634588661932866,27.0,0.6666666666666666,1
20261005T183107Z,alpaca_live_path_harvest,29,ASML,TSM,semis,26.012524159309326,2.309043126490651,2.0885697513384764,0.49528931582637414,-0.22047337515217444,0.5978387887826102,28.0,0.6666666666666666,1
20261005T183107Z,alpaca_live_path_harvest,30,ASML,TSM,semis,25.110807895605635,1.9130705031703694,2.0885697513384764,0.4965151663251767,0.17549924816810708,3.3264257859786084,29.0,0.6666666666666666,1
20261005T183107Z,alpaca_live_path_harvest,31,ASML,TSM,semis,23.984320505959648,1.3073014305973594,2.0885697513384764,0.49723329190580806,0.7812683207411171,6.531364502506494,30.0,0.6666666666666666,1
20261005T183107Z,alpaca_live_path_harvest,32,ASML,TSM,semis,28.52682944040854,0.1607587017374883,2.0885697513384764,0.47858042139965834,1.9278110496009881,19.090344915649574,31.0,0.6666666666666666,1
20261005T183107Z,alpaca_live_path_harvest,33,ASML,TSM,semis,26.01556853494846,2.290791964423501,2.0885697513384764,0.4898262757059389,-0.20222221308502458,4.567698992933174,32.0,0.6666666666666666,1
20261005T183107Z,alpaca_live_path_harvest,34,ASML,TSM,semis,23.66781613347452,3.2409686498667263,2.0885697513384764,0.49412364591924673,-1.1523988985282498,-4.678836729065006,33.0,0.6666666666666666,1
20261005T183107Z,alpaca_live_path_harvest,35,ASML,TSM,semis,24.234467826972647,1.581191939369075,2.0885697513384764,0.5002318126023076,0.5073778119694016,2.452725482844471,34.0,0.6666666666666666,1
20261005T183107Z,alpaca_live_path_harvest,36,ASML,TSM,semis,26.38525517360944,3.972233022228698,2.0885697513384764,0.49278801249124293,-1.8836632708902215,-14.806476035446895,35.0,0.6666666666666666,0
20261005T183107Z,alpaca_live_path_harvest,37,ASML,TSM,semis,27.141497299718424,1.4521655165560419,2.0885697513384764,0.49086881444021585,0.6364042347824345,-6.845959778602082,36.0,0.6666666666666666,1
20261005T183107Z,alpaca_live_path_harvest,38,ASML,TSM,semis,27.285295788498058,2.852540776179569,2.0885697513384764,0.5044036567023407,-0.7639710248410925,-3.5002799410673107,37.0,0.6666666666666666,1
20261005T183107Z,alpaca_live_path_harvest,39,ASML,TSM,semis,27.27391330050512,2.315514371906005,2.0885697513384764,0.5275230608621078,-0.2269446205675285,4.864494089623395,38.0,0.6666666666666666,1
20261005T183107Z,alpaca_live_path_harvest,40,ASML,TSM,semis,27.223446745262425,2.3957545192073275,2.0885697513384764,0.5300757568333563,-0.3071847678688512,-4.8011505783107165,39.0,0.6666666666666666,1
20261005T183107Z,alpaca_live_path_harvest,41,ASML,TSM,semis,27.187532271498707,2.186569395501916,2.0885697513384764,0.5351617883427383,-0.09799964416343948,10.137551370413712,40.0,0.6666666666666666,1
20261005T183107Z,alpaca_live_path_harvest,42,ASML,TSM,semis,26.05537655288549,1.3206599360163938,2.0885697513384764,0.5297546286110626,0.7679098153220828,0.02654978056957589,41.0,0.6666666666666666,1
20261005T183107Z,alpaca_live_path_harvest,43,ASML,TSM,semis,25.487183438773247,2.6464024085037745,2.0885697513384764,0.5298306509317273,-0.557832657165298,0.9598942652890401,42.0,0.6666666666666666,1
20261005T183107Z,alpaca_live_path_harvest,44,ASML,TSM,semis,25.89236583872291,2.717671229466964,2.0885697513384764,0.5280646914107372,-0.6291014781284874,-2.6717161492545527,43.0,0.6666666666666666,1
20261005T183107Z,alpaca_live_path_harvest,45,ASML,TSM,semis,26.786187473450365,1.1486156780035275,2.0885697513384764,0.5189003153935581,0.939954073334949,6.6092843698860175,44.0,0.6666666666666666,1
20261005T183107Z,alpaca_live_path_harvest,46,ASML,TSM,semis,27.49206418922059,0.8597951365769558,2.0885697513384764,0.5082028808335418,1.2287746147615206,6.7537584276356935,45.0,0.6666666666666666,1
20261005T183107Z,alpaca_live_path_harvest,47,ASML,TSM,semis,23.9336810198284,3.0996814019463947,2.0885697513384764,0.516667998713484,-1.0111116506079185,-9.581771749951713,46.0,0.6666666666666666,0
20261005T183107Z,alpaca_live_path_harvest,48,ASML,TSM,semis,25.70226595832457,0.9128840512718213,2.0885697513384764,0.5139211205837461,1.1756857000666552,9.506390803688692,47.0,0.6666666666666666,1
20261005T183107Z,alpaca_live_path_harvest,49,ASML,TSM,semis,24.708577638427364,2.493490295296634,2.0885697513384764,0.5129796186093784,-0.4049205439581576,1.554546580221313,48.0,0.6666666666666666,1
20261005T183107Z,alpaca_live_path_harvest,50,ASML,TSM,semis,25.00960421904201,1.2807068216790043,2.0885697513384764,0.5092939856642555,0.8078629296594722,-0.7613079913532147,49.0,0.6666666666666666,1
20261005T183107Z,alpaca_live_path_harvest,51,ASML,TSM,semis,20.95194396892626,2.6356559377380466,2.0885697513384764,0.5101370854287005,-0.5470861863995702,-9.393026090721696,50.0,0.6666666666666666,0
20261005T183107Z,alpaca_live_path_harvest,1,STX,SNDK,memory,12.64432088385539,0.0,2.00970075732317,0.6857711328440147,-2.00970075732317,-5.8310595616614815,0.0,0.6666666666666666,1
20261005T183107Z,alpaca_live_path_harvest,2,STX,SNDK,memory,12.78641264134376,2.36284469248958,2.00970075732317,0.6930389622420225,0.35314393516640985,0.4790229489956346,1.0,0.6666666666666666,1
20261005T183107Z,alpaca_live_path_harvest,3,STX,SNDK,memory,13.145940757292317,-0.25559460903032605,2.00970075732317,0.6491950679142721,-2.265295366353496,-8.095096499738371,2.0,0.6666666666666666,1
20261005T183107Z,alpaca_live_path_harvest,4,STX,SNDK,memory,13.501372660603472,0.4260566056965194,2.00970075732317,0.6428154384179163,-1.5836441516266506,-5.905876719730043,3.0,0.6666666666666666,1
20261005T183107Z,alpaca_live_path_harvest,5,STX,SNDK,memory,13.517348588170364,1.7212912105859313,2.00970075732317,0.6464746350299048,-0.28840954673723873,-1.0960365948507502,4.0,0.6666666666666666,1
20261005T183107Z,alpaca_live_path_harvest,6,STX,SNDK,memory,13.603731455041224,1.0493507117315102,2.00970075732317,0.6446244068266112,-0.9603500455916599,2.955987977331483,5.0,0.6666666666666666,1
20261005T183107Z,alpaca_live_path_harvest,7,STX,SNDK,memory,14.303821400256814,2.696606124229093,2.00970075732317,0.6387615513688932,0.686905366905923,0.9375036401292505,6.0,0.6666666666666666,1
20261005T183107Z,alpaca_live_path_harvest,8,STX,SNDK,memory,14.108336085004224,1.9218324460871314,2.00970075732317,0.6711922447610922,-0.08786831123603857,6.9513810262189395,7.0,0.6666666666666666,1
20261005T183107Z,alpaca_live_path_harvest,9,STX,SNDK,memory,13.942953109956207,1.8815280787851294,2.00970075732317,0.6760691505774449,-0.12817267853804062,4.435750533609564,8.0,0.6666666666666666,1
20261005T183107Z,alpaca_live_path_harvest,10,STX,SNDK,memory,13.918136528762378,1.520871627328844,2.00970075732317,0.6760874278798286,-0.48882912999432604,-0.5097541702840658,9.0,0.6666666666666666,1
20261005T183107Z,alpaca_live_path_harvest,11,STX,SNDK,memory,14.13809055819081,2.393106789608221,2.00970075732317,0.6715646591389733,0.38340603228505077,3.9276659338409217,10.0,0.6666666666666666,1
20261005T183107Z,alpaca_live_path_harvest,12,STX,SNDK,memory,15.143726021803385,0.09191202886599603,2.00970075732317,0.6558941315413983,-1.917788728457174,-7.92977045147195,11.0,0.6666666666666666,1
20261005T183107Z,alpaca_live_path_harvest,13,STX,SNDK,memory,14.840506071773468,1.167558244926326,2.00970075732317,0.6578383414773444,-0.8421425123968439,-2.4431873300556277,12.0,0.6666666666666666,1
20261005T183107Z,alpaca_live_path_harvest,14,STX,SNDK,memory,14.705576566646883,2.4292089327375153,2.00970075732317,0.6567639971956152,0.4195081754143454,1.0571883117904008,13.0,0.6666666666666666,1
20261005T183107Z,alpaca_live_path_harvest,15,STX,SNDK,memory,16.602673741682594,3.68509111613204,2.00970075732317,0.6346683037145572,1.6753903588088699,5.781996256251159,14.0,0.6666666666666666,1
20261005T183107Z,alpaca_live_path_harvest,16,STX,SNDK,memory,16.586673291124537,3.325419938754715,2.00970075732317,0.6232051020546898,1.315719181431545,2.3570493462554736,15.0,0.6666666666666666,1
20261005T183107Z,alpaca_live_path_harvest,17,STX,SNDK,memory,16.70345506757557,2.7249830901262166,2.00970075732317,0.6209058965793209,0.7152823328030466,7.4693482782859295,16.0,0.6666666666666666,1
20261005T183107Z,alpaca_live_path_harvest,18,STX,SNDK,memory,17.426460042777894,4.543244800905796,2.00970075732317,0.5874529408378146,2.533544043582626,10.153941660673457,17.0,0.6666666666666666,0
20261005T183107Z,alpaca_live_path_harvest,19,STX,SNDK,memory,16.182049884060426,1.7108487770402063,2.00970075732317,0.5885673234866947,-0.2988519802829636,-1.7787728997412842,18.0,0.6666666666666666,1
20261005T183107Z,alpaca_live_path_harvest,20,STX,SNDK,memory,23.69149540833904,-1.4929902771681265,2.00970075732317,0.5325443103509242,-3.5026910344912965,-17.43803878190464,19.0,0.6666666666666666,1
20261005T183107Z,alpaca_live_path_harvest,21,STX,SNDK,memory,25.018540834670784,0.3084078069906391,2.00970075732317,0.5287567161493284,-1.701292950332531,-10.428329155465928,20.0,0.6666666666666666,1
20261005T183107Z,alpaca_live_path_harvest,22,STX,SNDK,memory,24.712587184490637,1.8898734973116509,2.00970075732317,0.5306434466305003,-0.11982726001151914,-2.7802580685707996,21.0,0.6666666666666666,1
20261005T183107Z,alpaca_live_path_harvest,23,STX,SNDK,memory,28.23425571012615,4.5124113243641,2.00970075732317,0.5100746705557964,2.5027105670409298,2.184356206289601,22.0,0.6666666666666666,0
20261005T183107Z,alpaca_live_path_harvest,24,STX,SNDK,memory,28.24476017599374,1.9224238626861658,2.00970075732317,0.5150082408656697,-0.0872768946370042,0.18036742483415083,23.0,0.6666666666666666,1
20261005T183107Z,alpaca_live_path_harvest,25,STX,SNDK,memory,28.366274612394825,2.6575499759849155,2.00970075732317,0.5135997812694442,0.6478492186617454,15.09392885910322,24.0,0.6666666666666666,1
20261005T183107Z,alpaca_live_path_harvest,26,STX,SNDK,memory,28.42675952483621,2.555302655803575,2.00970075732317,0.5148326252345883,0.545601898480405,8.73748691532121,25.0,0.6666666666666666,1
20261005T183107Z,alpaca_live_path_harvest,27,STX,SNDK,memory,27.283851279313083,2.327492130873825,2.00970075732317,0.5158592862816023,0.317791373550655,1.95625080038061,26.0,0.6666666666666666,1
20261005T183107Z,alpaca_live_path_harvest,28,STX,SNDK,memory,28.15465728438336,0.7598458210768186,2.00970075732317,0.5077264265728175,-1.2498549362463514,-15.328622819272733,27.0,0.6666666666666666,1
20261005T183107Z,alpaca_live_path_harvest,29,STX,SNDK,memory,28.167076813862064,2.452582641895286,2.00970075732317,0.5072978932836945,0.44288188457211564,1.8951167781010554,28.0,0.6666666666666666,1
20261005T183107Z,alpaca_live_path_harvest,30,STX,SNDK,memory,27.561306543863743,2.183989452888714,2.00970075732317,0.5076290758144015,0.17428869556554402,-2.1006374104074097,29.0,0.6666666666666666,1
20261005T183107Z,alpaca_live_path_harvest,31,STX,SNDK,memory,27.562205532265114,3.005285469874763,2.00970075732317,0.5048250357445015,0.9955847125515926,1.69482921110573,30.0,0.6666666666666666,1
20261005T183107Z,alpaca_live_path_harvest,32,STX,SNDK,memory,27.482648947131675,2.3234274205926218,2.00970075732317,0.5138873257141947,0.31372666326945187,-0.14453713099987908,31.0,0.6666666666666666,1
20261005T183107Z,alpaca_live_path_harvest,33,STX,SNDK,memory,26.105211469658446,0.8640625874689725,2.00970075732317,0.5081240736172692,-1.1456381698541975,0.39941020345415834,32.0,0.6666666666666666,1
20261005T183107Z,alpaca_live_path_harvest,34,STX,SNDK,memory,26.217715901255957,1.4630990026539705,2.00970075732317,0.5060710289426351,-0.5466017546691994,-3.884775965695462,33.0,0.6666666666666666,1
20261005T183107Z,alpaca_live_path_harvest,35,STX,SNDK,memory,20.580409870504496,1.5976203270747584,2.00970075732317,0.5103989493568762,-0.4120804302484115,-2.3448570921134433,34.0,0.6666666666666666,1
20261005T183107Z,alpaca_live_path_harvest,36,STX,SNDK,memory,18.540472660880077,2.569501791145726,2.00970075732317,0.5131321039825832,0.559801033822556,-1.7505689028132907,35.0,0.6666666666666666,1
20261005T183107Z,alpaca_live_path_harvest,37,STX,SNDK,memory,20.07086465610866,3.6316072287838415,2.00970075732317,0.502488513154075,1.6219064714606717,5.7174501363748504,36.0,0.6666666666666666,0
20261005T183107Z,alpaca_live_path_harvest,38,STX,SNDK,memory,16.86069261049601,1.111833903982911,2.00970075732317,0.5148059204633809,-0.8978668533402588,0.8326872323022485,37.0,0.6666666666666666,1
20261005T183107Z,alpaca_live_path_harvest,39,STX,SNDK,memory,17.11735813704729,2.6541040346738405,2.00970075732317,0.5125530926453199,0.6444032773506705,5.031163307818008,38.0,0.6666666666666666,1
20261005T183107Z,alpaca_live_path_harvest,40,STX,SNDK,memory,17.23966236852064,1.4756671904417926,2.00970075732317,0.561331605633274,-0.5340335668813775,-0.6246832730852361,39.0,0.6666666666666666,1
20261005T183107Z,alpaca_live_path_harvest,41,STX,SNDK,memory,17.480287855387747,2.738940634010956,2.00970075732317,0.579643394227884,0.7292398766877859,0.9778675846064516,40.0,0.6666666666666666,1
20261005T183107Z,alpaca_live_path_harvest,42,STX,SNDK,memory,17.40958703688037,2.080543832669622,2.00970075732317,0.5804901193346628,0.07084307534645233,-6.600241922507189,41.0,0.6666666666666666,1
20261005T183107Z,alpaca_live_path_harvest,43,STX,SNDK,memory,16.288508487206013,2.8171129296693636,2.00970075732317,0.6225731288908192,0.8074121723461936,7.581890726945846,42.0,0.6666666666666666,0
20261005T183107Z,alpaca_live_path_harvest,44,STX,SNDK,memory,16.546393342750708,2.6475590876753774,2.00970075732317,0.6195977380810587,0.6378583303522074,0.3852163717671374,43.0,0.6666666666666666,1
20261005T183107Z,alpaca_live_path_harvest,45,STX,SNDK,memory,17.209619323119263,1.227329371931997,2.00970075732317,0.614934872005175,-0.7823713853911729,-0.377145494524359,44.0,0.6666666666666666,1
20261005T183107Z,alpaca_live_path_harvest,46,STX,SNDK,memory,16.638538822445078,1.7215141063208457,2.00970075732317,0.6161674485482317,-0.28818665100232427,-3.9129088378417918,45.0,0.6666666666666666,1
20261005T183107Z,alpaca_live_path_harvest,47,STX,SNDK,memory,17.157140308533858,1.1728988965751008,2.00970075732317,0.6103442272679471,-0.8368018607480693,-3.4942760315193255,46.0,0.6666666666666666,1
20261005T183107Z,alpaca_live_path_harvest,48,STX,SNDK,memory,16.182071351755813,2.6241065105829264,2.00970075732317,0.6240754100500109,0.6144057532597567,-0.7117609577925122,47.0,0.6666666666666666,1
20261005T183107Z,alpaca_live_path_harvest,49,STX,SNDK,memory,16.133906304881688,1.417062975613492,2.00970075732317,0.6207674956726967,-0.592637781709678,-5.258835311321354,48.0,0.6666666666666666,1
20261005T183107Z,alpaca_live_path_harvest,50,STX,SNDK,memory,15.935035057842668,1.7214180754641064,2.00970075732317,0.619948197366391,-0.28828268185906364,1.9326141539483046,49.0,0.6666666666666666,1
20261005T183107Z,alpaca_live_path_harvest,51,STX,SNDK,memory,16.318311696237163,2.8012297383078124,2.00970075732317,0.6210404695258939,0.7915289809846423,4.434194326519787,50.0,0.6666666666666666,0
20261005T183107Z,alpaca_live_path_harvest,52,STX,SNDK,memory,14.539339572404355,0.0,1.5938098512905159,0.6376546192054405,1.5938098512905159,3.039909413441751,0.0,0.13333333333333333,1
20261005T183107Z,alpaca_live_path_harvest,53,STX,SNDK,memory,15.435476181690092,2.6762667782123666,1.5938098512905159,0.6301531083253104,-1.082456926921851,-1.584385479052105,1.0,0.13333333333333333,1
20261005T183107Z,alpaca_live_path_harvest,54,STX,SNDK,memory,16.694771974270278,3.857017005701568,1.5938098512905159,0.60144679716905,-2.2632071544110524,-7.51853445996353,2.0,0.13333333333333333,1
20261005T183107Z,alpaca_live_path_harvest,55,STX,SNDK,memory,16.10358582301217,1.2908842124526478,1.5938098512905159,0.603311785883053,0.302925638837868,0.5689181762508042,3.0,0.13333333333333333,1
20261005T183107Z,alpaca_live_path_harvest,56,STX,SNDK,memory,20.43927197435609,4.203740004782019,1.5938098512905159,0.5643574104725595,-2.6099301534915034,-12.063447345960402,4.0,0.13333333333333333,0
20261005T183107Z,alpaca_live_path_harvest,57,STX,SNDK,memory,21.654292782458278,0.1464486773821594,1.5938098512905159,0.5549250135965504,1.4473611739083565,0.10364739824377693,5.0,0.13333333333333333,1
20261005T183107Z,alpaca_live_path_harvest,58,STX,SNDK,memory,21.387770055656457,0.5673951604390761,1.5938098512905159,0.5533564905068579,1.0264146908514398,7.047591921076446,6.0,0.13333333333333333,1
20261005T183107Z,alpaca_live_path_harvest,59,STX,SNDK,memory,21.33733624028663,1.6788493428901465,1.5938098512905159,0.5708468364983434,-0.08503949159963076,7.363595248179285,7.0,0.13333333333333333,1
20261005T183107Z,alpaca_live_path_harvest,60,STX,SNDK,memory,21.467357047312696,0.7366766250817092,1.5938098512905159,0.5727128580703609,0.8571332262088067,2.204449170437897,8.0,0.13333333333333333,1
20261005T183107Z,alpaca_live_path_harvest,61,STX,SNDK,memory,21.430290782181398,1.6893377557614442,1.5938098512905159,0.5744470301669488,-0.09552790447092822,9.431692309880713,9.0,0.13333333333333333,0
20261005T183107Z,alpaca_live_path_harvest,62,STX,SNDK,memory,22.415531710484945,0.21819414428152428,1.5938098512905159,0.5645574178443135,1.3756157070089916,0.17106613460908876,10.0,0.13333333333333333,0
20261005T183107Z,alpaca_live_path_harvest,1,AMZN,CRM,hyperscaler,3.9120079026071273,0.0,2.2042440339013027,0.6588251531640358,2.2042440339013027,2.0933337750136616,0.0,0.6666666666666666,1
20261005T183107Z,alpaca_live_path_harvest,2,AMZN,CRM,hyperscaler,3.6311237209544314,1.7804865622242445,2.2042440339013027,0.6586595988643128,0.4237574716770583,-0.7822917773392533,1.0,0.6666666666666666,1
20261005T183107Z,alpaca_live_path_harvest,3,AMZN,CRM,hyperscaler,3.4902167006615565,2.204282821651848,2.2042440339013027,0.6581756132605115,-3.878775054543802e-05,-0.9107398830529349,2.0,0.6666666666666666,1
20261005T183107Z,alpaca_live_path_harvest,4,AMZN,CRM,hyperscaler,4.657048436865303,-0.45644640787085367,2.2042440339013027,0.612844857592152,2.6606904417721564,2.3185651437515844,3.0,0.6666666666666666,1
20261005T183107Z,alpaca_live_path_harvest,5,AMZN,CRM,hyperscaler,4.748289671849585,3.108015532369266,2.2042440339013027,0.6023495287954053,-0.903771498467963,-0.4072065591254443,4.0,0.6666666666666666,1
20261005T183107Z,alpaca_live_path_harvest,6,AMZN,CRM,hyperscaler,4.902936989800578,0.7811230116247276,2.2042440339013027,0.593876023969345,1.423121022276575,-0.4630047621792414,5.0,0.6666666666666666,1
20261005T183107Z,alpaca_live_path_harvest,7,AMZN,CRM,hyperscaler,4.975942652957385,0.8184124233591479,2.2042440339013027,0.5959803993162707,1.3858316105421549,1.2111192054044408,6.0,0.6666666666666666,1
20261005T183107Z,alpaca_live_path_harvest,8,AMZN,CRM,hyperscaler,4.984635878403315,2.4416759085020034,2.2042440339013027,0.59643562977388,-0.2374318746007008,-0.10198550014123384,7.0,0.6666666666666666,1
20261005T183107Z,alpaca_live_path_harvest,9,AMZN,CRM,hyperscaler,5.023835581962211,2.54614921681004,2.2042440339013027,0.5958542140861343,-0.34190518290873706,-2.958979445572834,8.0,0.6666666666666666,1
20261005T183107Z,alpaca_live_path_harvest,10,AMZN,CRM,hyperscaler,5.280198293134206,3.0057482460576868,2.2042440339013027,0.5947585326432574,-0.8015042121563839,0.1301940544783406,9.0,0.6666666666666666,1
20261005T183107Z,alpaca_live_path_harvest,11,AMZN,CRM,hyperscaler,5.230379681231334,1.295640437258467,2.2042440339013027,0.5945755237364304,0.9086035966428359,-0.5155158355867115,10.0,0.6666666666666666,1
20261005T183107Z,alpaca_live_path_harvest,12,AMZN,CRM,hyperscaler,5.332742846990824,2.7001010492562223,2.2042440339013027,0.5927775982739913,-0.4958570153549196,-1.9492384695703493,11.0,0.6666666666666666,1
20261005T183107Z,alpaca_live_path_harvest,13,AMZN,CRM,hyperscaler,5.45777732991196,0.8529857345693981,2.2042440339013027,0.5881722176446134,1.3512582993319047,1.5959995037908925,12.0,0.6666666666666666,1
20261005T183107Z,alpaca_live_path_harvest,14,AMZN,CRM,hyperscaler,5.538914635577035,2.479312627505483,2.2042440339013027,0.5872245495716358,-0.27506859360417996,0.035535603266998804,13.0,0.6666666666666666,1
20261005T183107Z,alpaca_live_path_harvest,15,AMZN,CRM,hyperscaler,6.049896621934025,-0.13892037439052984,2.2042440339013027,0.5605174665967283,2.3431644082918326,3.43323947625496,14.0,0.6666666666666666,1
20261005T183107Z,alpaca_live_path_harvest,16,AMZN,CRM,hyperscaler,5.847848385331026,2.3523762160363275,2.2042440339013027,0.5614764152595726,-0.1481321821350247,-0.9868040545469512,15.0,0.6666666666666666,1
20261005T183107Z,alpaca_live_path_harvest,17,AMZN,CRM,hyperscaler,5.865599604174091,1.4411861189322959,2.2042440339013027,0.5618382367216911,0.7630579149690069,1.446666352935773,16.0,0.6666666666666666,1
20261005T183107Z,alpaca_live_path_harvest,18,AMZN,CRM,hyperscaler,6.2541120969971065,0.1482613148146359,2.2042440339013027,0.5448481023552837,2.055982719086667,1.0373217825888275,17.0,0.6666666666666666,1
20261005T183107Z,alpaca_live_path_harvest,19,AMZN,CRM,hyperscaler,6.518124235249058,4.362834941835493,2.2042440339013027,0.5178827278813422,-2.15859090793419,-1.6596381492866557,18.0,0.6666666666666666,1
20261005T183107Z,alpaca_live_path_harvest,20,AMZN,CRM,hyperscaler,6.274324037381333,2.429765576691075,2.2042440339013027,0.5214126918209108,-0.22552154278977213,-2.574706438251417,19.0,0.6666666666666666,1
20261005T183107Z,alpaca_live_path_harvest,21,AMZN,CRM,hyperscaler,7.43214129673124,4.909974058289459,2.2042440339013027,0.49109049099819646,-2.7057300243881564,-2.7666216279920093,20.0,0.6666666666666666,0
20261005T183107Z,alpaca_live_path_harvest,22,AMZN,CRM,hyperscaler,7.346074793921721,3.1934558087022937,2.2042440339013027,0.48647116557865205,-0.9892117748009911,-1.903526609736275,21.0,0.6666666666666666,1
20261005T183107Z,alpaca_live_path_harvest,23,AMZN,CRM,hyperscaler,7.348736627688667,2.5870592296955364,2.2042440339013027,0.4860979003979746,-0.3828151957942336,-2.6745272086977137,22.0,0.6666666666666666,1
20261005T183107Z,alpaca_live_path_harvest,24,AMZN,CRM,hyperscaler,7.472319838139619,1.392269998235502,2.2042440339013027,0.5024690149539641,0.8119740356658008,3.096559117858817,23.0,0.6666666666666666,1
20261005T183107Z,alpaca_live_path_harvest,25,AMZN,CRM,hyperscaler,7.540743679480661,3.2968491309421193,2.2042440339013027,0.5013290066302122,-1.0926050970408165,-1.1304801050149251,24.0,0.6666666666666666,1
20261005T183107Z,alpaca_live_path_harvest,26,AMZN,CRM,hyperscaler,7.606632166106207,3.286724877127692,2.2042440339013027,0.5024540933141503,-1.0824808432263893,1.734992407683933,25.0,0.6666666666666666,1
20261005T183107Z,alpaca_live_path_harvest,27,AMZN,CRM,hyperscaler,7.842345514166021,1.0782209103982558,2.2042440339013027,0.5014078523345019,1.126023123503047,2.508849201309431,26.0,0.6666666666666666,1
20261005T183107Z,alpaca_live_path_harvest,28,AMZN,CRM,hyperscaler,7.645475881769268,2.4822559690687207,2.2042440339013027,0.5015350132522697,-0.27801193516741796,0.12880821008455995,27.0,0.6666666666666666,1
20261005T183107Z,alpaca_live_path_harvest,29,AMZN,CRM,hyperscaler,7.663144976878506,1.9359901999556575,2.2042440339013027,0.5012478582962798,0.2682538339456453,-0.6260206348154895,28.0,0.6666666666666666,1
20261005T183107Z,alpaca_live_path_harvest,30,AMZN,CRM,hyperscaler,6.945765511451231,1.5727233122118505,2.2042440339013027,0.5016102970452344,0.6315207216894523,2.081316608428159,29.0,0.6666666666666666,1
20261005T183107Z,alpaca_live_path_harvest,31,AMZN,CRM,hyperscaler,6.988664022525722,1.94568517486462,2.2042440339013027,0.5030012312332496,0.25855885903668274,1.664416455778769,30.0,0.6666666666666666,1
20261005T183107Z,alpaca_live_path_harvest,32,AMZN,CRM,hyperscaler,6.978636655747572,3.2963665433368767,2.2042440339013027,0.49941017587044706,-1.0921225094355738,-2.6245821940647374,31.0,0.6666666666666666,1
20261005T183107Z,alpaca_live_path_harvest,33,AMZN,CRM,hyperscaler,6.103631245039805,3.3016703135333727,2.2042440339013027,0.5005912189904587,-1.09742627963207,-0.9800164234603415,32.0,0.6666666666666666,1
20261005T183107Z,alpaca_live_path_harvest,34,AMZN,CRM,hyperscaler,6.264440799544157,4.117925474949602,2.2042440339013027,0.4850817387896053,-1.9136814410482994,-2.7953416373452002,33.0,0.6666666666666666,0
20261005T183107Z,alpaca_live_path_harvest,35,AMZN,CRM,hyperscaler,6.633897065065593,1.3122375951055298,2.2042440339013027,0.5027154976090961,0.8920064387957728,0.32724195851336046,34.0,0.6666666666666666,1
20261005T183107Z,alpaca_live_path_harvest,36,AMZN,CRM,hyperscaler,5.634956959025378,2.36317032708685,2.2042440339013027,0.50265891761632,-0.1589262931855469,-0.563518590625597,35.0,0.6666666666666666,1
20261005T183107Z,alpaca_live_path_harvest,37,AMZN,CRM,hyperscaler,5.570480353485629,2.8346647485967615,2.2042440339013027,0.5066436731932132,-0.630420714695459,0.4100295066426952,36.0,0.6666666666666666,1
20261005T183107Z,alpaca_live_path_harvest,38,AMZN,CRM,hyperscaler,6.317218285572519,0.6558014260689282,2.2042440339013027,0.5102131522486563,1.5484426078323745,3.3337288340947735,37.0,0.6666666666666666,1
20261005T183107Z,alpaca_live_path_harvest,39,AMZN,CRM,hyperscaler,6.437057245901572,3.450278088602822,2.2042440339013027,0.5147719919130773,-1.2460340547015192,0.732106569984586,38.0,0.6666666666666666,1
20261005T183107Z,alpaca_live_path_harvest,40,AMZN,CRM,hyperscaler,6.524511302898321,3.2998654983839044,2.2042440339013027,0.5105790210362401,-1.095621464482602,-2.6976401610109804,39.0,0.6666666666666666,1
20261005T183107Z,alpaca_live_path_harvest,41,AMZN,CRM,hyperscaler,6.466595595339424,1.7230304685411837,2.2042440339013027,0.5351015006173824,0.48121356536011894,0.7414788055872975,40.0,0.6666666666666666,1
20261005T183107Z,alpaca_live_path_harvest,42,AMZN,CRM,hyperscaler,6.236250812495262,1.5983886714907078,2.2042440339013027,0.5340883676034192,0.605855362410595,1.5718793911724505,41.0,0.6666666666666666,1
20261005T183107Z,alpaca_live_path_harvest,43,AMZN,CRM,hyperscaler,6.238774228264433,2.4399317030482037,2.2042440339013027,0.5341809138142073,-0.23568766914690104,-2.4323430242433743,42.0,0.6666666666666666,1
20261005T183107Z,alpaca_live_path_harvest,44,AMZN,CRM,hyperscaler,6.565577494795164,3.58502890787617,2.2042440339013027,0.5283560081720917,-1.3807848739748672,-0.2802231434023156,43.0,0.6666666666666666,0
20261005T183107Z,alpaca_live_path_harvest,45,AMZN,CRM,hyperscaler,6.538066135604973,1.5340985430853584,2.2042440339013027,0.5276352723828268,0.6701454908159443,2.284791101578429,44.0,0.6666666666666666,1
20261005T183107Z,alpaca_live_path_harvest,46,AMZN,CRM,hyperscaler,6.450860323496156,2.5094840818287207,2.2042440339013027,0.5318916135382391,-0.305240047927418,-1.1306206425087795,45.0,0.6666666666666666,1
20261005T183107Z,alpaca_live_path_harvest,47,AMZN,CRM,hyperscaler,6.653411938663509,1.1995277968087177,2.2042440339013027,0.5355421579575401,1.004716237092585,0.36128781594703696,46.0,0.6666666666666666,1
20261005T183107Z,alpaca_live_path_harvest,48,AMZN,CRM,hyperscaler,6.61492402854102,2.92097307879716,2.2042440339013027,0.532128614069201,-0.716729044895857,-0.7438072014497322,47.0,0.6666666666666666,0
20261005T183107Z,alpaca_live_path_harvest,49,AMZN,CRM,hyperscaler,5.941884894135862,2.502008087436208,2.2042440339013027,0.5335983736505366,-0.2977640535349052,1.3957618128582623,48.0,0.6666666666666666,1
20261005T183107Z,alpaca_live_path_harvest,50,AMZN,CRM,hyperscaler,5.731649594393686,2.8219101575038215,2.2042440339013027,0.5381004882802637,-0.6176661236025187,-1.745535176599401,49.0,0.6666666666666666,0
20261005T183107Z,alpaca_live_path_harvest,51,AMZN,CRM,hyperscaler,5.898195857845991,1.456396383116465,2.2042440339013027,0.5347492075612629,0.7478476507848377,1.3354603296145342,50.0,0.6666666666666666,0
